"clientName","clientAppId","status","isMicrosoft","isThirdParty","isHomeTenant","isHidden","publisher","publisherDomain","publisherDomainMatchesMicrosoft","publisherDomainMatchesTenant","verifiedPublisherName","verifiedPublisherId","appOwnerOrgId","msOwnerOrgMatch","msPublisherMatch","verifiedPublisherMatchesMicrosoft","msHasIntegratedTag","msHasGalleryTag","msKnownAppId","servicePrincipalType","servicePrincipalNames","servicePrincipalNameMatchesMicrosoft","servicePrincipalNameMatchesTenant","servicePrincipalTags","notes","ssoState","staleApp","tags","adminScopes","userScopes","userCount"
"Demo Intune Registry Builder | headsinthecloud.blog","d0d78973-2718-4592-b4f7-716d4e195fc1","fail","False","True","False","False","Daniel Fraubaum",,"False","False",,,"758980df-792f-46af-89e9-62dffd5a722a","False","False","False","True","False",,"Application","d0d78973-2718-4592-b4f7-716d4e195fc1","False","False","WindowsAzureActiveDirectoryIntegratedApp",,"OpenID Connect","False","Admin Consent;user-perm: 0;user-count: 0;3rd Party","Microsoft Graph:DeviceManagementApps.ReadWrite.All;Microsoft Graph:DeviceManagementConfiguration.ReadWrite.All;Microsoft Graph:DeviceManagementScripts.ReadWrite.All;Microsoft Graph:offline_access;Microsoft Graph:openid;Microsoft Graph:profile","","0"
"Windows Virtual Desktop Client","fa4345a4-a730-4230-84a8-7d9651b86739","warn","True","False","False","False","MS Azure Cloud",,"False","False",,,"33e01921-4d64-4f8c-a055-5bdaffd5e33d","False","False","False","True","False","fa4345a4-a730-4230-84a8-7d9651b86739","Application","fa4345a4-a730-4230-84a8-7d9651b86739","False","False","WindowsAzureActiveDirectoryIntegratedApp",,"OpenID Connect","False","Admin Consent;user-perm: 0;user-count: 0;Microsoft","Windows Azure Active Directory:User.Read;Windows Virtual Desktop:user_impersonation","","0"
"Intune Automated Hash Upload","9355a84d-f4f7-4874-a560-29b4bf570d65","pass","False","False","True","True","Base-IT Intune.cc",,"False","False",,,"a65f6b72-abef-4f0b-88d6-3256be9a72d1","False","False","False","True","False",,"Application","9355a84d-f4f7-4874-a560-29b4bf570d65","False","False","WindowsAzureActiveDirectoryIntegratedApp;HideApp",,"Disabled","True","Hidden;staleApps;Admin Consent;user-perm: 0;user-count: 0;Home Tenant","Microsoft Graph:User.Read","","0"
"Swift","5926a17c-d17e-4138-a296-2b2304d9f838","pass","False","False","True","False","Base-IT Intune.cc","swift.intune.cc","False","True",,,"a65f6b72-abef-4f0b-88d6-3256be9a72d1","False","False","False","True","False",,"Application","5926a17c-d17e-4138-a296-2b2304d9f838;https://swift.intune.cc","False","True","WindowsAzureActiveDirectoryIntegratedApp;WindowsAzureActiveDirectoryCustomSingleSignOnApplication;WindowsAzureActiveDirectoryOnPremApp",,"OpenID Connect","False","Admin Consent;user-perm: 0;user-count: 0;Home Tenant","Microsoft Graph:User.Read","","0"
"ar-MyWorkID-frontend","434903d7-ec64-4c31-b17c-291c1c16bf23","warn","False","False","True","False","Base-IT Intune.cc",,"False","False",,,"a65f6b72-abef-4f0b-88d6-3256be9a72d1","False","False","False","False","False",,"Application","434903d7-ec64-4c31-b17c-291c1c16bf23","False","False","",,"OpenID Connect","True","staleApps;Admin Consent;user-perm: 0;user-count: 0;Home Tenant","ar-MyWorkID-backend:Access;Microsoft Graph:User.Read","","0"
"Veeam Data Cloud EMEA","cee5f3e2-1744-47f7-a369-56a2e6d9f82b","warn","True","False","False","False","CTG Cirrus ","cirrusbackup.onmicrosoft.com","False","False","CT4 PTY LTD","4294976","765d554b-700c-43e4-8800-64c5d94f17fc","False","False","False","True","False",,"Application","cee5f3e2-1744-47f7-a369-56a2e6d9f82b;https://cirrusbackup.onmicrosoft.com/cirrus-frontend-api-prduk","True","False","WindowsAzureActiveDirectoryIntegratedApp",,"OpenID Connect","False","Admin Consent;User Consent;user-perm: 6;user-count: 1;Microsoft","Microsoft Graph:email;Microsoft Graph:offline_access;Microsoft Graph:openid;Microsoft Graph:profile","Microsoft Graph:Domain.Read.All;Microsoft Graph:offline_access;Microsoft Graph:openid;Microsoft Graph:profile;Microsoft Graph:Reports.Read.All;Microsoft Graph:User.Read.All","1"
"200855forpedemosharepoint","0f0cc56a-2729-443a-94e2-f2ead159b581","warn","False","False","True","True","Base-IT Intune.cc",,"False","False",,,"a65f6b72-abef-4f0b-88d6-3256be9a72d1","False","False","False","True","False",,"Application","0f0cc56a-2729-443a-94e2-f2ead159b581","False","False","WindowsAzureActiveDirectoryIntegratedApp;HideApp",,"OpenID Connect","True","Hidden;staleApps;Admin Consent;user-perm: 0;user-count: 0;Home Tenant","Microsoft Graph:Files.Read.All;Microsoft Graph:Sites.Read.All;Microsoft Graph:User.Read","","0"
"IDEMIA ID-One Trust","777d1bbc-c5c4-4da6-bb7a-3bad7cdc8e5f","pass","False","True","False","False","myidemia",,"False","False","IDEMIA Public Security France","5255667","7694d41c-5504-43d9-9e40-cb254ad755ec","False","False","False","True","False",,"Application","777d1bbc-c5c4-4da6-bb7a-3bad7cdc8e5f","False","False","WindowsAzureActiveDirectoryIntegratedApp",,"OpenID Connect","False","User Consent;user-perm: 4;user-count: 1;3rd Party","","Microsoft Graph:offline_access;Microsoft Graph:openid;Microsoft Graph:profile;Microsoft Graph:User.Read","1"
"base-IT-Informationhub-AI-Demo-ForPe","90709c9f-f1f1-4ea6-bdee-330b94e3d49b","pass","False","False","True","False","Base-IT Intune.cc",,"False","False",,,"a65f6b72-abef-4f0b-88d6-3256be9a72d1","False","False","False","True","False",,"Application","90709c9f-f1f1-4ea6-bdee-330b94e3d49b","False","False","WindowsAzureActiveDirectoryIntegratedApp",,"OpenID Connect","True","staleApps;User Consent;user-perm: 4;user-count: 1;Home Tenant","","Microsoft Graph:offline_access;Microsoft Graph:openid;Microsoft Graph:profile;Microsoft Graph:User.Read","1"
"Checkmk Monitoring","e1a28a42-8fbe-476b-80b6-fa3b2a2da4c4","pass","False","False","True","True","Base-IT Intune.cc",,"False","False",,,"a65f6b72-abef-4f0b-88d6-3256be9a72d1","False","False","False","True","False",,"Application","e1a28a42-8fbe-476b-80b6-fa3b2a2da4c4","False","False","HideApp;WindowsAzureActiveDirectoryIntegratedApp",,"Disabled","False","Hidden;Admin Consent;user-perm: 0;user-count: 0;Home Tenant","Microsoft Graph:User.Read","","0"
"Microsoft Pin Reset Service Production","b8456c59-1230-44c7-a4a2-99b085333e84","warn","True","False","False","False","Microsoft","cred.microsoft.com","True","False",,,"72f988bf-86f1-41af-91ab-2d7cd011db47","True","True","False","True","False","b8456c59-1230-44c7-a4a2-99b085333e84","Application","b8456c59-1230-44c7-a4a2-99b085333e84;https://cred.microsoft.com/","True","False","WindowsAzureActiveDirectoryIntegratedApp",,"OpenID Connect","False","Admin Consent;user-perm: 0;user-count: 0;Microsoft","Windows Azure Active Directory:Directory.Read.All;Windows Azure Active Directory:User.Read","","0"
"PnP Rocks","45582b79-50a8-49bf-a8bc-c24b9bbac7af","fail","False","False","True","False","Base-IT Intune.cc",,"False","False",,,"a65f6b72-abef-4f0b-88d6-3256be9a72d1","False","False","False","True","False",,"Application","45582b79-50a8-49bf-a8bc-c24b9bbac7af","False","False","WindowsAzureActiveDirectoryIntegratedApp",,"OpenID Connect","False","Admin Consent;user-perm: 0;user-count: 0;Home Tenant","Microsoft Graph:Group.ReadWrite.All;Microsoft Graph:User.ReadWrite.All;Office 365 SharePoint Online:AllSites.FullControl;Office 365 SharePoint Online:TermStore.ReadWrite.All;Office 365 SharePoint Online:User.ReadWrite.All","","0"
"FraDa_Intune_Backup","25171554-2a00-4865-a465-a8ac33a02dd5","pass","False","False","True","True","Base-IT Intune.cc",,"False","False",,,"a65f6b72-abef-4f0b-88d6-3256be9a72d1","False","False","False","True","False",,"Application","25171554-2a00-4865-a465-a8ac33a02dd5","False","False","HideApp;WindowsAzureActiveDirectoryIntegratedApp",,"Disabled","True","Hidden;staleApps;Admin Consent;user-perm: 0;user-count: 0;Home Tenant","Microsoft Graph:User.Read","","0"
"IntuneBackup via IntuneManagement","79db62d4-e1ce-4ccd-b323-6b8a7f320643","pass","False","False","True","True","Base-IT Intune.cc",,"False","False",,,"a65f6b72-abef-4f0b-88d6-3256be9a72d1","False","False","False","True","False",,"Application","79db62d4-e1ce-4ccd-b323-6b8a7f320643","False","False","HideApp;WindowsAzureActiveDirectoryIntegratedApp",,"Disabled","True","Hidden;staleApps;Admin Consent;user-perm: 0;user-count: 0;Home Tenant","Microsoft Graph:User.Read","","0"
"ForPePNPPowerShellAppRegistration","e51a4168-2f4b-405c-8b05-3b8ccfae53fa","fail","False","False","True","False","Base-IT Intune.cc",,"False","False",,,"a65f6b72-abef-4f0b-88d6-3256be9a72d1","False","False","False","True","False",,"Application","e51a4168-2f4b-405c-8b05-3b8ccfae53fa","False","False","WindowsAzureActiveDirectoryIntegratedApp",,"OpenID Connect","True","staleApps;Admin Consent;user-perm: 0;user-count: 0;Home Tenant","Microsoft Graph:Sites.Manage.All;Microsoft Graph:Sites.ReadWrite.All;Office 365 SharePoint Online:AllSites.FullControl","","0"
"Gmail","2cee05de-2b8f-45a2-8289-2a06ca32c4c8","warn","False","True","False","False","Default Directory",,"False","False","Google LLC","5358642","1724ab6c-1894-4593-ac5c-06d6bb7986e3","False","False","False","True","False",,"Application","2cee05de-2b8f-45a2-8289-2a06ca32c4c8","False","False","WindowsAzureActiveDirectoryIntegratedApp",,"OpenID Connect","False","Admin Consent;User Consent;user-perm: 2;user-count: 1;3rd Party","Microsoft Graph:EAS.AccessAsUser.All;Microsoft Graph:offline_access","Microsoft Graph:EAS.AccessAsUser.All;Microsoft Graph:offline_access","1"
"MISP-SSO","9295e37a-9b37-4ebe-8bd6-1bdf253cc4c5","warn","False","False","True","True","Base-IT Intune.cc",,"False","False",,,"a65f6b72-abef-4f0b-88d6-3256be9a72d1","False","False","False","True","False",,"Application","9295e37a-9b37-4ebe-8bd6-1bdf253cc4c5","False","False","HideApp;WindowsAzureActiveDirectoryIntegratedApp",,"OpenID Connect","True","Hidden;staleApps;Admin Consent;user-perm: 0;user-count: 0;Home Tenant","Microsoft Graph:Group.Read.All;Microsoft Graph:User.Read","","0"
"base-IT-Information-Hub","7c6e067f-d968-46fb-a6fa-e29d26b8760f","warn","False","False","True","False","Base-IT Intune.cc",,"False","False",,,"a65f6b72-abef-4f0b-88d6-3256be9a72d1","False","False","False","True","False",,"Application","7c6e067f-d968-46fb-a6fa-e29d26b8760f","False","False","WindowsAzureActiveDirectoryIntegratedApp",,"OpenID Connect","True","staleApps;Admin Consent;user-perm: 0;user-count: 0;Home Tenant","Microsoft Graph:offline_access;Microsoft Graph:openid;Microsoft Graph:profile;Microsoft Graph:User.Read;Microsoft Graph:User.ReadBasic.All","","0"
"200037AI-WebApp","e63451f6-7e53-4624-9d11-41d60be3a461","pass","False","False","True","False","Base-IT Intune.cc",,"False","False",,,"a65f6b72-abef-4f0b-88d6-3256be9a72d1","False","False","False","True","False",,"Application","e63451f6-7e53-4624-9d11-41d60be3a461","False","False","WindowsAzureActiveDirectoryIntegratedApp",,"OpenID Connect","True","staleApps;User Consent;user-perm: 4;user-count: 1;Home Tenant","","Microsoft Graph:offline_access;Microsoft Graph:openid;Microsoft Graph:profile;Microsoft Graph:User.Read","1"
"AVD Documentation","44f8efa6-dd4b-40e1-a82e-f1a02012e778","warn","False","True","False","False","M365 JVLDN",,"False","False",,,"42ba3ed1-ae78-4fd0-8080-5f8bfcc27b29","False","False","False","True","False",,"Application","44f8efa6-dd4b-40e1-a82e-f1a02012e778","False","False","WindowsAzureActiveDirectoryIntegratedApp",,"OpenID Connect","False","Admin Consent;user-perm: 0;user-count: 0;3rd Party","Azure Resource Manager:user_impersonation;Microsoft Graph:Application.Read.All;Microsoft Graph:Group.Read.All;Microsoft Graph:GroupMember.Read.All;Microsoft Graph:Organization.Read.All;Microsoft Graph:User.Read;Microsoft Graph:User.ReadBasic.All","","0"
"AR-androidManagedStoreAppConfiguration","7d854061-480f-4364-89ab-9db7ab266246","pass","False","False","True","True","Base-IT Intune.cc",,"False","False",,,"a65f6b72-abef-4f0b-88d6-3256be9a72d1","False","False","False","True","False",,"Application","7d854061-480f-4364-89ab-9db7ab266246","False","False","WindowsAzureActiveDirectoryIntegratedApp;HideApp",,"Disabled","True","Hidden;staleApps;Admin Consent;user-perm: 0;user-count: 0;Home Tenant","Microsoft Graph:User.Read","","0"
"PowerShell Gallery ","d53deec6-b5c5-4953-8d80-73d001fd31e5","pass","True","False","False","False","MS Azure Cloud",,"False","False","Microsoft Corporation","5206095","33e01921-4d64-4f8c-a055-5bdaffd5e33d","False","False","True","True","False",,"Application","d53deec6-b5c5-4953-8d80-73d001fd31e5","False","False","guidedSetupCreatedOrUpdated;appModelVersion:2;accessTokenVersion:1;availableToOtherTenants:true;supportsConvergence:true;WindowsAzureActiveDirectoryIntegratedApp",,"OpenID Connect","False","User Consent;user-perm: 3;user-count: 1;Microsoft","","Microsoft Graph:email;Microsoft Graph:openid;Microsoft Graph:profile","1"
"Veeam Data Cloud Registration EMEA","8e094f79-5aae-4c5f-b71b-5f6bf9cfea29","fail","False","True","False","False","CTG Cirrus ",,"False","False","CT4 PTY LTD","4294976","765d554b-700c-43e4-8800-64c5d94f17fc","False","False","False","True","False",,"Application","8e094f79-5aae-4c5f-b71b-5f6bf9cfea29","False","False","WindowsAzureActiveDirectoryIntegratedApp",,"Disabled","False","Admin Consent;user-perm: 0;user-count: 0;3rd Party","Microsoft Graph:Application.ReadWrite.All;Microsoft Graph:AppRoleAssignment.ReadWrite.All;Microsoft Graph:Directory.ReadWrite.All;Microsoft Graph:RoleManagement.ReadWrite.Directory","","0"
"brath_IntuneBackup_IntuneManagement","eb48831b-f9b2-45e4-b7ef-cbe9784de408","pass","False","False","True","True","Base-IT Intune.cc",,"False","False",,,"a65f6b72-abef-4f0b-88d6-3256be9a72d1","False","False","False","True","False",,"Application","eb48831b-f9b2-45e4-b7ef-cbe9784de408","False","False","HideApp;WindowsAzureActiveDirectoryIntegratedApp",,"Disabled","True","Hidden;staleApps;Admin Consent;user-perm: 0;user-count: 0;Home Tenant","Microsoft Graph:User.Read","","0"
"Windows Defender Security Intelligence","6ba09155-cb24-475b-b24f-b4e28fc74365","pass","True","False","False","False","MS Azure Cloud",,"False","False",,,"33e01921-4d64-4f8c-a055-5bdaffd5e33d","False","False","False","True","False","6ba09155-cb24-475b-b24f-b4e28fc74365","Application","6ba09155-cb24-475b-b24f-b4e28fc74365","False","False","WindowsAzureActiveDirectoryIntegratedApp",,"OpenID Connect","False","Admin Consent;user-perm: 0;user-count: 0;Microsoft","Microsoft Graph:email;Microsoft Graph:offline_access;Microsoft Graph:openid;Microsoft Graph:profile","","0"
"Sentinel Dashboard","66271a19-ea61-43a6-8248-fe899943257b","warn","False","False","True","True","Base-IT Intune.cc",,"False","False",,,"a65f6b72-abef-4f0b-88d6-3256be9a72d1","False","False","False","True","False",,"Application","66271a19-ea61-43a6-8248-fe899943257b","False","False","WindowsAzureActiveDirectoryIntegratedApp;HideApp",,"Disabled","True","Hidden;staleApps;Admin Consent;user-perm: 0;user-count: 0;Home Tenant","Azure Resource Manager:user_impersonation;Microsoft Graph:User.Read;Microsoft Graph:User.Read.All","","0"
"iOS Accounts","f8d98a96-0999-43f5-8af3-69971c7bb423","warn","False","True","False","False","Apple Inc.",,"False","False","Apple Inc.","5375377","e0fad04c-a04c-41ab-b35e-dc523af755a1","False","False","False","True","False",,"Application","f8d98a96-0999-43f5-8af3-69971c7bb423","False","False","WindowsAzureActiveDirectoryIntegratedApp",,"OpenID Connect","False","Admin Consent;user-perm: 0;user-count: 0;3rd Party","Microsoft Graph:EAS.AccessAsUser.All;Microsoft Graph:offline_access;Microsoft Graph:openid","","0"
"MDE Recomendations","fd8bd676-9877-462c-a048-597ca971b9ca","pass","False","False","True","True","Base-IT Intune.cc",,"False","False",,,"a65f6b72-abef-4f0b-88d6-3256be9a72d1","False","False","False","True","False",,"Application","fd8bd676-9877-462c-a048-597ca971b9ca","False","False","HideApp;WindowsAzureActiveDirectoryIntegratedApp",,"Disabled","True","Hidden;staleApps;Admin Consent;user-perm: 0;user-count: 0;Home Tenant","Microsoft Graph:User.Read","","0"
"201317-AI-Demo-WebSite","1129b503-fec8-45c1-8e58-ab8fb8fb4ce8","pass","False","False","True","False","Base-IT Intune.cc",,"False","False",,,"a65f6b72-abef-4f0b-88d6-3256be9a72d1","False","False","False","True","False",,"Application","1129b503-fec8-45c1-8e58-ab8fb8fb4ce8","False","False","WindowsAzureActiveDirectoryIntegratedApp",,"OpenID Connect","True","staleApps;Admin Consent;user-perm: 0;user-count: 0;Home Tenant","Microsoft Graph:offline_access;Microsoft Graph:openid;Microsoft Graph:profile;Microsoft Graph:User.Read","","0"
"WindowsDefenderATPSiemConnector","3e622cf1-17df-4a0d-b6f1-c7baabc1e37e","pass","True","False","False","False","Base-IT Intune.cc","windowsdefenderatpsiemconnector","False","False",,,"a65f6b72-abef-4f0b-88d6-3256be9a72d1","False","False","False","False","False","3e622cf1-17df-4a0d-b6f1-c7baabc1e37e","Application","3e622cf1-17df-4a0d-b6f1-c7baabc1e37e;https://WindowsDefenderATPSiemConnector","False","False","",,"OpenID Connect","True","staleApps;Admin Consent;user-perm: 0;user-count: 0;Microsoft","Windows Azure Active Directory:User.Read","","0"
"base-IT-Information-Hub","8d0b4785-170d-4da8-8263-dc5cea77b6b7","warn","False","False","True","False","Base-IT Intune.cc",,"False","False",,,"a65f6b72-abef-4f0b-88d6-3256be9a72d1","False","False","False","True","False",,"Application","8d0b4785-170d-4da8-8263-dc5cea77b6b7","False","False","WindowsAzureActiveDirectoryIntegratedApp",,"OpenID Connect","True","staleApps;User Consent;user-perm: 5;user-count: 1;Home Tenant","","Microsoft Graph:offline_access;Microsoft Graph:openid;Microsoft Graph:profile;Microsoft Graph:User.Read;Microsoft Graph:User.ReadBasic.All","1"
"Modern Workplace Tools","fe6aa35b-7da8-44fd-a44e-e2d4bafbdab5","pass","True","False","False","False","Microsoft","microsoft.onmicrosoft.com","False","False",,,"72f988bf-86f1-41af-91ab-2d7cd011db47","True","True","False","True","False",,"Application","fe6aa35b-7da8-44fd-a44e-e2d4bafbdab5;https://microsoft.onmicrosoft.com/fe6aa35b-7da8-44fd-a44e-e2d4bafbdab5","True","False","WindowsAzureActiveDirectoryIntegratedApp",,"OpenID Connect","False","Admin Consent;User Consent;user-perm: 2;user-count: 1;Microsoft","Microsoft Graph:openid;Microsoft Graph:profile","Microsoft Graph:openid;Microsoft Graph:profile","1"
"ForPe-FileShareConnector-Server2025Preview","5d4c4b67-559f-4d7f-ae07-b12def6f5ac6","pass","False","False","True","True","Base-IT Intune.cc",,"False","False",,,"a65f6b72-abef-4f0b-88d6-3256be9a72d1","False","False","False","True","False",,"Application","5d4c4b67-559f-4d7f-ae07-b12def6f5ac6","False","False","HideApp;WindowsAzureActiveDirectoryIntegratedApp",,"Disabled","True","Hidden;staleApps;Admin Consent;user-perm: 0;user-count: 0;Home Tenant","Microsoft Graph:User.Read","","0"
"IntuneAssignments - Made by UgurLabs.com","3f293351-3932-4201-b34c-6738b35e8fe6","warn","False","True","False","False","Ugur Koc Lab",,"False","False",,,"ffc10f05-e837-4803-81b1-7c4dee678c2a","False","False","False","True","False",,"Application","3f293351-3932-4201-b34c-6738b35e8fe6","False","False","WindowsAzureActiveDirectoryIntegratedApp",,"OpenID Connect","False","Admin Consent;user-perm: 0;user-count: 0;3rd Party","Microsoft Graph:CloudPC.Read.All;Microsoft Graph:DeviceManagementApps.Read.All;Microsoft Graph:DeviceManagementConfiguration.Read.All;Microsoft Graph:DeviceManagementManagedDevices.Read.All;Microsoft Graph:DeviceManagementScripts.Read.All;Microsoft Graph:DeviceManagementServiceConfig.Read.All;Microsoft Graph:GroupMember.Read.All;Microsoft Graph:offline_access;Microsoft Graph:openid;Microsoft Graph:profile;Microsoft Graph:User.Read;Microsoft Graph:User.Read.All","","0"
"WD Antivirus Testground","3d0500d8-cbc9-4d10-a6ec-8ec4cd23ede9","pass","True","False","False","False","Microsoft",,"False","False",,,"72f988bf-86f1-41af-91ab-2d7cd011db47","True","True","False","True","False",,"Application","3d0500d8-cbc9-4d10-a6ec-8ec4cd23ede9","False","False","WindowsAzureActiveDirectoryIntegratedApp;guidedSetupCreatedOrUpdated;appModelVersion:2;accessTokenVersion:1;availableToOtherTenants:true;supportsConvergence:true;emailAddress:amitair@microsoft.com",,"OpenID Connect","False","Admin Consent;user-perm: 0;user-count: 0;Microsoft","Microsoft Graph:email;Microsoft Graph:openid;Microsoft Graph:profile","","0"
"Azure AD Assessment","68bc31c0-f891-4f4c-9309-c6104f7be41b","warn","True","False","False","False","Microsoft",,"False","False",,,"72f988bf-86f1-41af-91ab-2d7cd011db47","True","True","False","True","False",,"Application","68bc31c0-f891-4f4c-9309-c6104f7be41b","False","False","WindowsAzureActiveDirectoryIntegratedApp",,"OpenID Connect","False","User Consent;user-perm: 14;user-count: 1;Microsoft","","Microsoft Graph:Application.Read.All;Microsoft Graph:AuditLog.Read.All;Microsoft Graph:Directory.Read.All;Microsoft Graph:Group.Read.All;Microsoft Graph:offline_access;Microsoft Graph:openid;Microsoft Graph:Organization.Read.All;Microsoft Graph:Policy.Read.All;Microsoft Graph:profile;Microsoft Graph:Reports.Read.All;Microsoft Graph:RoleManagement.Read.Directory;Microsoft Graph:SecurityEvents.Read.All;Microsoft Graph:User.Read.All;Microsoft Graph:UserAuthenticationMethod.Read.All","1"
"Dell Management Portal","7e59ead7-20e1-455b-aacf-837f157764e7","fail","False","True","False","False","Dell MCSG-Prod",,"False","False","Dell Marketing LP (HQ, ROUND ROCK )","1359050","bca36def-c3d2-4257-9f10-f82e905b2d3e","False","False","False","True","False",,"Application","7e59ead7-20e1-455b-aacf-837f157764e7","False","False","WindowsAzureActiveDirectoryIntegratedApp",,"OpenID Connect","False","Admin Consent;user-perm: 0;user-count: 0;3rd Party","Microsoft Graph:BitlockerKey.Read.All;Microsoft Graph:DeviceManagementApps.ReadWrite.All;Microsoft Graph:DeviceManagementConfiguration.Read.All;Microsoft Graph:DeviceManagementConfiguration.ReadWrite.All;Microsoft Graph:DeviceManagementManagedDevices.PrivilegedOperations.All;Microsoft Graph:DeviceManagementManagedDevices.Read.All;Microsoft Graph:Directory.Read.All;Microsoft Graph:offline_access;Microsoft Graph:openid;Microsoft Graph:profile;Microsoft Graph:User.Read.All","","0"
"OpenIntuneBaseline Deployer","17142cd1-33b9-4c27-a60e-245ab6b7a5d4","fail","True","False","False","False",,,"False","False",,,"4281fdf5-1277-4a0a-98c3-8d20aeb7867b","False","False","False","True","False",,"Application","17142cd1-33b9-4c27-a60e-245ab6b7a5d4","False","False","apiConsumer;webApp;WindowsAzureActiveDirectoryIntegratedApp",,"OpenID Connect","False","Admin Consent;user-perm: 0;user-count: 0;Microsoft","Microsoft Graph:DeviceManagementConfiguration.ReadWrite.All;Microsoft Graph:offline_access;Microsoft Graph:openid;Microsoft Graph:profile","","0"
"Azure Logic Apps - Azure AD","b2a54184-d0c5-4c6a-af28-f973d5820b56","fail","True","False","False","False","Microsoft Accounts",,"False","False",,,"9188040d-6c67-4c5b-b112-36a304b66dad","True","True","False","True","False",,"Application","b2a54184-d0c5-4c6a-af28-f973d5820b56","False","False","WindowsAzureActiveDirectoryIntegratedApp",,"OpenID Connect","False","Admin Consent;user-perm: 0;user-count: 0;Microsoft","Microsoft Graph:Directory.ReadWrite.All;Microsoft Graph:Group.ReadWrite.All;Microsoft Graph:offline_access;Microsoft Graph:User.ReadWrite.All","","0"
"Patch My PC Cloud","d7708ecc-2a0f-4773-a38a-ff197163f5fe","pass","True","False","False","False","Patch My PC","patchmypc.onmicrosoft.com","False","False","Patch My PC LLC","6132249","b79783df-131e-4d00-8303-6f66c0fa4bfb","False","False","False","True","False",,"Application","http://patchmypc.onmicrosoft.com/pmpc-cloud-prod;d7708ecc-2a0f-4773-a38a-ff197163f5fe","True","False","WindowsAzureActiveDirectoryIntegratedApp",,"OpenID Connect","False","Admin Consent;user-perm: 0;user-count: 0;Microsoft","Microsoft Graph:email;Microsoft Graph:offline_access;Microsoft Graph:openid;Microsoft Graph:profile;Microsoft Graph:User.Read","","0"
"ScopeTagAssignementbyGroup","6051f4a8-6416-45f4-83c6-e7b4a44fe498","pass","False","False","True","True","Base-IT Intune.cc",,"False","False",,,"a65f6b72-abef-4f0b-88d6-3256be9a72d1","False","False","False","True","False",,"Application","6051f4a8-6416-45f4-83c6-e7b4a44fe498","False","False","HideApp;WindowsAzureActiveDirectoryIntegratedApp",,"Disabled","False","Hidden;Admin Consent;user-perm: 0;user-count: 0;Home Tenant","Microsoft Graph:User.Read","","0"
"Test","a39eebba-5405-4fe9-af92-c2d401cb21d3","warn","False","False","True","True","Base-IT Intune.cc","a39eebba-5405-4fe9-af92-c2d401cb21d3","False","False",,,"a65f6b72-abef-4f0b-88d6-3256be9a72d1","False","False","False","True","False",,"Application","api://a39eebba-5405-4fe9-af92-c2d401cb21d3;a39eebba-5405-4fe9-af92-c2d401cb21d3","False","False","HideApp;WindowsAzureActiveDirectoryIntegratedApp",,"Disabled","True","Hidden;staleApps;Admin Consent;user-perm: 0;user-count: 0;Home Tenant","Microsoft Graph:User.Read;Office 365 SharePoint Online:Sites.Search.All","","0"
"Graph explorer","de8bc8b5-d9f9-48b1-a8ad-b748da725064","fail","True","False","False","False","Microsoft",,"False","False","Microsoft Corporation","5206095","72f988bf-86f1-41af-91ab-2d7cd011db47","True","True","True","True","False","de8bc8b5-d9f9-48b1-a8ad-b748da725064","Application","de8bc8b5-d9f9-48b1-a8ad-b748da725064","False","False","WindowsAzureActiveDirectoryIntegratedApp",,"OpenID Connect","False","Admin Consent;User Consent;user-perm: 63;user-count: 3;Microsoft","Microsoft Graph:APIConnectors.Read.All;Microsoft Graph:AuditLog.Read.All;Microsoft Graph:Calendars.ReadWrite;Microsoft Graph:Chat.Read;Microsoft Graph:Chat.ReadBasic;Microsoft Graph:Contacts.ReadWrite;Microsoft Graph:DelegatedPermissionGrant.ReadWrite.All;Microsoft Graph:Device.Read.All;Microsoft Graph:DeviceLocalCredential.Read.All;Microsoft Graph:DeviceManagementConfiguration.Read.All;Microsoft Graph:DeviceManagementManagedDevices.PrivilegedOperations.All;Microsoft Graph:DeviceManagementManagedDevices.Read.All;Microsoft Graph:DeviceManagementRBAC.Read.All;Microsoft Graph:DeviceManagementRBAC.ReadWrite.All;Microsoft Graph:DeviceManagementServiceConfig.Read.All;Microsoft Graph:Directory.Read.All;Microsoft Graph:Directory.ReadWrite.All;Microsoft Graph:Files.ReadWrite.All;Microsoft Graph:Group.ReadWrite.All;Microsoft Graph:IdentityRiskEvent.Read.All;Microsoft Graph:Mail.Read;Microsoft Graph:Mail.ReadWrite;Microsoft Graph:MailboxSettings.ReadWrite;Microsoft Graph:Notes.ReadWrite.All;Microsoft Graph:offline_access;Microsoft Graph:OnPremDirectorySynchronization.ReadWrite.All;Microsoft Graph:openid;Microsoft Graph:People.Read;Microsoft Graph:Place.Read;Microsoft Graph:Policy.Read.All;Microsoft Graph:Presence.Read;Microsoft Graph:Presence.Read.All;Microsoft Graph:PrinterShare.ReadBasic.All;Microsoft Graph:PrintJob.Create;Microsoft Graph:PrintJob.ReadBasic;Microsoft Graph:profile;Microsoft Graph:PublicKeyInfrastructure.ReadWrite.All;Microsoft Graph:Reports.Read.All;Microsoft Graph:SecurityAnalyzedMessage.Read.All;Microsoft Graph:Sites.ReadWrite.All;Microsoft Graph:Tasks.ReadWrite;Microsoft Graph:ThreatHunting.Read.All;Microsoft Graph:ThreatIntelligence.Read.All;Microsoft Graph:ThreatSubmission.Read;Microsoft Graph:ThreatSubmission.Read.All;Microsoft Graph:User.Read;Microsoft Graph:User.ReadBasic.All;Microsoft Graph:User.ReadWrite.All;Microsoft Graph:UserAuthenticationMethod.Read;Microsoft Graph:UserAuthenticationMethod.Read.All;Microsoft Graph:UserAuthenticationMethod.ReadWrite;Microsoft Graph:UserAuthenticationMethod.ReadWrite.All","Microsoft Graph:AgentInstance.Read.All;Microsoft Graph:AgentInstance.ReadWrite.All;Microsoft Graph:APIConnectors.Read.All;Microsoft Graph:Application.Read.All;Microsoft Graph:AuditLog.Read.All;Microsoft Graph:Calendars.ReadWrite;Microsoft Graph:Chat.Read;Microsoft Graph:Chat.ReadBasic;Microsoft Graph:Contacts.ReadWrite;Microsoft Graph:CopilotPackages.Read.All;Microsoft Graph:CopilotPackages.ReadWrite.All;Microsoft Graph:DelegatedPermissionGrant.ReadWrite.All;Microsoft Graph:Device.Read.All;Microsoft Graph:DeviceManagementConfiguration.Read.All;Microsoft Graph:DeviceManagementConfiguration.ReadWrite.All;Microsoft Graph:DeviceManagementManagedDevices.PrivilegedOperations.All;Microsoft Graph:DeviceManagementManagedDevices.Read.All;Microsoft Graph:DeviceManagementRBAC.Read.All;Microsoft Graph:DeviceManagementRBAC.ReadWrite.All;Microsoft Graph:DeviceManagementServiceConfig.Read.All;Microsoft Graph:Directory.AccessAsUser.All;Microsoft Graph:Directory.Read.All;Microsoft Graph:Directory.ReadWrite.All;Microsoft Graph:DirectoryRecommendations.Read.All;Microsoft Graph:email;Microsoft Graph:ExternalItem.Read.All;Microsoft Graph:Files.ReadWrite.All;Microsoft Graph:Group.ReadWrite.All;Microsoft Graph:IdentityRiskEvent.Read.All;Microsoft Graph:Mail.Read;Microsoft Graph:Mail.ReadWrite;Microsoft Graph:MailboxSettings.ReadWrite;Microsoft Graph:Notes.ReadWrite.All;Microsoft Graph:offline_access;Microsoft Graph:OnPremDirectorySynchronization.ReadWrite.All;Microsoft Graph:openid;Microsoft Graph:People.Read;Microsoft Graph:Place.Read;Microsoft Graph:Policy.Read.All;Microsoft Graph:Presence.Read;Microsoft Graph:Presence.Read.All;Microsoft Graph:PrinterShare.ReadBasic.All;Microsoft Graph:PrintJob.Create;Microsoft Graph:PrintJob.ReadBasic;Microsoft Graph:profile;Microsoft Graph:Reports.Read.All;Microsoft Graph:SecurityAnalyzedMessage.Read.All;Microsoft Graph:Sites.ReadWrite.All;Microsoft Graph:Tasks.ReadWrite;Microsoft Graph:ThreatHunting.Read.All;Microsoft Graph:ThreatIntelligence.Read.All;Microsoft Graph:ThreatSubmission.Read;Microsoft Graph:ThreatSubmission.Read.All;Microsoft Graph:User-PasswordProfile.ReadWrite.All;Microsoft Graph:User.EnableDisableAccount.All;Microsoft Graph:User.Read;Microsoft Graph:User.ReadBasic.All;Microsoft Graph:User.ReadWrite;Microsoft Graph:User.ReadWrite.All;Microsoft Graph:UserAuthenticationMethod.Read;Microsoft Graph:UserAuthenticationMethod.Read.All;Microsoft Graph:UserAuthenticationMethod.ReadWrite;Microsoft Graph:UserAuthenticationMethod.ReadWrite.All","3"
"MDI_Sensor_Health_Issues_Sentinel_Ingest_Hada","9cc6085a-c480-40da-b3a3-e1b1e27dd1cc","pass","False","False","True","True","Base-IT Intune.cc",,"False","False",,,"a65f6b72-abef-4f0b-88d6-3256be9a72d1","False","False","False","True","False",,"Application","9cc6085a-c480-40da-b3a3-e1b1e27dd1cc","False","False","HideApp;WindowsAzureActiveDirectoryIntegratedApp",,"Disabled","False","Hidden;Admin Consent;user-perm: 0;user-count: 0;Home Tenant","Microsoft Graph:User.Read","","0"
"MiSP to Sentinel","ec6e0178-3b10-4000-9f54-fcbeaff21f02","pass","False","False","True","True","Base-IT Intune.cc",,"False","False",,,"a65f6b72-abef-4f0b-88d6-3256be9a72d1","False","False","False","True","False",,"Application","ec6e0178-3b10-4000-9f54-fcbeaff21f02","False","False","WindowsAzureActiveDirectoryIntegratedApp;HideApp",,"Disabled","True","Hidden;staleApps;Admin Consent;user-perm: 0;user-count: 0;Home Tenant","Microsoft Graph:User.Read","","0"
"Samsung Email","8acd33ea-7197-4a96-bc33-d7cc7101262f","warn","False","True","False","False","SAMSUNG Electronics Co., LTD.",,"False","False",,,"60d4c39a-f31f-4638-bb43-8822172b892d","False","False","False","True","False",,"Application","8acd33ea-7197-4a96-bc33-d7cc7101262f","False","False","WindowsAzureActiveDirectoryIntegratedApp",,"OpenID Connect","False","Admin Consent;user-perm: 0;user-count: 0;3rd Party","Microsoft Graph:EAS.AccessAsUser.All;Microsoft Graph:IMAP.AccessAsUser.All;Microsoft Graph:offline_access;Microsoft Graph:openid;Microsoft Graph:POP.AccessAsUser.All;Microsoft Graph:profile;Microsoft Graph:SMTP.Send;Microsoft Graph:User.Read","","0"
"Atlassian","46cdaa3f-9339-4b60-bf04-4dd98cd903d7","pass","False","True","False","False","Default Directory",,"False","False",,,"439cd382-947c-487d-a18f-fd64237bec72","False","False","False","True","False",,"Application","46cdaa3f-9339-4b60-bf04-4dd98cd903d7","False","False","WindowsAzureActiveDirectoryIntegratedApp",,"OpenID Connect","False","Admin Consent;user-perm: 0;user-count: 0;3rd Party","Microsoft Graph:email;Microsoft Graph:openid;Microsoft Graph:profile","","0"
"DM BMD SSO Test2","a6aafdb0-400e-4e4b-8580-b75b23fa1cd8","pass","False","False","True","True","Base-IT Intune.cc",,"False","False",,,"a65f6b72-abef-4f0b-88d6-3256be9a72d1","False","False","False","True","False",,"Application","a6aafdb0-400e-4e4b-8580-b75b23fa1cd8","False","False","HideApp;WindowsAzureActiveDirectoryIntegratedApp",,"OpenID Connect","True","Hidden;staleApps;Admin Consent;user-perm: 0;user-count: 0;Home Tenant","Microsoft Graph:email;Microsoft Graph:openid;Microsoft Graph:profile;Microsoft Graph:User.Read","","0"
"AppRegChecker-subth","da3a3d45-0252-4711-92df-a6fac236650e","pass","False","False","True","True","Base-IT Intune.cc",,"False","False",,,"a65f6b72-abef-4f0b-88d6-3256be9a72d1","False","False","False","True","False",,"Application","da3a3d45-0252-4711-92df-a6fac236650e","False","False","WindowsAzureActiveDirectoryIntegratedApp;HideApp",,"Disabled","True","Hidden;staleApps;Admin Consent;user-perm: 0;user-count: 0;Home Tenant","Microsoft Graph:User.Read","","0"
"AdminDroid Service Application","a602282b-06c8-47be-b9c0-45ec2536935d","fail","False","False","True","False","Base-IT Intune.cc","admindroid.com","False","False",,,"a65f6b72-abef-4f0b-88d6-3256be9a72d1","False","False","False","False","False",,"Application","a602282b-06c8-47be-b9c0-45ec2536935d;https://admindroid.com/serviceapplication","False","False","",,"OpenID Connect","True","staleApps;Admin Consent;user-perm: 0;user-count: 0;Home Tenant","Windows Azure Active Directory:Directory.AccessAsUser.All;Windows Azure Active Directory:Directory.ReadWrite.All","","0"
"WacDa Test App","6de07403-9222-46b9-8fb3-b2d050e604f9","fail","False","False","True","True","Base-IT Intune.cc",,"False","False",,,"a65f6b72-abef-4f0b-88d6-3256be9a72d1","False","False","False","True","False",,"Application","6de07403-9222-46b9-8fb3-b2d050e604f9","False","False","HideApp;WindowsAzureActiveDirectoryIntegratedApp",,"Disabled","True","Hidden;staleApps;Admin Consent;user-perm: 0;user-count: 0;Home Tenant","Microsoft Graph:DeviceManagementConfiguration.ReadWrite.All;Microsoft Graph:Group.Read.All;Microsoft Graph:User.Read","","0"
"Azure Logic Apps - Azure AD","3b13822f-f876-487a-8e0e-963e828bd9a2","fail","True","False","False","False","Microsoft Accounts",,"False","False",,,"9188040d-6c67-4c5b-b112-36a304b66dad","True","True","False","True","False",,"Application","3b13822f-f876-487a-8e0e-963e828bd9a2","False","False","WindowsAzureActiveDirectoryIntegratedApp",,"OpenID Connect","False","User Consent;user-perm: 4;user-count: 1;Microsoft","","Microsoft Graph:Directory.ReadWrite.All;Microsoft Graph:Group.ReadWrite.All;Microsoft Graph:offline_access;Microsoft Graph:User.ReadWrite.All","1"
"Lanja_Intune_Automation","f4a5a551-0d94-4903-b969-fa46d6f02ae1","pass","False","False","True","True","Base-IT Intune.cc",,"False","False",,,"a65f6b72-abef-4f0b-88d6-3256be9a72d1","False","False","False","True","False",,"Application","f4a5a551-0d94-4903-b969-fa46d6f02ae1","False","False","HideApp;WindowsAzureActiveDirectoryIntegratedApp",,"Disabled","True","Hidden;staleApps;Admin Consent;user-perm: 0;user-count: 0;Home Tenant","Microsoft Graph:User.Read","","0"
"Secure Score Workbook","45f76012-060a-437e-a23b-b961bec1369d","pass","False","False","True","True","Base-IT Intune.cc",,"False","False",,,"a65f6b72-abef-4f0b-88d6-3256be9a72d1","False","False","False","True","False",,"Application","45f76012-060a-437e-a23b-b961bec1369d","False","False","WindowsAzureActiveDirectoryIntegratedApp;HideApp",,"Disabled","False","Hidden;Admin Consent;user-perm: 0;user-count: 0;Home Tenant","Microsoft Graph:User.Read","","0"
"Polly","228f3e22-92b5-4c6d-91e8-9dcc1757ad36","pass","False","True","False","False","Polly","teams.polly.ai","False","False","Polly","6142723","9eab1974-31cc-4aa8-8ba7-c8943c73f995","False","False","False","True","False",,"Application","api://teams.polly.ai/228f3e22-92b5-4c6d-91e8-9dcc1757ad36;228f3e22-92b5-4c6d-91e8-9dcc1757ad36","False","False","WindowsAzureActiveDirectoryIntegratedApp",,"OpenID Connect","False","Admin Consent;user-perm: 0;user-count: 0;3rd Party","Microsoft Graph:email;Microsoft Graph:offline_access;Microsoft Graph:openid;Microsoft Graph:profile;Microsoft Graph:User.Read","","0"
"mwconcierge","36fb1d92-174f-4b1e-8da6-0f4ecc752816","fail","False","True","False","False","Karelpelck",,"False","False",,,"8a1eb75c-e63b-42b2-9726-ded995882550","False","False","False","True","False",,"Application","36fb1d92-174f-4b1e-8da6-0f4ecc752816","False","False","WindowsAzureActiveDirectoryIntegratedApp",,"OpenID Connect","False","User Consent;user-perm: 13;user-count: 1;3rd Party","","Microsoft Graph:Application.Read.All;Microsoft Graph:DeviceManagementApps.ReadWrite.All;Microsoft Graph:DeviceManagementConfiguration.ReadWrite.All;Microsoft Graph:DeviceManagementRBAC.ReadWrite.All;Microsoft Graph:DeviceManagementServiceConfig.ReadWrite.All;Microsoft Graph:Group.ReadWrite.All;Microsoft Graph:openid;Microsoft Graph:Policy.Read.All;Microsoft Graph:Policy.ReadWrite.ConditionalAccess;Microsoft Graph:profile;Microsoft Graph:RoleManagement.Read.Directory;Microsoft Graph:User.Read;Microsoft Graph:User.ReadBasic.All","1"
"[Storage Account] sa0frada0entrakerberos.file.core.windows.net","319a4198-7330-4195-abe4-02b7967a388f","pass","True","False","False","False","Base-IT Intune.cc","sa0frada0entrakerberos.file.core.windows.net","True","False",,,"a65f6b72-abef-4f0b-88d6-3256be9a72d1","False","False","False","False","False",,"Application","cifs/sa0frada0entrakerberos.file.core.windows.net;api://a65f6b72-abef-4f0b-88d6-3256be9a72d1/cifs/sa0frada0entrakerberos.file.core.windows.net;HTTP/sa0frada0entrakerberos.file.core.windows.net;HOST/sa0frada0entrakerberos.file.core.windows.net;api://a65f6b72-abef-4f0b-88d6-3256be9a72d1/HTTP/sa0frada0entrakerberos.file.core.windows.net;api://a65f6b72-abef-4f0b-88d6-3256be9a72d1/HOST/sa0frada0entrakerberos.file.core.windows.net;319a4198-7330-4195-abe4-02b7967a388f","True","False","kdc_enable_cloud_group_sids",,"Disabled","True","staleApps;Admin Consent;user-perm: 0;user-count: 0;Microsoft","Microsoft Graph:openid;Microsoft Graph:profile;Microsoft Graph:User.Read","","0"
"SubTo-TeamsReadOnly","25d42508-5581-434d-9788-69e9aac1847f","pass","False","False","True","True","Base-IT Intune.cc",,"False","False",,,"a65f6b72-abef-4f0b-88d6-3256be9a72d1","False","False","False","True","False",,"Application","25d42508-5581-434d-9788-69e9aac1847f","False","False","WindowsAzureActiveDirectoryIntegratedApp;HideApp",,"Disabled","True","Hidden;staleApps;Admin Consent;user-perm: 0;user-count: 0;Home Tenant","Microsoft Graph:User.Read","","0"
"WindowsDefenderATPThreatIntelAPI","92f79662-d42d-488f-9366-478da237826a","pass","True","False","False","False","Base-IT Intune.cc","windowsdefenderatpthreatintelapi","False","False",,,"a65f6b72-abef-4f0b-88d6-3256be9a72d1","False","False","False","False","False","92f79662-d42d-488f-9366-478da237826a","Application","92f79662-d42d-488f-9366-478da237826a;https://WindowsDefenderATPThreatIntelAPI","False","False","",,"OpenID Connect","True","staleApps;Admin Consent;user-perm: 0;user-count: 0;Microsoft","Windows Azure Active Directory:User.Read","","0"
"Work IQ CLI","ba081686-5d24-4bc6-a0d6-d034ecffed87","warn","True","False","False","False","PRDTRS01",,"False","False","Microsoft Corporation","5206095","cdc5aeea-15c5-4db6-b079-fcadd2505dc2","False","False","True","True","False",,"Application","ba081686-5d24-4bc6-a0d6-d034ecffed87","False","False","WindowsAzureActiveDirectoryIntegratedApp",,"OpenID Connect","False","Admin Consent;user-perm: 0;user-count: 0;Microsoft","Microsoft Graph:ChannelMessage.Read.All;Microsoft Graph:Chat.Read;Microsoft Graph:ExternalItem.Read.All;Microsoft Graph:Mail.Read;Microsoft Graph:OnlineMeetingTranscript.Read.All;Microsoft Graph:People.Read.All;Microsoft Graph:Sites.Read.All","","0"
"IntuneAssistant API","afe66ddf-67d4-4d61-8a51-beca7b799f52","fail","False","True","False","False","YellowBlocks","afe66ddf-67d4-4d61-8a51-beca7b799f52","False","False","YellowBlocks","6964868","6a80764a-ca95-4b1c-8613-be4373d4aaac","False","False","False","True","False",,"Application","api://afe66ddf-67d4-4d61-8a51-beca7b799f52;afe66ddf-67d4-4d61-8a51-beca7b799f52","False","False","WindowsAzureActiveDirectoryIntegratedApp",,"OpenID Connect","False","User Consent;user-perm: 5;user-count: 1;3rd Party","","Microsoft Graph:DeviceManagementApps.Read.All;Microsoft Graph:DeviceManagementConfiguration.Read.All;Microsoft Graph:DeviceManagementServiceConfig.Read.All;Microsoft Graph:Directory.AccessAsUser.All;Microsoft Graph:Group.Read.All","1"
"Intune Mermaid","0a1634e7-ae70-426c-acdc-1dfab4c5a45a","warn","False","True","False","False","Intune Tech",,"False","False",,,"73925f60-2387-41d1-a78c-d27c42472f24","False","False","False","True","False",,"Application","0a1634e7-ae70-426c-acdc-1dfab4c5a45a","False","False","WindowsAzureActiveDirectoryIntegratedApp",,"OpenID Connect","False","Admin Consent;user-perm: 0;user-count: 0;3rd Party","Microsoft Graph:DeviceManagementApps.Read.All;Microsoft Graph:DeviceManagementConfiguration.Read.All;Microsoft Graph:DeviceManagementRBAC.Read.All;Microsoft Graph:GroupMember.Read.All;Microsoft Graph:offline_access;Microsoft Graph:openid;Microsoft Graph:profile;Microsoft Graph:User.Read","","0"
"FraDa_IntuneBrew","e3c1d0b2-9af5-4183-b05a-a3ae9e0c5d84","pass","False","False","True","True","Base-IT Intune.cc",,"False","False",,,"a65f6b72-abef-4f0b-88d6-3256be9a72d1","False","False","False","True","False",,"Application","e3c1d0b2-9af5-4183-b05a-a3ae9e0c5d84","False","False","HideApp;WindowsAzureActiveDirectoryIntegratedApp",,"Disabled","True","Hidden;staleApps;Admin Consent;user-perm: 0;user-count: 0;Home Tenant","Microsoft Graph:User.Read","","0"
"PA_Entra","ca222095-c11c-4aa1-b0e6-f499f59c1f84","pass","False","False","True","True","Base-IT Intune.cc","ca222095-c11c-4aa1-b0e6-f499f59c1f84","False","False",,,"a65f6b72-abef-4f0b-88d6-3256be9a72d1","False","False","False","True","False",,"Application","api://ca222095-c11c-4aa1-b0e6-f499f59c1f84;ca222095-c11c-4aa1-b0e6-f499f59c1f84","False","False","HideApp;WindowsAzureActiveDirectoryIntegratedApp",,"Disabled","True","Hidden;staleApps;Admin Consent;user-perm: 0;user-count: 0;Home Tenant","Microsoft Graph:User.Read","","0"
"MDE KPI Dashboard","32647d2a-f9f2-445d-898a-f3520f987201","pass","False","False","True","True","Base-IT Intune.cc",,"False","False",,,"a65f6b72-abef-4f0b-88d6-3256be9a72d1","False","False","False","True","False",,"Application","32647d2a-f9f2-445d-898a-f3520f987201","False","False","WindowsAzureActiveDirectoryIntegratedApp;HideApp","by WalJu - Test: 11.2.26","Disabled","True","Hidden;staleApps;Admin Consent;user-perm: 0;user-count: 0;Home Tenant","Microsoft Graph:User.Read","","0"
"AR-LugDo-EasyAuth","9be65383-a946-40a7-87f8-9dc30c1967f3","pass","False","False","True","True","Base-IT Intune.cc",,"False","False",,,"a65f6b72-abef-4f0b-88d6-3256be9a72d1","False","False","False","True","False",,"Application","9be65383-a946-40a7-87f8-9dc30c1967f3","False","False","HideApp;WindowsAzureActiveDirectoryIntegratedApp",,"OpenID Connect","False","Hidden;User Consent;user-perm: 3;user-count: 1;Home Tenant","","Microsoft Graph:email;Microsoft Graph:openid;Microsoft Graph:profile","1"
"AdminDroid Office 365 Reporter","ec33ccf2-44c3-48fe-b730-3f8b3ea561fc","fail","True","False","False","False","Admindroid","admindroids.onmicrosoft.com","False","False",,,"7228f07f-efee-4159-9393-be6efb253fd0","False","False","False","True","False",,"Application","ec33ccf2-44c3-48fe-b730-3f8b3ea561fc;http://admindroids.onmicrosoft.com/directoryAccess","True","False","WindowsAzureActiveDirectoryIntegratedApp",,"OpenID Connect","False","Admin Consent;user-perm: 0;user-count: 0;Microsoft","Windows Azure Active Directory:Directory.AccessAsUser.All","","0"
"Microsoft Intune PowerShell","d1ddf0e4-d672-4dae-b554-9d5bdfd93547","fail","True","False","False","False","Microsoft",,"False","False",,,"72f988bf-86f1-41af-91ab-2d7cd011db47","True","True","False","True","False","d1ddf0e4-d672-4dae-b554-9d5bdfd93547","Application","d1ddf0e4-d672-4dae-b554-9d5bdfd93547","False","False","WindowsAzureActiveDirectoryIntegratedApp",,"OpenID Connect","False","Admin Consent;user-perm: 0;user-count: 0;Microsoft","Microsoft Graph:DeviceManagementApps.ReadWrite.All;Microsoft Graph:DeviceManagementConfiguration.ReadWrite.All;Microsoft Graph:DeviceManagementManagedDevices.PrivilegedOperations.All;Microsoft Graph:DeviceManagementManagedDevices.ReadWrite.All;Microsoft Graph:DeviceManagementRBAC.ReadWrite.All;Microsoft Graph:DeviceManagementServiceConfig.ReadWrite.All;Microsoft Graph:Directory.Read.All;Microsoft Graph:Group.ReadWrite.All;Microsoft Graph:openid;Windows Azure Active Directory:Group.Read.All;Windows Azure Active Directory:User.Read","","0"
"Confluence Cloud","4aa38041-66a2-41a4-ac97-55bc828a9803","warn","False","True","False","False","Atlassian - PI Teams Team","msteams-confluence.services.atlassian.com","False","False","Atlassian","5410067","f9bc1ba0-fc67-4045-b1af-0969c406b55f","False","False","False","True","False",,"Application","api://msteams-confluence.services.atlassian.com/4aa38041-66a2-41a4-ac97-55bc828a9803;4aa38041-66a2-41a4-ac97-55bc828a9803","False","False","WindowsAzureActiveDirectoryIntegratedApp",,"OpenID Connect","False","Admin Consent;user-perm: 0;user-count: 0;3rd Party","Microsoft Graph:Calendars.Read;Microsoft Graph:Chat.ReadBasic;Microsoft Graph:email;Microsoft Graph:offline_access;Microsoft Graph:openid;Microsoft Graph:profile;Microsoft Graph:User.ReadBasic.All","","0"
"Intune-Cleanup","ed958bc5-efee-4b1b-bcb0-9da9ee79538b","fail","False","False","True","False","Base-IT Intune.cc",,"False","False",,,"a65f6b72-abef-4f0b-88d6-3256be9a72d1","False","False","False","True","False",,"Application","ed958bc5-efee-4b1b-bcb0-9da9ee79538b","False","False","WindowsAzureActiveDirectoryIntegratedApp",,"Disabled","True","staleApps;Admin Consent;user-perm: 0;user-count: 0;Home Tenant","Microsoft Graph:DeviceManagementManagedDevices.Read.All;Microsoft Graph:DeviceManagementManagedDevices.ReadWrite.All;Microsoft Graph:User.Read","","0"
"SMTP-AUTH","63faa815-d598-4287-880b-a8e3f3535e74","pass","False","False","True","True","Base-IT Intune.cc",,"False","False",,,"a65f6b72-abef-4f0b-88d6-3256be9a72d1","False","False","False","True","False",,"Application","63faa815-d598-4287-880b-a8e3f3535e74","False","False","HideApp;WindowsAzureActiveDirectoryIntegratedApp",,"Disabled","True","Hidden;staleApps;Admin Consent;user-perm: 0;user-count: 0;Home Tenant","Microsoft Graph:User.Read","","0"
"Get-NamedLocations","27998145-0759-4abc-8d7f-83670109bb70","pass","False","False","True","True","Base-IT Intune.cc",,"False","False",,,"a65f6b72-abef-4f0b-88d6-3256be9a72d1","False","False","False","True","False",,"Application","27998145-0759-4abc-8d7f-83670109bb70","False","False","WindowsAzureActiveDirectoryIntegratedApp;HideApp",,"Disabled","True","Hidden;staleApps;Admin Consent;user-perm: 0;user-count: 0;Home Tenant","Microsoft Graph:User.Read","","0"
"LugDo_Dynamics_AppReg_Test","53b6db60-099c-470b-82bb-38f4c8fae241","warn","False","False","True","True","Base-IT Intune.cc",,"False","False",,,"a65f6b72-abef-4f0b-88d6-3256be9a72d1","False","False","False","True","False",,"Application","53b6db60-099c-470b-82bb-38f4c8fae241","False","False","HideApp;WindowsAzureActiveDirectoryIntegratedApp",,"Disabled","True","Hidden;staleApps;Admin Consent;user-perm: 0;user-count: 0;Home Tenant","Dataverse:user_impersonation;Microsoft Graph:User.Read","","0"
"twilio-sendgrid-multi-tenant-prod","82451b4b-6b84-4cee-9112-ad316e686944","pass","False","True","False","False","twilio.com","82451b4b-6b84-4cee-9112-ad316e686944","False","False","Twilio Inc.","6087978","418b0a35-b696-41f8-a2bd-fa0029eb2113","False","False","False","True","False",,"Application","82451b4b-6b84-4cee-9112-ad316e686944;api://82451b4b-6b84-4cee-9112-ad316e686944","False","False","WindowsAzureActiveDirectoryIntegratedApp",,"OpenID Connect","False","User Consent;user-perm: 3;user-count: 1;3rd Party","","Microsoft Graph:offline_access;Microsoft Graph:openid;Microsoft Graph:User.Read","1"
"MISP2Sentinel","67bb9afe-d03c-4e01-88e0-a5169fc2007f","fail","False","False","True","True","Base-IT Intune.cc",,"False","False",,,"a65f6b72-abef-4f0b-88d6-3256be9a72d1","False","False","False","True","False",,"Application","67bb9afe-d03c-4e01-88e0-a5169fc2007f","False","False","WindowsAzureActiveDirectoryIntegratedApp;HideApp",,"OpenID Connect","True","Hidden;staleApps;Admin Consent;user-perm: 0;user-count: 0;Home Tenant","Microsoft Graph:ThreatIndicators.ReadWrite.OwnedBy;Microsoft Graph:User.Read","","0"
"Quick contacts","5d06e444-24ad-4775-844d-58a88a0eeaa2","fail","True","False","False","False","Contoso","mastykarztrial11.onmicrosoft.com","False","False",,,"2a604daf-37ac-44e1-a1f2-cd55ed5a6282","False","False","False","True","False",,"Application","5d06e444-24ad-4775-844d-58a88a0eeaa2;https://mastykarztrial11.onmicrosoft.com/quick-contacts","True","False","WindowsAzureActiveDirectoryIntegratedApp",,"OpenID Connect","False","Admin Consent;user-perm: 0;user-count: 0;Microsoft","Microsoft Graph:Directory.AccessAsUser.All;Microsoft Graph:People.Read;Microsoft Graph:User.ReadBasic.All;Office 365 SharePoint Online:Sites.Search.All;Windows Azure Active Directory:User.Read","","0"
"AR-MISP2Sentinel","13b07ccd-36f8-4f7b-8f9f-5ae86394fa37","pass","False","False","True","True","Base-IT Intune.cc",,"False","False",,,"a65f6b72-abef-4f0b-88d6-3256be9a72d1","False","False","False","True","False",,"Application","13b07ccd-36f8-4f7b-8f9f-5ae86394fa37","False","False","HideApp;WindowsAzureActiveDirectoryIntegratedApp",,"Disabled","True","Hidden;staleApps;Admin Consent;user-perm: 0;user-count: 0;Home Tenant","Microsoft Graph:User.Read","","0"
"grath_test","c9363512-f750-4fd9-a3e6-c01adf4d0362","pass","False","False","True","False","Base-IT Intune.cc","grathtest-intunecc.msappproxy.net","False","False",,,"a65f6b72-abef-4f0b-88d6-3256be9a72d1","False","False","False","True","False",,"Application","https://grathtest-intunecc.msappproxy.net;c9363512-f750-4fd9-a3e6-c01adf4d0362","False","False","WindowsAzureActiveDirectoryOnPremApp;WindowsAzureActiveDirectoryCustomSingleSignOnApplication;WindowsAzureActiveDirectoryIntegratedApp",,"OpenID Connect","False","Admin Consent;user-perm: 0;user-count: 0;Home Tenant","Microsoft Graph:User.Read","","0"
"Cloud Connector for Device Compliance","91978077-1b9f-4705-9fc2-74a7d5434ff2","pass","False","True","False","False","Jamf",,"False","False",,,"fbb6d561-f38a-41e5-abb1-52ffb0bef6d8","False","False","False","True","False",,"Application","91978077-1b9f-4705-9fc2-74a7d5434ff2","False","False","WindowsAzureActiveDirectoryIntegratedApp",,"OpenID Connect","False","Admin Consent;user-perm: 0;user-count: 0;3rd Party","Microsoft Graph:User.Read","","0"
"ForPe-Find-Copilot-Interactions","6a0123b4-e07e-46c6-ae44-3e8e0e7ef142","pass","False","False","True","True","Base-IT Intune.cc",,"False","False",,,"a65f6b72-abef-4f0b-88d6-3256be9a72d1","False","False","False","True","False",,"Application","6a0123b4-e07e-46c6-ae44-3e8e0e7ef142","False","False","HideApp;WindowsAzureActiveDirectoryIntegratedApp",,"Disabled","True","Hidden;staleApps;Admin Consent;user-perm: 0;user-count: 0;Home Tenant","Microsoft Graph:User.Read","","0"
"ASP-Powershell-MFA","b42223dc-9c76-42f2-9bee-b28a75cdb50d","fail","False","False","True","True","Base-IT Intune.cc",,"False","False",,,"a65f6b72-abef-4f0b-88d6-3256be9a72d1","False","False","False","True","False",,"Application","b42223dc-9c76-42f2-9bee-b28a75cdb50d","False","False","WindowsAzureActiveDirectoryIntegratedApp;HideApp",,"OpenID Connect","True","Hidden;staleApps;Admin Consent;user-perm: 0;user-count: 0;Home Tenant","Microsoft Graph:User.Read;Microsoft Graph:User.ReadWrite.All","","0"
"Entra Documentation","7f14fbd3-7ab0-430d-936a-2a711b52afe0","fail","False","True","False","False","Ugur Koc Lab",,"False","False",,,"ffc10f05-e837-4803-81b1-7c4dee678c2a","False","False","False","True","False",,"Application","7f14fbd3-7ab0-430d-936a-2a711b52afe0","False","False","WindowsAzureActiveDirectoryIntegratedApp",,"OpenID Connect","False","Admin Consent;user-perm: 0;user-count: 0;3rd Party","Microsoft Graph:AccessReview.Read.All;Microsoft Graph:Agreement.Read.All;Microsoft Graph:AgreementAcceptance.Read.All;Microsoft Graph:Application.Read.All;Microsoft Graph:AuditLog.Read.All;Microsoft Graph:Directory.Read.All;Microsoft Graph:Domain.Read.All;Microsoft Graph:EntitlementManagement.Read.All;Microsoft Graph:Group.Read.All;Microsoft Graph:IdentityProvider.Read.All;Microsoft Graph:IdentityRiskEvent.Read.All;Microsoft Graph:IdentityRiskyUser.Read.All;Microsoft Graph:offline_access;Microsoft Graph:openid;Microsoft Graph:Policy.Read.All;Microsoft Graph:Policy.Read.PermissionGrant;Microsoft Graph:PrivilegedAccess.Read.AzureResources;Microsoft Graph:PrivilegedAssignmentSchedule.Read.AzureADGroup;Microsoft Graph:PrivilegedEligibilitySchedule.Read.AzureADGroup;Microsoft Graph:profile;Microsoft Graph:RoleAssignmentSchedule.Read.Directory;Microsoft Graph:RoleEligibilitySchedule.Read.Directory;Microsoft Graph:RoleManagement.Read.Directory;Microsoft Graph:RoleManagementPolicy.Read.Directory;Microsoft Graph:User.Read","","0"
"SCEPman-CertMaster","066e2a01-da0f-4007-9dfc-35f5456c9636","pass","False","False","True","False","Base-IT Intune.cc","066e2a01-da0f-4007-9dfc-35f5456c9636","False","False",,,"a65f6b72-abef-4f0b-88d6-3256be9a72d1","False","False","False","False","False",,"Application","api://066e2a01-da0f-4007-9dfc-35f5456c9636;066e2a01-da0f-4007-9dfc-35f5456c9636","False","False","",,"OpenID Connect","True","staleApps;Admin Consent;user-perm: 0;user-count: 0;Home Tenant","Microsoft Graph:User.Read","","0"
"Apple Business Manager","fc67d51f-bf39-4530-8155-3714f897281b","pass","False","True","False","False","Apple Inc.","apple.com","False","False",,,"ba8f4151-ab0e-4da6-862d-68b05906e887","False","False","False","True","False",,"Application","fc67d51f-bf39-4530-8155-3714f897281b;https://apple.com/e5965ae9-ecce-4dc0-95d2-db03bb759ec6","False","False","WindowsAzureActiveDirectoryIntegratedApp",,"OpenID Connect","False","Admin Consent;user-perm: 0;user-count: 0;3rd Party","Microsoft Graph:User.Read","","0"
"Intune Registry Builder | headsinthecloud.blog","0e08b5d1-326e-4dd3-b09c-1d245473d344","fail","False","True","False","False","Daniel Fraubaum",,"False","False",,,"758980df-792f-46af-89e9-62dffd5a722a","False","False","False","True","False",,"Application","0e08b5d1-326e-4dd3-b09c-1d245473d344","False","False","WindowsAzureActiveDirectoryIntegratedApp",,"OpenID Connect","False","Admin Consent;user-perm: 0;user-count: 0;3rd Party","Microsoft Graph:DeviceManagementApps.ReadWrite.All;Microsoft Graph:DeviceManagementScripts.ReadWrite.All;Microsoft Graph:offline_access;Microsoft Graph:openid;Microsoft Graph:profile","","0"
"Exclaimer Cloud - User Details Editor","5b1f34cc-c5f0-4a9b-b935-6459c582716f","pass","False","True","False","False","Exclaimer Ltd - Prod",,"False","False","EXCLAIMER LTD","1036422","74bebcc8-1c15-4717-b538-bf84dea9e50f","False","False","False","True","False",,"Application","5b1f34cc-c5f0-4a9b-b935-6459c582716f","False","False","WindowsAzureActiveDirectoryIntegratedApp",,"OpenID Connect","False","User Consent;user-perm: 4;user-count: 1;3rd Party","","Microsoft Graph:offline_access;Microsoft Graph:openid;Microsoft Graph:profile;Microsoft Graph:User.Read","1"
"APP-REG-SharePoint","06ee2d35-cf02-4c30-b281-3b1abd0b480c","pass","False","False","True","True","Base-IT Intune.cc",,"False","False",,,"a65f6b72-abef-4f0b-88d6-3256be9a72d1","False","False","False","True","False",,"Application","06ee2d35-cf02-4c30-b281-3b1abd0b480c","False","False","WindowsAzureActiveDirectoryIntegratedApp;HideApp",,"Disabled","True","Hidden;staleApps;Admin Consent;user-perm: 0;user-count: 0;Home Tenant","Microsoft Graph:User.Read","","0"
"MALogAnalyticsReader","c2b3bb2d-34bb-46d7-bc1f-94480c1345a0","pass","True","False","False","False","Microsoft","microsoft.onmicrosoft.com","False","False",,,"72f988bf-86f1-41af-91ab-2d7cd011db47","True","True","False","True","False",,"Application","c2b3bb2d-34bb-46d7-bc1f-94480c1345a0;https://microsoft.onmicrosoft.com/abec9cda-502b-4bf5-8295-61a85db23c6a","True","False","WindowsAzureActiveDirectoryIntegratedApp",,"OpenID Connect","False","Admin Consent;user-perm: 0;user-count: 0;Microsoft","Windows Azure Active Directory:User.Read","","0"
"hunfa-demo01","a638e0ee-75c7-4692-ba9a-a3810bb273a0","pass","False","False","True","True","Base-IT Intune.cc",,"False","False",,,"a65f6b72-abef-4f0b-88d6-3256be9a72d1","False","False","False","True","False",,"Application","a638e0ee-75c7-4692-ba9a-a3810bb273a0","False","False","HideApp;WindowsAzureActiveDirectoryIntegratedApp",,"OpenID Connect","True","Hidden;staleApps;Admin Consent;user-perm: 0;user-count: 0;Home Tenant","Microsoft Graph:email;Microsoft Graph:openid;Microsoft Graph:User.Read","","0"
"Miro","8216e453-3db5-48ee-a3d6-5122f505c8a3","pass","True","False","False","False","Microsoft Accounts",,"False","False",,,"9188040d-6c67-4c5b-b112-36a304b66dad","True","True","False","True","False",,"Application","8216e453-3db5-48ee-a3d6-5122f505c8a3","False","False","NoLiveSdkSupport;WindowsAzureActiveDirectoryIntegratedApp",,"Disabled","False","Admin Consent;user-perm: 0;user-count: 0;Microsoft","Microsoft Graph:User.Read","","0"
"Spiro_ChangePrimaryOwner","e81640ca-6269-474b-869e-c155b9b4f40c","pass","False","False","True","True","Base-IT Intune.cc",,"False","False",,,"a65f6b72-abef-4f0b-88d6-3256be9a72d1","False","False","False","True","False",,"Application","e81640ca-6269-474b-869e-c155b9b4f40c","False","False","WindowsAzureActiveDirectoryIntegratedApp;HideApp",,"Disabled","True","Hidden;staleApps;Admin Consent;user-perm: 0;user-count: 0;Home Tenant","Microsoft Graph:User.Read","","0"
"Team Forms Connector","69b1e95a-0550-45f7-974e-133cd5437d12","fail","False","True","False","False","Team Forms",,"False","False","VP LABS PTY LTD","6580150","3e01f846-7ae3-422b-8ee7-5a56514193be","False","False","False","True","False",,"Application","69b1e95a-0550-45f7-974e-133cd5437d12","False","False","WindowsAzureActiveDirectoryIntegratedApp",,"OpenID Connect","False","Admin Consent;user-perm: 0;user-count: 0;3rd Party","Microsoft Graph:Sites.ReadWrite.All;Microsoft Graph:Team.ReadBasic.All;Microsoft Graph:User.Read","","0"
"APP-REG-Exchange-EXO","802569a3-a463-4cc1-b928-ab181f4a1f4d","pass","False","False","True","True","Base-IT Intune.cc",,"False","False",,,"a65f6b72-abef-4f0b-88d6-3256be9a72d1","False","False","False","True","False",,"Application","802569a3-a463-4cc1-b928-ab181f4a1f4d","False","False","WindowsAzureActiveDirectoryIntegratedApp;HideApp",,"Disabled","True","Hidden;staleApps;Admin Consent;user-perm: 0;user-count: 0;Home Tenant","Microsoft Graph:User.Read","","0"
"HP Connect for MEM","60326dcb-406c-4c2b-87c1-d91f7914572c","warn","False","True","False","False","HP Inc.",,"False","False","HP Inc.","4742653","ca7981a2-785a-463d-b82a-3db87dfc3ce6","False","False","False","True","False",,"Application","60326dcb-406c-4c2b-87c1-d91f7914572c","False","False","WindowsAzureActiveDirectoryIntegratedApp",,"OpenID Connect","False","Admin Consent;user-perm: 0;user-count: 0;3rd Party","HP MEM Connector Services:Wonderland.User;Microsoft Graph:openid","","0"
"PnP.Powershell.App","cb9225a8-0bc8-4e0c-a5d1-3e716cbeebf3","warn","False","False","True","False","Base-IT Intune.cc",,"False","False",,,"a65f6b72-abef-4f0b-88d6-3256be9a72d1","False","False","False","True","False",,"Application","cb9225a8-0bc8-4e0c-a5d1-3e716cbeebf3","False","False","WindowsAzureActiveDirectoryIntegratedApp",,"OpenID Connect","False","Admin Consent;user-perm: 0;user-count: 0;Home Tenant","Microsoft Graph:Sites.Read.All;Office 365 SharePoint Online:AllSites.FullControl;Office 365 SharePoint Online:AllSites.Read","","0"
"Intune Documentation","56066daa-baba-438f-89d0-7ea3be2e2222","warn","False","True","False","False","Ugur Koc Lab",,"False","False",,,"ffc10f05-e837-4803-81b1-7c4dee678c2a","False","False","False","True","False",,"Application","56066daa-baba-438f-89d0-7ea3be2e2222","False","False","WindowsAzureActiveDirectoryIntegratedApp",,"OpenID Connect","False","Admin Consent;user-perm: 0;user-count: 0;3rd Party","Microsoft Graph:DeviceManagementApps.Read.All;Microsoft Graph:DeviceManagementConfiguration.Read.All;Microsoft Graph:DeviceManagementManagedDevices.Read.All;Microsoft Graph:DeviceManagementRBAC.Read.All;Microsoft Graph:DeviceManagementScripts.Read.All;Microsoft Graph:DeviceManagementServiceConfig.Read.All;Microsoft Graph:Group.Read.All;Microsoft Graph:offline_access;Microsoft Graph:openid;Microsoft Graph:profile;Microsoft Graph:User.Read","","0"
"CA Emergency Access Account Set","5f93d418-4575-477c-a60e-52fede65ad10","pass","False","False","True","True","Base-IT Intune.cc",,"False","False",,,"a65f6b72-abef-4f0b-88d6-3256be9a72d1","False","False","False","True","False",,"Application","5f93d418-4575-477c-a60e-52fede65ad10","False","False","WindowsAzureActiveDirectoryIntegratedApp;HideApp",,"Disabled","True","Hidden;staleApps;Admin Consent;user-perm: 0;user-count: 0;Home Tenant","Microsoft Graph:User.Read","","0"
"ORF","5ef0d61c-257a-4de2-8d38-76d61a094a8b","pass","False","False","True","False","Base-IT Intune.cc","orf.intune.cc","False","True",,,"a65f6b72-abef-4f0b-88d6-3256be9a72d1","False","False","False","True","False",,"Application","https://ORF.intune.cc;5ef0d61c-257a-4de2-8d38-76d61a094a8b","False","True","WindowsAzureActiveDirectoryOnPremApp;WindowsAzureActiveDirectoryCustomSingleSignOnApplication;WindowsAzureActiveDirectoryIntegratedApp",,"Password (legacy)","False","Admin Consent;user-perm: 0;user-count: 0;Home Tenant","Microsoft Graph:User.Read","","0"
"EZRADIUS Client","d212033b-7fb6-43ee-ac3a-2dcd606a5797","warn","False","True","False","False","Keytos Prod",,"False","False","Keytos LLC","6379889","d47b647b-ed31-46ef-829c-57e53b4b7cdd","False","False","False","True","False",,"Application","d212033b-7fb6-43ee-ac3a-2dcd606a5797","False","False","WindowsAzureActiveDirectoryIntegratedApp",,"OpenID Connect","False","Admin Consent;user-perm: 0;user-count: 0;3rd Party","EZRADIUS:API.Access;Keytos:API.Access;Microsoft Graph:Directory.Read.All","","0"
"ForPe-PIM-Role-Inventory","07c94323-2ff9-4be8-8c5c-a42eec66b44b","warn","False","False","True","True","Base-IT Intune.cc",,"False","False",,,"a65f6b72-abef-4f0b-88d6-3256be9a72d1","False","False","False","True","False",,"Application","07c94323-2ff9-4be8-8c5c-a42eec66b44b","False","False","HideApp;WindowsAzureActiveDirectoryIntegratedApp",,"Disabled","True","Hidden;staleApps;Admin Consent;user-perm: 0;user-count: 0;Home Tenant","Microsoft Graph:Directory.Read.All;Microsoft Graph:PrivilegedEligibilitySchedule.Read.AzureADGroup;Microsoft Graph:RoleManagement.Read.Directory;Microsoft Graph:User.Read","","0"
"ForPeGraphConnectorOnPremisesLab01","6803ed26-0d16-49a4-8134-16a5aeff07f5","pass","False","False","True","True","Base-IT Intune.cc",,"False","False",,,"a65f6b72-abef-4f0b-88d6-3256be9a72d1","False","False","False","True","False",,"Application","6803ed26-0d16-49a4-8134-16a5aeff07f5","False","False","HideApp;WindowsAzureActiveDirectoryIntegratedApp",,"Disabled","False","Hidden;Admin Consent;user-perm: 0;user-count: 0;Home Tenant","Microsoft Graph:User.Read","","0"
"Regale","bf5832c2-30cb-46cb-ba7d-811787dd8412","pass","False","True","False","False","3Sharp LLC","3sharp.com","False","False","3sharp LLC","1106567","e0e1e086-ed7b-4156-8ce5-5694432c6df5","False","False","False","True","False",,"Application","https://3sharp.com/ThreeSharp.Portal.Web_20191023030307;api://auth-6f78588d-cb3b-4eb5-9311-5c59794aa8aa/bf5832c2-30cb-46cb-ba7d-811787dd8412;api://auth-438475eb-4fdf-4211-92cc-72024e4cfe50/bf5832c2-30cb-46cb-ba7d-811787dd8412;api://auth-2beb8e4c-5c3d-4d2b-bf96-1c1013ba9c23/bf5832c2-30cb-46cb-ba7d-811787dd8412;bf5832c2-30cb-46cb-ba7d-811787dd8412","False","False","WindowsAzureActiveDirectoryIntegratedApp",,"OpenID Connect","False","User Consent;user-perm: 3;user-count: 1;3rd Party","","Microsoft Graph:email;Microsoft Graph:openid;Microsoft Graph:profile","1"
"2000037-AI-Demo-Hub","b21863ce-61a6-48c4-8623-a2eec9f47ea7","pass","False","False","True","False","Base-IT Intune.cc",,"False","False",,,"a65f6b72-abef-4f0b-88d6-3256be9a72d1","False","False","False","True","False",,"Application","b21863ce-61a6-48c4-8623-a2eec9f47ea7","False","False","WindowsAzureActiveDirectoryIntegratedApp",,"OpenID Connect","True","staleApps;User Consent;user-perm: 4;user-count: 1;Home Tenant","","Microsoft Graph:offline_access;Microsoft Graph:openid;Microsoft Graph:profile;Microsoft Graph:User.Read","1"
"KolTh-MISP2Sentinel","44e45db5-857b-48dd-b0f5-972e7280cf5f","fail","False","False","True","True","Base-IT Intune.cc",,"False","False",,,"a65f6b72-abef-4f0b-88d6-3256be9a72d1","False","False","False","True","False",,"Application","44e45db5-857b-48dd-b0f5-972e7280cf5f","False","False","WindowsAzureActiveDirectoryIntegratedApp;HideApp",,"Disabled","True","Hidden;staleApps;Admin Consent;user-perm: 0;user-count: 0;Home Tenant","Microsoft Graph:ThreatIndicators.ReadWrite.OwnedBy;Microsoft Graph:User.Read","","0"
"Veeam Data Cloud for Microsoft 365 202407170655","b9b8fd74-e23f-486f-b582-df7a6e2ed6f6","fail","False","False","True","False","Base-IT Intune.cc",,"False","False",,,"a65f6b72-abef-4f0b-88d6-3256be9a72d1","False","False","False","True","False",,"Application","b9b8fd74-e23f-486f-b582-df7a6e2ed6f6","False","False","WindowsAzureActiveDirectoryIntegratedApp",,"OpenID Connect","False","Admin Consent;user-perm: 0;user-count: 0;Home Tenant","Microsoft Graph:ChannelMessage.Read.All;Microsoft Graph:Directory.Read.All;Microsoft Graph:Directory.ReadWrite.All;Microsoft Graph:Group.ReadWrite.All;Microsoft Graph:offline_access;Microsoft Graph:Reports.Read.All;Microsoft Graph:Sites.ReadWrite.All;Office 365 Exchange Online:EWS.AccessAsUser.All;Office 365 SharePoint Online:AllSites.FullControl;Office 365 SharePoint Online:User.ReadWrite.All","","0"
"svc-HydraWebAuthentication","773b3fc4-1d8e-4f28-9687-be7a5bfa0fee","warn","False","False","True","False","Base-IT Intune.cc","intune.cc","False","True",,,"a65f6b72-abef-4f0b-88d6-3256be9a72d1","False","False","False","True","False",,"Application","https://intune.cc/itprocloud.de/hydra/3418d9c9-d35f-41cf-b70d-af5eef68a4a0;773b3fc4-1d8e-4f28-9687-be7a5bfa0fee","False","True","WindowsAzureActiveDirectoryIntegratedApp",,"OpenID Connect","True","staleApps;User Consent;user-perm: 6;user-count: 1;Home Tenant","","Microsoft Graph:Directory.Read.All;Microsoft Graph:offline_access;Microsoft Graph:openid;Microsoft Graph:profile;Microsoft Graph:User.Read;Microsoft Graph:User.ReadBasic.All","1"
"TeuSt-DefenderAPI","5740efb5-b153-4a18-a541-13c68fe12cfe","warn","False","False","True","True","Base-IT Intune.cc",,"False","False",,,"a65f6b72-abef-4f0b-88d6-3256be9a72d1","False","False","False","True","False",,"Application","5740efb5-b153-4a18-a541-13c68fe12cfe","False","False","HideApp;WindowsAzureActiveDirectoryIntegratedApp",,"OpenID Connect","False","Hidden;Admin Consent;user-perm: 0;user-count: 0;Home Tenant","Microsoft Graph:SecurityEvents.Read.All;Microsoft Graph:User.Read;WindowsDefenderATP:Machine.Read;WindowsDefenderATP:RemediationTasks.Read;WindowsDefenderATP:SecurityRecommendation.Read;WindowsDefenderATP:Software.Read;WindowsDefenderATP:Vulnerability.Read","","0"
"GBS IQ.Suite 360","8fb2bb03-01c0-4767-a224-f1b06c1dc8cb","pass","False","True","False","False","GBS Europa GmbH",,"False","False",,,"9a7182ac-182f-4e94-8339-dbffbf5cbb9b","False","False","False","True","False",,"Application","8fb2bb03-01c0-4767-a224-f1b06c1dc8cb","False","False","WindowsAzureActiveDirectoryIntegratedApp",,"OpenID Connect","False","Admin Consent;user-perm: 0;user-count: 0;3rd Party","Microsoft Graph:offline_access;Microsoft Graph:openid;Microsoft Graph:profile","","0"
"BoePa-TestApplication1","86373c39-4150-4d9c-8c6e-84c632c95e7c","pass","False","False","True","False","Base-IT Intune.cc","boepatestapplication1-intunecc.msappproxy.net","False","False",,,"a65f6b72-abef-4f0b-88d6-3256be9a72d1","False","False","False","True","False",,"Application","86373c39-4150-4d9c-8c6e-84c632c95e7c;https://boepatestapplication1-intunecc.msappproxy.net/","False","False","WindowsAzureActiveDirectoryIntegratedApp;WindowsAzureActiveDirectoryCustomSingleSignOnApplication;WindowsAzureActiveDirectoryOnPremApp",,"OpenID Connect","False","Admin Consent;user-perm: 0;user-count: 0;Home Tenant","Windows Azure Active Directory:User.Read","","0"
"WahPa Intune","d41ee5aa-cf60-433e-84e3-9081045e5503","pass","False","False","True","True","Base-IT Intune.cc",,"False","False",,,"a65f6b72-abef-4f0b-88d6-3256be9a72d1","False","False","False","True","False",,"Application","d41ee5aa-cf60-433e-84e3-9081045e5503","False","False","WindowsAzureActiveDirectoryIntegratedApp;HideApp",,"Disabled","True","Hidden;staleApps;Admin Consent;user-perm: 0;user-count: 0;Home Tenant","Microsoft Graph:User.Read","","0"
"AuiSe_IntuneWipeDevice","6df39eff-0f32-471c-866c-c117e3048e90","pass","False","False","True","True","Base-IT Intune.cc",,"False","False",,,"a65f6b72-abef-4f0b-88d6-3256be9a72d1","False","False","False","True","False",,"Application","6df39eff-0f32-471c-866c-c117e3048e90","False","False","HideApp;WindowsAzureActiveDirectoryIntegratedApp",,"Disabled","True","Hidden;staleApps;Admin Consent;user-perm: 0;user-count: 0;Home Tenant","Microsoft Graph:User.Read","","0"
"hubda-syscheck","67f2594d-ed50-44af-af94-297bd661029d","warn","False","False","True","True","Base-IT Intune.cc",,"False","False",,,"a65f6b72-abef-4f0b-88d6-3256be9a72d1","False","False","False","True","False",,"Application","67f2594d-ed50-44af-af94-297bd661029d","False","False","HideApp;WindowsAzureActiveDirectoryIntegratedApp",,"Disabled","True","Hidden;staleApps;Admin Consent;user-perm: 0;user-count: 0;Home Tenant","Microsoft Graph:AuditLog.Read.All;Microsoft Graph:Directory.Read.All;Microsoft Graph:IdentityRiskEvent.Read.All;Microsoft Graph:IdentityRiskyUser.Read.All;Microsoft Graph:Policy.Read.All;Microsoft Graph:Reports.Read.All;Microsoft Graph:SecurityEvents.Read.All;Microsoft Graph:User.Read;Microsoft Graph:UserAuthenticationMethod.Read","","0"
"ccteam-DemoWebSite","8b007030-6ee9-4582-9564-7ef5304f3293","pass","False","False","True","True","Base-IT Intune.cc",,"False","False",,,"a65f6b72-abef-4f0b-88d6-3256be9a72d1","False","False","False","True","False",,"Application","8b007030-6ee9-4582-9564-7ef5304f3293","False","False","HideApp;WindowsAzureActiveDirectoryIntegratedApp",,"OpenID Connect","True","Hidden;staleApps;Admin Consent;user-perm: 0;user-count: 0;Home Tenant","Microsoft Graph:User.Read","","0"
"grath_backup_test","4e404d33-cd8e-48d6-b35d-9d0f4008edbc","fail","False","False","True","True","Base-IT Intune.cc",,"False","False",,,"a65f6b72-abef-4f0b-88d6-3256be9a72d1","False","False","False","True","False",,"Application","4e404d33-cd8e-48d6-b35d-9d0f4008edbc","False","False","WindowsAzureActiveDirectoryIntegratedApp;HideApp",,"OpenID Connect","True","Hidden;staleApps;Admin Consent;user-perm: 0;user-count: 0;Home Tenant","Microsoft Graph:DeviceManagementApps.Read.All;Microsoft Graph:DeviceManagementApps.ReadWrite.All","","0"
"Jamf Pro Azure AD Connector","e1b91db7-b907-41ea-9cdb-4c3c88ad33d9","pass","False","True","False","False","Jamf",,"False","False",,,"fbb6d561-f38a-41e5-abb1-52ffb0bef6d8","False","False","False","True","False",,"Application","e1b91db7-b907-41ea-9cdb-4c3c88ad33d9","False","False","WindowsAzureActiveDirectoryIntegratedApp",,"OpenID Connect","False","Admin Consent;user-perm: 0;user-count: 0;3rd Party","Microsoft Graph:User.Read","","0"
"Windows Virtual Desktop","5a0aa725-4958-4b0c-80a9-34562e23f3b7","warn","True","False","False","False","MS Azure Cloud","mrs-prod.ame.gbl","False","False",,,"33e01921-4d64-4f8c-a055-5bdaffd5e33d","False","False","False","True","False","5a0aa725-4958-4b0c-80a9-34562e23f3b7","Application","5a0aa725-4958-4b0c-80a9-34562e23f3b7;https://mrs-Prod.ame.gbl/mrs-RDInfra-prod","False","False","WindowsAzureActiveDirectoryIntegratedApp",,"OpenID Connect","False","Admin Consent;user-perm: 0;user-count: 0;Microsoft","Microsoft Graph:Directory.Read.All;Microsoft Graph:Group.Read.All;Microsoft Graph:User.Read.All;Windows Azure Active Directory:Directory.Read.All;Windows Azure Active Directory:User.Read.All;Windows Azure Active Directory:User.ReadBasic.All","","0"
"CrossTenantServicePrincipalSchMa","3a0f8e3c-6c35-41eb-b4a0-eb6f94d990fe","pass","False","True","False","False","Lab SchMa",,"False","False",,,"9b0b8065-5091-49d4-9d51-4841538b1f63","False","False","False","True","False",,"Application","3a0f8e3c-6c35-41eb-b4a0-eb6f94d990fe","False","False","WindowsAzureActiveDirectoryIntegratedApp",,"Disabled","False","Admin Consent;user-perm: 0;user-count: 0;3rd Party","Microsoft Graph:User.Read","","0"
"IntuneAssistant","3448bc04-cdbe-4a07-8e24-7e0e6f6980c1","warn","False","True","False","False","YellowBlocks",,"False","False","YellowBlocks","6964868","6a80764a-ca95-4b1c-8613-be4373d4aaac","False","False","False","True","False",,"Application","3448bc04-cdbe-4a07-8e24-7e0e6f6980c1","False","False","WindowsAzureActiveDirectoryIntegratedApp",,"OpenID Connect","False","Admin Consent;user-perm: 0;user-count: 0;3rd Party","Microsoft Graph:DeviceManagementApps.Read.All;Microsoft Graph:DeviceManagementConfiguration.Read.All;Microsoft Graph:DeviceManagementManagedDevices.Read.All;Microsoft Graph:DeviceManagementRBAC.Read.All;Microsoft Graph:DeviceManagementServiceConfig.Read.All;Microsoft Graph:Directory.Read.All;Microsoft Graph:Group.Read.All;Microsoft Graph:Policy.Read.All","","0"
"KotDa-DefenderAPI","944487b2-b6b3-49f5-9b44-92f05b5e6ae2","pass","False","False","True","True","Base-IT Intune.cc",,"False","False",,,"a65f6b72-abef-4f0b-88d6-3256be9a72d1","False","False","False","True","False",,"Application","944487b2-b6b3-49f5-9b44-92f05b5e6ae2","False","False","WindowsAzureActiveDirectoryIntegratedApp;HideApp",,"Disabled","True","Hidden;staleApps;Admin Consent;user-perm: 0;user-count: 0;Home Tenant","Microsoft Graph:User.Read","","0"
"SubTh-GoupChangeMonitor","b0b77e97-01d4-4667-87ea-529f03c91751","pass","False","False","True","True","Base-IT Intune.cc",,"False","False",,,"a65f6b72-abef-4f0b-88d6-3256be9a72d1","False","False","False","True","False",,"Application","b0b77e97-01d4-4667-87ea-529f03c91751","False","False","HideApp;WindowsAzureActiveDirectoryIntegratedApp",,"Disabled","True","Hidden;staleApps;Admin Consent;user-perm: 0;user-count: 0;Home Tenant","Microsoft Graph:User.Read","","0"
"Docs Rendering Public","94627ff6-8578-400b-bb6d-ae5b3352cf75","pass","True","False","False","False","mspmecloud","docsrendering-publicreview.mspmecloud.onmicrosoft.com","False","False",,,"975f013f-7f24-47e8-a7d3-abc4752bf346","False","False","False","True","False",,"Application","https://docsrendering-publicreview.mspmecloud.onmicrosoft.com;94627ff6-8578-400b-bb6d-ae5b3352cf75","True","False","WindowsAzureActiveDirectoryIntegratedApp",,"OpenID Connect","False","User Consent;user-perm: 2;user-count: 1;Microsoft","","Microsoft Graph:openid;Microsoft Graph:profile","1"
"Adobe Acrobat Sign for Microsoft365","cdc15048-4d4e-42ad-9324-c291a8c8e2de","pass","False","True","False","False","AdobeExternal",,"False","False","Adobe Inc.","4844927","55aa7ab7-a04b-4623-ba3b-04cda52e667f","False","False","False","True","False",,"Application","cdc15048-4d4e-42ad-9324-c291a8c8e2de","False","False","WindowsAzureActiveDirectoryIntegratedApp",,"OpenID Connect","False","Admin Consent;user-perm: 0;user-count: 0;3rd Party","Microsoft Graph:User.Read","","0"
"DefenderOffboarding","93eeccb4-5942-4d58-b2c0-f13bccc1e475","pass","False","False","True","True","Base-IT Intune.cc",,"False","False",,,"a65f6b72-abef-4f0b-88d6-3256be9a72d1","False","False","False","True","False",,"Application","93eeccb4-5942-4d58-b2c0-f13bccc1e475","False","False","WindowsAzureActiveDirectoryIntegratedApp;HideApp",,"OpenID Connect","True","Hidden;staleApps;Admin Consent;user-perm: 0;user-count: 0;Home Tenant","Microsoft Graph:User.Read","","0"
"ScubaGear - WalJu","7f35e7cf-2d2c-4b33-a3a5-16b0f47f32c5","pass","False","False","True","True","Base-IT Intune.cc",,"False","False",,,"a65f6b72-abef-4f0b-88d6-3256be9a72d1","False","False","False","True","False",,"Application","7f35e7cf-2d2c-4b33-a3a5-16b0f47f32c5","False","False","HideApp;WindowsAzureActiveDirectoryIntegratedApp",,"Disabled","True","Hidden;staleApps;Admin Consent;user-perm: 0;user-count: 0;Home Tenant","Microsoft Graph:User.Read","","0"
"Speiseplan","cee1a1b0-ce3d-4d69-b53a-2af22cc14a93","pass","False","False","True","False","Base-IT Intune.cc","customappsso","False","False",,,"a65f6b72-abef-4f0b-88d6-3256be9a72d1","False","False","False","True","True",,"Application","http://customappsso/89f00585-7280-48b4-b4c5-cca704c2bbe9;cee1a1b0-ce3d-4d69-b53a-2af22cc14a93;https://speiseplan.intune.cc/","False","True","WindowsAzureActiveDirectoryIntegratedApp;WindowsAzureActiveDirectoryCustomSingleSignOnApplication;WindowsAzureActiveDirectoryGalleryApplicationPrimaryV1;8adf8e6e-67b2-4cf2-a259-e3dc5476c621;WindowsAzureActiveDirectoryOnPremApp",,"OpenID Connect","False","Admin Consent;user-perm: 0;user-count: 0;Home Tenant","Windows Azure Active Directory:User.Read","","0"
"PnP.PowerShell","15fbca9b-76b7-4350-9dba-0034cd4aae8c","fail","False","False","True","False","Base-IT Intune.cc",,"False","False",,,"a65f6b72-abef-4f0b-88d6-3256be9a72d1","False","False","False","True","False",,"Application","15fbca9b-76b7-4350-9dba-0034cd4aae8c","False","False","WindowsAzureActiveDirectoryIntegratedApp",,"OpenID Connect","False","Admin Consent;user-perm: 0;user-count: 0;Home Tenant","Microsoft Graph:Group.ReadWrite.All;Microsoft Graph:Sites.Create.All;Microsoft Graph:Sites.FullControl.All;Microsoft Graph:Sites.Manage.All;Microsoft Graph:Sites.ReadWrite.All;Microsoft Graph:TermStore.Read.All;Microsoft Graph:TermStore.ReadWrite.All;Microsoft Graph:User.ReadWrite.All;Office 365 SharePoint Online:AllSites.FullControl;Office 365 SharePoint Online:AllSites.Manage;Office 365 SharePoint Online:AllSites.Read;Office 365 SharePoint Online:AllSites.Write;Office 365 SharePoint Online:Sites.Search.All;Office 365 SharePoint Online:TermStore.ReadWrite.All;Office 365 SharePoint Online:User.ReadWrite.All","","0"
"ForPe - Transend Migration Console","ca0482f2-d628-4f11-bc6c-7e5c89239b36","pass","False","False","True","True","Base-IT Intune.cc",,"False","False",,,"a65f6b72-abef-4f0b-88d6-3256be9a72d1","False","False","False","True","False",,"Application","ca0482f2-d628-4f11-bc6c-7e5c89239b36","False","False","HideApp;WindowsAzureActiveDirectoryIntegratedApp",,"Disabled","True","Hidden;staleApps;Admin Consent;user-perm: 0;user-count: 0;Home Tenant","Microsoft Graph:User.Read","","0"
"APP-Reg-Sentinel-UPN-Watchlist","5fbf2915-58bf-4f37-8e2c-b6ffb963941f","pass","False","False","True","True","Base-IT Intune.cc",,"False","False",,,"a65f6b72-abef-4f0b-88d6-3256be9a72d1","False","False","False","True","False",,"Application","5fbf2915-58bf-4f37-8e2c-b6ffb963941f","False","False","HideApp;WindowsAzureActiveDirectoryIntegratedApp",,"Disabled","True","Hidden;staleApps;Admin Consent;user-perm: 0;user-count: 0;Home Tenant","Microsoft Graph:User.Read","","0"
"SOCGPT-Base","27a7828f-d47f-4abc-95fd-9a9077e47f6f","warn","False","False","True","False","Base-IT Intune.cc",,"False","False",,,"a65f6b72-abef-4f0b-88d6-3256be9a72d1","False","False","False","True","False",,"Application","27a7828f-d47f-4abc-95fd-9a9077e47f6f","False","False","WindowsAzureActiveDirectoryIntegratedApp",,"OpenID Connect","True","staleApps;User Consent;user-perm: 5;user-count: 1;Home Tenant","","Microsoft Graph:offline_access;Microsoft Graph:openid;Microsoft Graph:profile;Microsoft Graph:User.Read;Microsoft Graph:User.ReadBasic.All","1"
"Intune SCEP Test2","4e95e5ae-0cd0-4464-92ca-acfa7d7bc77d","pass","False","False","True","False","Base-IT Intune.cc","ndes-intunecc.msappproxy.net","False","False",,,"a65f6b72-abef-4f0b-88d6-3256be9a72d1","False","False","False","True","False",,"Application","https://ndes-intunecc.msappproxy.net;4e95e5ae-0cd0-4464-92ca-acfa7d7bc77d","False","False","WindowsAzureActiveDirectoryOnPremApp;WindowsAzureActiveDirectoryCustomSingleSignOnApplication;WindowsAzureActiveDirectoryIntegratedApp",,"OpenID Connect","False","Admin Consent;user-perm: 0;user-count: 0;Home Tenant","Microsoft Graph:User.Read","","0"
"AR-LugDo-PIMOnPrem-Test","03e346d1-fffc-4e4c-925c-31eb551a49d8","pass","False","False","True","True","Base-IT Intune.cc",,"False","False",,,"a65f6b72-abef-4f0b-88d6-3256be9a72d1","False","False","False","True","False",,"Application","03e346d1-fffc-4e4c-925c-31eb551a49d8","False","False","HideApp;WindowsAzureActiveDirectoryIntegratedApp",,"Disabled","False","Hidden;Admin Consent;user-perm: 0;user-count: 0;Home Tenant","Microsoft Graph:User.Read","","0"
"Barracuda SecureEdge Identity","da58ce92-d07d-4604-a38d-e788f44f3e89","pass","False","True","False","False","Barracuda Networks, Inc.",,"False","False","Barracuda Networks","1020691","b893e0b8-2743-4fa7-81eb-0155a9060350","False","False","False","True","False",,"Application","da58ce92-d07d-4604-a38d-e788f44f3e89","False","False","WindowsAzureActiveDirectoryIntegratedApp",,"OpenID Connect","False","Admin Consent;user-perm: 0;user-count: 0;3rd Party","Microsoft Graph:email;Microsoft Graph:offline_access;Microsoft Graph:openid;Microsoft Graph:profile","","0"
"MSFT Power Platform - Azure AD","2bed6734-1911-40e6-ac44-00d79d70d2bc","fail","True","False","False","False","Microsoft Accounts",,"False","False",,,"9188040d-6c67-4c5b-b112-36a304b66dad","True","True","False","True","False",,"Application","2bed6734-1911-40e6-ac44-00d79d70d2bc","False","False","WindowsAzureActiveDirectoryIntegratedApp",,"OpenID Connect","False","Admin Consent;user-perm: 0;user-count: 0;Microsoft","Microsoft Graph:Directory.ReadWrite.All;Microsoft Graph:Group.ReadWrite.All;Microsoft Graph:offline_access;Microsoft Graph:User.ReadWrite.All","","0"
"idPowerToys","6ce0484b-2ae6-4458-b2b9-b3369f42fd6f","warn","False","True","False","False","Merill",,"False","False","M & I Consulting Pty Ltd","6702308","10407d69-1ba5-4bec-8ebe-9af2f0b9e06a","False","False","False","True","False",,"Application","6ce0484b-2ae6-4458-b2b9-b3369f42fd6f","False","False","WindowsAzureActiveDirectoryIntegratedApp",,"OpenID Connect","False","Admin Consent;User Consent;user-perm: 8;user-count: 1;3rd Party","Microsoft Graph:Agreement.Read.All;Microsoft Graph:CrossTenantInformation.ReadBasic.All;Microsoft Graph:Directory.Read.All;Microsoft Graph:offline_access;Microsoft Graph:openid;Microsoft Graph:Policy.Read.All;Microsoft Graph:profile;Microsoft Graph:User.Read","Microsoft Graph:Agreement.Read.All;Microsoft Graph:CrossTenantInformation.ReadBasic.All;Microsoft Graph:Directory.Read.All;Microsoft Graph:offline_access;Microsoft Graph:openid;Microsoft Graph:Policy.Read.All;Microsoft Graph:profile;Microsoft Graph:User.Read","1"
"SharePoint Online Web Client Extensibility","08e18876-6177-487e-b8b5-cf950c1e598c","fail","True","False","False","False","Microsoft Services","intunecc-my.sharepoint.com","False","False",,,"f8cdef31-a31e-4b4a-93e4-5f571e91255a","True","True","False","False","False","08e18876-6177-487e-b8b5-cf950c1e598c","Application","08e18876-6177-487e-b8b5-cf950c1e598c;api://intunecc-my.sharepoint.com;api://intunecc-admin.sharepoint.com;api://intunecc.sharepoint.com","False","False","disableRequestingTenantedPassthroughTokens;disableAcceptingTenantedPassthroughTokens",,"OpenID Connect","False","Admin Consent;user-perm: 0;user-count: 0;Microsoft","Dataverse:user_impersonation;Graph Connector Service:ExternalConnection.ReadWrite.All;Graph Connector Service:Sites.FullControl.All;Microsoft Forms:Forms.ReadWrite;Microsoft Graph:AppCatalog.Read.All;Microsoft Graph:AppCatalog.Submit;Microsoft Graph:Calendars.Read;Microsoft Graph:Channel.Create;Microsoft Graph:Channel.ReadBasic.All;Microsoft Graph:ChatMember.Read;Microsoft Graph:Directory.Read.All;Microsoft Graph:EduAssignments.ReadBasic;Microsoft Graph:EduRoster.ReadBasic;Microsoft Graph:Files.Read;Microsoft Graph:Files.Read.All;Microsoft Graph:Files.ReadWrite.All;Microsoft Graph:FileStorageContainer.Selected;Microsoft Graph:Group-Conversation.ReadWrite.All;Microsoft Graph:Group.Read.All;Microsoft Graph:GroupMember.Read.All;Microsoft Graph:InformationProtectionPolicy.Read;Microsoft Graph:Organization.Read.All;Microsoft Graph:OrganizationalBranding.Read.All;Microsoft Graph:People.Read;Microsoft Graph:People.Read.All;Microsoft Graph:Presence.Read.All;Microsoft Graph:PrinterShare.ReadBasic.All;Microsoft Graph:PrintJob.Create;Microsoft Graph:PrintJob.ReadBasic;Microsoft Graph:SensitivityLabel.Read;Microsoft Graph:Sites.Read.All;Microsoft Graph:Tasks.ReadWrite;Microsoft Graph:Team.ReadBasic.All;Microsoft Graph:TeamsAppInstallation.ReadWriteForTeam;Microsoft Graph:TeamsAppInstallation.ReadWriteSelfForTeam;Microsoft Graph:TeamsTab.Create;Microsoft Graph:User.Read;Microsoft Graph:User.Read.All;Microsoft Graph:User.ReadBasic.All;Office 365 Exchange Online:Calendars.Read;Office 365 Exchange Online:User.Read;Office 365 Exchange Online:User.ReadBasic.All;Office 365 SharePoint Online:Files.ReadWrite.All;Office 365 SharePoint Online:Sites.FullControl.All;Office 365 SharePoint Online:Sites.ReadWrite.All;Office 365 SharePoint Online:TermStore.ReadWrite.All;Power BI Service:Dataset.Read.All;Power BI Service:MLModel.Execute.All;Power BI Service:Report.Read.All;Power BI Service:UserState.ReadWrite.All;PowerApps Service:user_impersonation","","0"
"Intune.CC - AddDeviceToGroupBasedOnPrimaryUserGroupMembership","5ad58ceb-0210-45c3-ba16-aa3735dae313","pass","False","False","True","False","Base-IT Intune.cc",,"False","False",,,"a65f6b72-abef-4f0b-88d6-3256be9a72d1","False","False","False","True","False",,"Application","5ad58ceb-0210-45c3-ba16-aa3735dae313","False","False","WindowsAzureActiveDirectoryCustomSingleSignOnApplication;WindowsAzureActiveDirectoryIntegratedApp",,"Disabled","True","staleApps;Admin Consent;user-perm: 0;user-count: 0;Home Tenant","Microsoft Graph:User.Read","","0"
"Lanja Graph API Auth Test","945cf9a8-fdcd-4e73-a3c9-5ea85a09a4db","pass","False","False","True","True","Base-IT Intune.cc",,"False","False",,,"a65f6b72-abef-4f0b-88d6-3256be9a72d1","False","False","False","True","False",,"Application","945cf9a8-fdcd-4e73-a3c9-5ea85a09a4db","False","False","HideApp;WindowsAzureActiveDirectoryIntegratedApp",,"OpenID Connect","True","Hidden;staleApps;Admin Consent;user-perm: 0;user-count: 0;Home Tenant","Microsoft Graph:offline_access;Microsoft Graph:openid;Microsoft Graph:profile;Microsoft Graph:User.Read","","0"
"Sentinl - TI (Intune.cc(","6d7ed538-a48a-434a-afda-607528094d27","pass","False","False","True","True","Base-IT Intune.cc",,"False","False",,,"a65f6b72-abef-4f0b-88d6-3256be9a72d1","False","False","False","True","False",,"Application","6d7ed538-a48a-434a-afda-607528094d27","False","False","WindowsAzureActiveDirectoryIntegratedApp;HideApp",,"Disabled","True","Hidden;staleApps;Admin Consent;user-perm: 0;user-count: 0;Home Tenant","Microsoft Graph:User.Read","","0"
"Windows Defender ATP for Flow","7aa75825-1ea2-4cd1-a38c-90c595a91411","fail","True","False","False","False","Microsoft","microsoft.onmicrosoft.com","False","False",,,"72f988bf-86f1-41af-91ab-2d7cd011db47","True","True","False","True","False","7aa75825-1ea2-4cd1-a38c-90c595a91411","Application","7aa75825-1ea2-4cd1-a38c-90c595a91411;https://microsoft.onmicrosoft.com/a7a98433-4a61-4757-8249-2b3e5834ea35","True","False","WindowsAzureActiveDirectoryIntegratedApp",,"OpenID Connect","False","Admin Consent;user-perm: 0;user-count: 0;Microsoft","Windows Azure Active Directory:User.Read;WindowsDefenderATP:AdvancedQuery.Read;WindowsDefenderATP:Alert.Read;WindowsDefenderATP:Alert.ReadWrite;WindowsDefenderATP:File.Read.All;WindowsDefenderATP:Ip.Read.All;WindowsDefenderATP:Machine.CollectForensics;WindowsDefenderATP:Machine.Isolate;WindowsDefenderATP:Machine.Offboard;WindowsDefenderATP:Machine.Read;WindowsDefenderATP:Machine.ReadWrite;WindowsDefenderATP:Machine.RestrictExecution;WindowsDefenderATP:Machine.Scan;WindowsDefenderATP:Machine.StopAndQuarantine;WindowsDefenderATP:Url.Read.All;WindowsDefenderATP:User.Read.All","","0"
"grath_test_mde_api","8f38046f-4699-40df-b8e7-6dfab12a2d1d","fail","False","False","True","True","Base-IT Intune.cc",,"False","False",,,"a65f6b72-abef-4f0b-88d6-3256be9a72d1","False","False","False","True","False",,"Application","8f38046f-4699-40df-b8e7-6dfab12a2d1d","False","False","WindowsAzureActiveDirectoryIntegratedApp;HideApp",,"OpenID Connect","True","Hidden;staleApps;Admin Consent;user-perm: 0;user-count: 0;Home Tenant","Microsoft Graph:User.Read;WindowsDefenderATP:AdvancedQuery.Read;WindowsDefenderATP:Alert.ReadWrite","","0"
"HP MEM Connector Services","7df479b7-0467-4b13-9da1-e231d1d2b793","fail","False","True","False","False","HP Inc.","wonderland-service-prod","False","False",,,"ca7981a2-785a-463d-b82a-3db87dfc3ce6","False","False","False","True","False",,"Application","7df479b7-0467-4b13-9da1-e231d1d2b793;api://wonderland-service-prod","False","False","WindowsAzureActiveDirectoryIntegratedApp",,"OpenID Connect","False","Admin Consent;user-perm: 0;user-count: 0;3rd Party","Microsoft Graph:DeviceManagementConfiguration.Read.All;Microsoft Graph:DeviceManagementConfiguration.ReadWrite.All;Microsoft Graph:DeviceManagementRBAC.Read.All;Microsoft Graph:DeviceManagementScripts.ReadWrite.All;Microsoft Graph:Directory.AccessAsUser.All;Microsoft Graph:email;Microsoft Graph:Group.Read.All;Microsoft Graph:GroupMember.Read.All;Microsoft Graph:offline_access;Microsoft Graph:openid;Microsoft Graph:profile;Microsoft Graph:User.Read","","0"
"frada-laps1234-prod-laps-portal","a6eb3a84-14f9-45b3-991d-4b548995debb","pass","False","False","True","False","Base-IT Intune.cc","a6eb3a84-14f9-45b3-991d-4b548995debb","False","False",,,"a65f6b72-abef-4f0b-88d6-3256be9a72d1","False","False","False","False","False",,"Application","api://a6eb3a84-14f9-45b3-991d-4b548995debb;a6eb3a84-14f9-45b3-991d-4b548995debb","False","False","",,"OpenID Connect","False","Admin Consent;user-perm: 0;user-count: 0;Home Tenant","Microsoft Graph:User.Read","","0"
"Scappman","5d34789c-8e15-4640-9f36-ed1dcf18bde5","pass","False","True","False","False","Scappman",,"False","False","Scappman","6186722","b2de4365-2ff4-4021-ac3b-fd1d2abb8de7","False","False","False","True","False",,"Application","5d34789c-8e15-4640-9f36-ed1dcf18bde5","False","False","WindowsAzureActiveDirectoryIntegratedApp",,"OpenID Connect","False","Admin Consent;user-perm: 0;user-count: 0;3rd Party","Microsoft Graph:offline_access;Microsoft Graph:User.Read","","0"
"Intune SCEP Test1","803bbee0-02bc-4fac-a49b-e276883bf299","pass","False","False","True","False","Base-IT Intune.cc","ndes1-intunecc.msappproxy.net","False","False",,,"a65f6b72-abef-4f0b-88d6-3256be9a72d1","False","False","False","True","False",,"Application","https://ndes1-intunecc.msappproxy.net;803bbee0-02bc-4fac-a49b-e276883bf299","False","False","WindowsAzureActiveDirectoryOnPremApp;WindowsAzureActiveDirectoryCustomSingleSignOnApplication;WindowsAzureActiveDirectoryIntegratedApp",,"OpenID Connect","False","Admin Consent;user-perm: 0;user-count: 0;Home Tenant","Microsoft Graph:User.Read","","0"
"Test-Defender-API","842934b1-19b7-45c4-8617-446d498bc7d8","pass","False","False","True","True","Base-IT Intune.cc",,"False","False",,,"a65f6b72-abef-4f0b-88d6-3256be9a72d1","False","False","False","True","False",,"Application","842934b1-19b7-45c4-8617-446d498bc7d8","False","False","HideApp;WindowsAzureActiveDirectoryIntegratedApp",,"Disabled","True","Hidden;staleApps;Admin Consent;user-perm: 0;user-count: 0;Home Tenant","Microsoft Graph:User.Read","","0"
"GDAP","ad2e0925-7c09-4fbe-8c53-d4f4b8a65781","pass","False","False","True","True","Base-IT Intune.cc",,"False","False",,,"a65f6b72-abef-4f0b-88d6-3256be9a72d1","False","False","False","True","False",,"Application","ad2e0925-7c09-4fbe-8c53-d4f4b8a65781","False","False","HideApp;WindowsAzureActiveDirectoryIntegratedApp",,"Disabled","False","Hidden;Admin Consent;user-perm: 0;user-count: 0;Home Tenant","Microsoft Graph:User.Read","","0"
"SharePoint Online Client Extensibility Web Application Principal","5d5e5296-3121-49bf-bdbe-2cd00b9d8295","warn","True","False","False","False","Base-IT Intune.cc","a65f6b72-abef-4f0b-88d6-3256be9a72d1","False","False",,,"a65f6b72-abef-4f0b-88d6-3256be9a72d1","False","False","False","False","False","5d5e5296-3121-49bf-bdbe-2cd00b9d8295","Application","api://a65f6b72-abef-4f0b-88d6-3256be9a72d1/microsoft.spfx3rdparty.com;api://a65f6b72-abef-4f0b-88d6-3256be9a72d1/intunecc.sharepoint.com;5d5e5296-3121-49bf-bdbe-2cd00b9d8295","True","False","",,"OpenID Connect","True","staleApps;Admin Consent;user-perm: 0;user-count: 0;Microsoft","Microsoft Graph:Directory.Read.All;Microsoft Graph:Organization.Read.All;Microsoft Graph:OrganizationalBranding.Read.All;Microsoft Graph:User.Read.All;Microsoft Graph:User.ReadBasic.All","","0"
"ForPeOnPremisesFileShareIntegrationforCopilot","64fa1c6b-27c3-4080-8ac5-54a6ac9e7137","pass","False","False","True","True","Base-IT Intune.cc",,"False","False",,,"a65f6b72-abef-4f0b-88d6-3256be9a72d1","False","False","False","True","False",,"Application","64fa1c6b-27c3-4080-8ac5-54a6ac9e7137","False","False","WindowsAzureActiveDirectoryIntegratedApp;HideApp",,"Disabled","True","Hidden;staleApps;Admin Consent;user-perm: 0;user-count: 0;Home Tenant","Microsoft Graph:User.Read","","0"
"User registration app for Device Compliance","b03c10a8-71c7-45f9-b44a-3335ab76e970","pass","False","True","False","False","Jamf",,"False","False",,,"fbb6d561-f38a-41e5-abb1-52ffb0bef6d8","False","False","False","True","False",,"Application","b03c10a8-71c7-45f9-b44a-3335ab76e970","False","False","WindowsAzureActiveDirectoryIntegratedApp",,"OpenID Connect","False","Admin Consent;user-perm: 0;user-count: 0;3rd Party","Microsoft Graph:User.Read","","0"
"MDE Remediations","c82851b4-a5e8-4f8f-9f7d-87033975de72","pass","False","False","True","True","Base-IT Intune.cc",,"False","False",,,"a65f6b72-abef-4f0b-88d6-3256be9a72d1","False","False","False","True","False",,"Application","c82851b4-a5e8-4f8f-9f7d-87033975de72","False","False","HideApp;WindowsAzureActiveDirectoryIntegratedApp",,"Disabled","True","Hidden;staleApps;Admin Consent;user-perm: 0;user-count: 0;Home Tenant","Microsoft Graph:User.Read","","0"
"AADInternals OSINT","08449b24-4aa6-4049-93ef-0c17b87c8d98","pass","False","True","False","False","Contoso",,"False","False",,,"c5ff949d-2696-4b68-9e13-055f19ed2d51","False","False","False","True","False",,"Application","08449b24-4aa6-4049-93ef-0c17b87c8d98","False","False","WindowsAzureActiveDirectoryIntegratedApp",,"OpenID Connect","False","Admin Consent;user-perm: 0;user-count: 0;3rd Party","Microsoft Graph:openid;Microsoft Graph:profile","","0"
"Excel Online","ea66284f-8898-44f3-b935-d182ea20816c","fail","True","False","False","False","Microsoft",,"False","False",,,"72f988bf-86f1-41af-91ab-2d7cd011db47","True","True","False","True","False","ea66284f-8898-44f3-b935-d182ea20816c","Application","ea66284f-8898-44f3-b935-d182ea20816c","False","False","supportsConvergence:true;availableToOtherTenants:true;accessTokenVersion:1;appModelVersion:2;WindowsAzureActiveDirectoryIntegratedApp",,"OpenID Connect","False","Admin Consent;user-perm: 0;user-count: 0;Microsoft","Microsoft Graph:Directory.Read.All;Microsoft Graph:Files.ReadWrite.All;Microsoft Graph:offline_access","","0"
"ServicePrincipalMultiTenantSchMa","5b359846-0a74-418f-bc00-5f791533757c","pass","False","True","False","False","Lab SchMa",,"False","False",,,"9b0b8065-5091-49d4-9d51-4841538b1f63","False","False","False","True","False",,"Application","5b359846-0a74-418f-bc00-5f791533757c","False","False","WindowsAzureActiveDirectoryIntegratedApp",,"OpenID Connect","False","Admin Consent;user-perm: 0;user-count: 0;3rd Party","Microsoft Graph:User.Read","","0"
"ForPeOAIDemo","e85fd268-6817-49eb-9db0-ebad439e38ca","warn","False","False","True","False","Base-IT Intune.cc",,"False","False",,,"a65f6b72-abef-4f0b-88d6-3256be9a72d1","False","False","False","True","False",,"Application","e85fd268-6817-49eb-9db0-ebad439e38ca","False","False","WindowsAzureActiveDirectoryIntegratedApp",,"OpenID Connect","True","staleApps;User Consent;user-perm: 5;user-count: 1;Home Tenant","","Microsoft Graph:offline_access;Microsoft Graph:openid;Microsoft Graph:profile;Microsoft Graph:User.Read;Microsoft Graph:User.ReadBasic.All","1"
"ZeroNetworks","8792a20d-1a9e-4fb4-a369-7b6e85388793","pass","False","False","True","True","Base-IT Intune.cc",,"False","False",,,"a65f6b72-abef-4f0b-88d6-3256be9a72d1","False","False","False","True","False",,"Application","8792a20d-1a9e-4fb4-a369-7b6e85388793","False","False","WindowsAzureActiveDirectoryIntegratedApp;HideApp",,"Disabled","True","Hidden;staleApps;Admin Consent;user-perm: 0;user-count: 0;Home Tenant","Microsoft Graph:User.Read","","0"
"Microsoft Graph PowerShell (Preview)","14d82eec-204b-4c2f-b7e8-296a70dab67e","fail","True","False","False","False","Microsoft",,"False","False","Microsoft Corporation","5206095","72f988bf-86f1-41af-91ab-2d7cd011db47","True","True","True","True","False","14d82eec-204b-4c2f-b7e8-296a70dab67e","Application","14d82eec-204b-4c2f-b7e8-296a70dab67e","False","False","WindowsAzureActiveDirectoryIntegratedApp",,"OpenID Connect","False","Admin Consent;User Consent;user-perm: 58;user-count: 5;Microsoft","Microsoft Graph:AdministrativeUnit.Read.All;Microsoft Graph:Agreement.Read.All;Microsoft Graph:Agreement.ReadWrite.All;Microsoft Graph:APIConnectors.ReadWrite.All;Microsoft Graph:Application.Read.All;Microsoft Graph:Application.ReadWrite.All;Microsoft Graph:AuditLog.Read.All;Microsoft Graph:CloudPC.Read.All;Microsoft Graph:CloudPC.ReadWrite.All;Microsoft Graph:DeviceManagementApps.Read.All;Microsoft Graph:DeviceManagementApps.ReadWrite.All;Microsoft Graph:DeviceManagementConfiguration.Read.All;Microsoft Graph:DeviceManagementConfiguration.ReadWrite.All;Microsoft Graph:DeviceManagementManagedDevices.Read.All;Microsoft Graph:DeviceManagementRBAC.Read.All;Microsoft Graph:DeviceManagementRBAC.ReadWrite.All;Microsoft Graph:DeviceManagementScripts.ReadWrite.All;Microsoft Graph:DeviceManagementServiceConfig.Read.All;Microsoft Graph:DeviceManagementServiceConfig.ReadWrite.All;Microsoft Graph:Directory.Read.All;Microsoft Graph:Directory.ReadWrite.All;Microsoft Graph:email;Microsoft Graph:EntitlementManagement.Read.All;Microsoft Graph:Files.Read.All;Microsoft Graph:Files.ReadWrite.All;Microsoft Graph:Group.Read.All;Microsoft Graph:Group.ReadWrite.All;Microsoft Graph:GroupMember.Read.All;Microsoft Graph:IdentityProvider.Read.All;Microsoft Graph:IdentityUserFlow.Read.All;Microsoft Graph:offline_access;Microsoft Graph:OnPremDirectorySynchronization.Read.All;Microsoft Graph:OnPremisesPublishingProfiles.ReadWrite.All;Microsoft Graph:openid;Microsoft Graph:Organization.Read.All;Microsoft Graph:Organization.ReadWrite.All;Microsoft Graph:Policy.Read.All;Microsoft Graph:Policy.Read.PermissionGrant;Microsoft Graph:Policy.ReadWrite.ConditionalAccess;Microsoft Graph:profile;Microsoft Graph:RoleManagement.Read.All;Microsoft Graph:RoleManagement.Read.Directory;Microsoft Graph:SecurityActions.Read.All;Microsoft Graph:SecurityEvents.Read.All;Microsoft Graph:SharePointTenantSettings.Read.All;Microsoft Graph:Sites.FullControl.All;Microsoft Graph:Sites.Read.All;Microsoft Graph:Sites.ReadWrite.All;Microsoft Graph:Teamwork.Read.All;Microsoft Graph:User.Read;Microsoft Graph:User.Read.All;Microsoft Graph:User.ReadWrite.All;Microsoft Graph:UserAuthenticationMethod.Read.All;Microsoft Graph:UserAuthenticationMethod.ReadWrite.All;Microsoft Graph:WindowsUpdates.ReadWrite.All","Microsoft Graph:AdministrativeUnit.Read.All;Microsoft Graph:Agreement.Read.All;Microsoft Graph:Agreement.ReadWrite.All;Microsoft Graph:APIConnectors.ReadWrite.All;Microsoft Graph:Application.Read.All;Microsoft Graph:Application.ReadWrite.All;Microsoft Graph:AuditLog.Read.All;Microsoft Graph:CloudPC.Read.All;Microsoft Graph:CloudPC.ReadWrite.All;Microsoft Graph:Device.Read.All;Microsoft Graph:DeviceManagementApps.Read.All;Microsoft Graph:DeviceManagementApps.ReadWrite.All;Microsoft Graph:DeviceManagementConfiguration.Read.All;Microsoft Graph:DeviceManagementConfiguration.ReadWrite.All;Microsoft Graph:DeviceManagementManagedDevices.Read.All;Microsoft Graph:DeviceManagementRBAC.Read.All;Microsoft Graph:DeviceManagementRBAC.ReadWrite.All;Microsoft Graph:DeviceManagementScripts.ReadWrite.All;Microsoft Graph:DeviceManagementServiceConfig.Read.All;Microsoft Graph:DeviceManagementServiceConfig.ReadWrite.All;Microsoft Graph:Directory.Read.All;Microsoft Graph:Directory.ReadWrite.All;Microsoft Graph:DirectoryRecommendations.Read.All;Microsoft Graph:email;Microsoft Graph:EntitlementManagement.Read.All;Microsoft Graph:EntitlementManagement.ReadWrite.All;Microsoft Graph:Files.Read.All;Microsoft Graph:Files.ReadWrite.All;Microsoft Graph:Group.Read.All;Microsoft Graph:Group.ReadWrite.All;Microsoft Graph:GroupMember.Read.All;Microsoft Graph:IdentityProvider.Read.All;Microsoft Graph:IdentityUserFlow.Read.All;Microsoft Graph:offline_access;Microsoft Graph:OnPremDirectorySynchronization.Read.All;Microsoft Graph:OnPremisesPublishingProfiles.ReadWrite.All;Microsoft Graph:openid;Microsoft Graph:Organization.Read.All;Microsoft Graph:Organization.ReadWrite.All;Microsoft Graph:Policy.Read.All;Microsoft Graph:Policy.Read.PermissionGrant;Microsoft Graph:Policy.ReadWrite.ConditionalAccess;Microsoft Graph:profile;Microsoft Graph:RoleManagement.Read.All;Microsoft Graph:RoleManagement.Read.Directory;Microsoft Graph:SecurityActions.Read.All;Microsoft Graph:SecurityEvents.Read.All;Microsoft Graph:SharePointTenantSettings.Read.All;Microsoft Graph:Sites.FullControl.All;Microsoft Graph:Sites.Read.All;Microsoft Graph:Sites.ReadWrite.All;Microsoft Graph:Teamwork.Read.All;Microsoft Graph:User.Read;Microsoft Graph:User.Read.All;Microsoft Graph:User.ReadWrite.All;Microsoft Graph:UserAuthenticationMethod.Read.All;Microsoft Graph:UserAuthenticationMethod.ReadWrite.All;Microsoft Graph:WindowsUpdates.ReadWrite.All","5"
"GraphAPI-BoePa","f41b54ad-d297-45fe-97fb-e781522e14f9","pass","False","False","True","False","Base-IT Intune.cc",,"False","False",,,"a65f6b72-abef-4f0b-88d6-3256be9a72d1","False","False","False","True","False",,"Application","f41b54ad-d297-45fe-97fb-e781522e14f9","False","False","WindowsAzureActiveDirectoryIntegratedApp",,"OpenID Connect","True","staleApps;Admin Consent;user-perm: 0;user-count: 0;Home Tenant","Microsoft Graph:User.Read","","0"
"Totally not phishy app","bb0928c4-d229-4772-9d55-588d337d570e","fail","False","False","True","True","Base-IT Intune.cc",,"False","False",,,"a65f6b72-abef-4f0b-88d6-3256be9a72d1","False","False","False","True","False",,"Application","bb0928c4-d229-4772-9d55-588d337d570e","False","False","HideApp;WindowsAzureActiveDirectoryIntegratedApp",,"OpenID Connect","True","Hidden;staleApps;User Consent;user-perm: 5;user-count: 1;Home Tenant","","Microsoft Graph:Files.ReadWrite.All;Microsoft Graph:Mail.Read;Microsoft Graph:Mail.Send;Microsoft Graph:MailboxSettings.ReadWrite;Microsoft Graph:User.ReadBasic.All","1"
"SCCM App Sync","3e0082ca-cf01-4b88-b62e-2378ba3e173e","pass","False","False","True","True","Base-IT Intune.cc",,"False","False",,,"a65f6b72-abef-4f0b-88d6-3256be9a72d1","False","False","False","True","False",,"Application","3e0082ca-cf01-4b88-b62e-2378ba3e173e","False","False","WindowsAzureActiveDirectoryIntegratedApp;HideApp",,"Disabled","True","Hidden;staleApps;Admin Consent;user-perm: 0;user-count: 0;Home Tenant","Microsoft Graph:User.Read","","0"
"base-it-demo-information-hub","68f7eaec-325b-48c3-a069-1f086e37496c","warn","False","False","True","False","Base-IT Intune.cc",,"False","False",,,"a65f6b72-abef-4f0b-88d6-3256be9a72d1","False","False","False","True","False",,"Application","68f7eaec-325b-48c3-a069-1f086e37496c","False","False","WindowsAzureActiveDirectoryIntegratedApp",,"OpenID Connect","True","staleApps;Admin Consent;user-perm: 0;user-count: 0;Home Tenant","Microsoft Graph:offline_access;Microsoft Graph:openid;Microsoft Graph:profile;Microsoft Graph:User.Read;Microsoft Graph:User.ReadBasic.All","","0"
"ALSO CPV AzureManagedServices App","2ecdf17b-de2c-49e2-83bf-c31b5f679b27","fail","False","True","False","False","ALSO Cloud OY",,"False","False",,,"13a16723-2a0a-4a8c-b58a-8b3e6d490a35","False","False","False","False","False",,"Application","2ecdf17b-de2c-49e2-83bf-c31b5f679b27","False","False","",,"OpenID Connect","False","Admin Consent;user-perm: 0;user-count: 0;3rd Party","Azure Resource Manager:user_impersonation;Windows Azure Active Directory:Application.ReadWrite.All;Windows Azure Active Directory:Directory.AccessAsUser.All;Windows Azure Active Directory:Directory.Read.All;Windows Azure Active Directory:Domain.ReadWrite.All;Windows Azure Active Directory:Group.ReadWrite.All;Windows Azure Active Directory:User.ReadWrite.All","","0"
"Barracuda Networks","1a2ecf95-35f3-43b6-baf2-99a366172251","fail","True","False","False","False","Barracuda Networks, Inc.","backup.cudaops.com","False","False",,,"edb4075d-b51f-4629-a24a-2632a535f583","False","False","False","True","False",,"Application","1a2ecf95-35f3-43b6-baf2-99a366172251;https://backup.cudaops.com/all/bcc/microsoft","True","False","WindowsAzureActiveDirectoryIntegratedApp",,"OpenID Connect","False","Admin Consent;user-perm: 0;user-count: 0;Microsoft","Microsoft Graph:email;Microsoft Graph:openid;Microsoft Graph:profile;Microsoft Graph:User.Read;Windows Azure Active Directory:Directory.AccessAsUser.All","","0"
"WindowsAdminCenter-https://localhost","be8fe344-e2f4-4807-86dd-196531957088","warn","False","False","True","False","Base-IT Intune.cc",,"False","False",,,"a65f6b72-abef-4f0b-88d6-3256be9a72d1","False","False","False","False","False",,"Application","be8fe344-e2f4-4807-86dd-196531957088","False","False","",,"OpenID Connect","True","staleApps;User Consent;user-perm: 4;user-count: 1;Home Tenant","","Azure Resource Manager:user_impersonation;Microsoft Graph:offline_access;Microsoft Graph:openid;Microsoft Graph:profile","1"
"AuiSe - YubiKey Provisioning","b2a0fe71-3c04-4f0f-920f-c44dc266a02d","pass","False","False","True","True","Base-IT Intune.cc",,"False","False",,,"a65f6b72-abef-4f0b-88d6-3256be9a72d1","False","False","False","True","False",,"Application","b2a0fe71-3c04-4f0f-920f-c44dc266a02d","False","False","HideApp;WindowsAzureActiveDirectoryIntegratedApp",,"Disabled","False","Hidden;Admin Consent;user-perm: 0;user-count: 0;Home Tenant","Microsoft Graph:User.Read","","0"
"Windows Configuration Designer (WCD)","de0853a1-ab20-47bd-990b-71ad5077ac7b","pass","True","False","False","False","Microsoft",,"False","False",,,"72f988bf-86f1-41af-91ab-2d7cd011db47","True","True","False","True","False","de0853a1-ab20-47bd-990b-71ad5077ac7b","Application","de0853a1-ab20-47bd-990b-71ad5077ac7b","False","False","WindowsAzureActiveDirectoryIntegratedApp",,"OpenID Connect","False","Admin Consent;user-perm: 0;user-count: 0;Microsoft","Microsoft Graph:email;Microsoft Graph:offline_access;Microsoft Graph:openid;Microsoft Graph:profile","","0"
"basziautomation","e05dce2a-fa2d-4636-a6d5-227f5f4d1dd0","pass","False","False","True","True","Base-IT Intune.cc",,"False","False",,,"a65f6b72-abef-4f0b-88d6-3256be9a72d1","False","False","False","True","False",,"Application","e05dce2a-fa2d-4636-a6d5-227f5f4d1dd0","False","False","WindowsAzureActiveDirectoryIntegratedApp;HideApp",,"Disabled","False","Hidden;Admin Consent;user-perm: 0;user-count: 0;Home Tenant","Microsoft Graph:User.Read","","0"
"Google Workspace","4d7fe9fb-5646-447f-ba61-ba9bd4455b27","pass","False","True","False","False","google.com",,"False","False","Google LLC","5358642","0f8cb250-b44f-4acd-b24e-2524ef9f85ac","False","False","False","True","False",,"Application","4d7fe9fb-5646-447f-ba61-ba9bd4455b27","False","False","WindowsAzureActiveDirectoryIntegratedApp",,"OpenID Connect","False","User Consent;user-perm: 3;user-count: 2;3rd Party","","Microsoft Graph:email;Microsoft Graph:openid;Microsoft Graph:profile","2"
"WPNinjas.eu Automatic Documentation","37f82fa9-674e-4cae-9286-4b21eb9a6389","fail","False","True","False","False","KurContoso",,"False","False",,,"d953f17a-73a2-4ccf-9d36-67b8383ab99a","False","False","False","True","False",,"Application","37f82fa9-674e-4cae-9286-4b21eb9a6389","False","False","WindowsAzureActiveDirectoryIntegratedApp",,"OpenID Connect","False","User Consent;user-perm: 28;user-count: 1;3rd Party","","Microsoft Graph:AccessReview.Read.All;Microsoft Graph:Agreement.Read.All;Microsoft Graph:AppCatalog.Read.All;Microsoft Graph:Application.Read.All;Microsoft Graph:CloudPC.Read.All;Microsoft Graph:ConsentRequest.Read.All;Microsoft Graph:Device.Read.All;Microsoft Graph:DeviceManagementApps.Read.All;Microsoft Graph:DeviceManagementConfiguration.Read.All;Microsoft Graph:DeviceManagementManagedDevices.Read.All;Microsoft Graph:DeviceManagementRBAC.Read.All;Microsoft Graph:DeviceManagementServiceConfig.Read.All;Microsoft Graph:Directory.Read.All;Microsoft Graph:Domain.Read.All;Microsoft Graph:IdentityProvider.Read.All;Microsoft Graph:InformationProtectionPolicy.Read;Microsoft Graph:Organization.Read.All;Microsoft Graph:Policy.Read.All;Microsoft Graph:Policy.ReadWrite.AuthenticationMethod;Microsoft Graph:Policy.ReadWrite.FeatureRollout;Microsoft Graph:PrintConnector.Read.All;Microsoft Graph:Printer.Read.All;Microsoft Graph:PrinterShare.Read.All;Microsoft Graph:PrintSettings.Read.All;Microsoft Graph:PrivilegedAccess.Read.AzureAD;Microsoft Graph:PrivilegedAccess.Read.AzureADGroup;Microsoft Graph:PrivilegedAccess.Read.AzureResources;Microsoft Graph:User.Read","1"
"Microsoft Authorization System Policy","2d215f00-80d1-4f4b-a6c8-28080dfafc81","pass","True","False","False","False","Microsoft Services",,"False","False",,,"f8cdef31-a31e-4b4a-93e4-5f571e91255a","True","True","False","False","False",,"Application","2d215f00-80d1-4f4b-a6c8-28080dfafc81","False","False","disableLegacyUserImpersonationClient;disableLegacyUserImpersonationResource;GitCreatedApp",,"Disabled","False","Microsoft;No OAuth grants","","","0"
"ClusterConfigResourceSync","bd9b7cd5-dac1-495f-b013-ac871e98fa5f","pass","True","False","False","False","Microsoft Services",,"False","False","Microsoft Corporation","5206095","f8cdef31-a31e-4b4a-93e4-5f571e91255a","True","True","True","False","False",,"Application","bd9b7cd5-dac1-495f-b013-ac871e98fa5f","False","False","",,"Disabled","False","Microsoft;No OAuth grants","","","0"
"CAS API Security RP Staging","19b21e10-1304-498b-92d4-4290e94999fa","pass","True","False","False","False","Microsoft Services","cas-api-security-rp-int.trafficmanager.net","False","False",,,"f8cdef31-a31e-4b4a-93e4-5f571e91255a","True","True","False","False","False",,"Application","https://CAS-API-Security-RP-INT.trafficmanager.net;19b21e10-1304-498b-92d4-4290e94999fa","False","False","",,"Disabled","False","Microsoft;No OAuth grants","","","0"
"IAM Supportability","a57aca87-cbc0-4f3c-8b9e-dc095fdc8978","pass","True","False","False","False","Microsoft Services","dxp.aad.azure.com","True","False",,,"f8cdef31-a31e-4b4a-93e4-5f571e91255a","True","True","False","False","False",,"Application","https://dxp.aad.azure.com;https://support.iam.ad.azure.com;a57aca87-cbc0-4f3c-8b9e-dc095fdc8978","True","False","",,"OpenID Connect","False","Microsoft;No OAuth grants","","","0"
"B2CLABBASIC","c69ce8ca-aef9-44e0-a359-d42cb3e51a8c","pass","False","False","True","True","Base-IT Intune.cc",,"False","False",,,"a65f6b72-abef-4f0b-88d6-3256be9a72d1","False","False","False","True","False",,"Application","c69ce8ca-aef9-44e0-a359-d42cb3e51a8c","False","False","HideApp;WindowsAzureActiveDirectoryIntegratedApp",,"Disabled","True","Home Tenant;Hidden;staleApps;No OAuth grants","","","0"
"Managed Service","66c6d0d1-f2e7-4a18-97a9-ed10f3347016","pass","True","False","False","False","Microsoft Services",,"False","False",,,"f8cdef31-a31e-4b4a-93e4-5f571e91255a","True","True","False","False","False",,"Application","66c6d0d1-f2e7-4a18-97a9-ed10f3347016","False","False","",,"Disabled","False","Microsoft;No OAuth grants","","","0"
"Office MRO Device Manager Service","ebe0c285-db95-403f-a1a3-a793bd6d7767","pass","True","False","False","False","Microsoft Services","mrodevicemgr.officeapps.live.com","True","False",,,"f8cdef31-a31e-4b4a-93e4-5f571e91255a","True","True","False","False","False",,"Application","https://mrodevicemgr.officeapps.live.com;https://mrodevicemgr.edog.officeapps.live.com;ebe0c285-db95-403f-a1a3-a793bd6d7767","True","False","",,"Disabled","False","Microsoft;No OAuth grants","","","0"
"RPSaaS Meta RP","f77c2a8f-8a0a-4776-8e0a-bcb2549610ca","pass","True","False","False","False","Microsoft Services","global.metarp.azure.com","True","False",,,"f8cdef31-a31e-4b4a-93e4-5f571e91255a","True","True","False","False","False",,"Application","f77c2a8f-8a0a-4776-8e0a-bcb2549610ca;https://global.metarp.azure.com","True","False","",,"Disabled","False","Microsoft;No OAuth grants","","","0"
"Microsoft Synapse Notebook Service","1d3443bd-4cbc-483e-9f09-00ba7ee54655","pass","True","False","False","False","Microsoft Services",,"False","False",,,"f8cdef31-a31e-4b4a-93e4-5f571e91255a","True","True","False","False","False",,"Application","1d3443bd-4cbc-483e-9f09-00ba7ee54655","False","False","",,"Disabled","False","Microsoft;No OAuth grants","","","0"
"EASM API","b7faa489-a4c8-4b39-bb0c-842c3de2de6a","pass","True","False","False","False","Microsoft Services","easm.defender.microsoft.com","True","False",,,"f8cdef31-a31e-4b4a-93e4-5f571e91255a","True","True","False","False","False",,"Application","https://easm.defender.microsoft.com/;https://easm-api-ppe.trafficmanager.net/;https://easm-api-prod.trafficmanager.net/;b7faa489-a4c8-4b39-bb0c-842c3de2de6a","True","False","",,"OpenID Connect","False","Microsoft;No OAuth grants","","","0"
"Azure Database Migration Service","8a769b1e-2a92-4131-b77d-d7f78399d4c6","pass","True","False","False","False","Microsoft Services",,"False","False",,,"f8cdef31-a31e-4b4a-93e4-5f571e91255a","True","True","False","False","False",,"Application","8a769b1e-2a92-4131-b77d-d7f78399d4c6","False","False","",,"Disabled","False","Microsoft;No OAuth grants","","","0"
"Microsoft Purview Platform","fd642066-7bfc-4b65-9463-6a08841c12f0","pass","True","False","False","False","Microsoft Services",,"False","False",,,"f8cdef31-a31e-4b4a-93e4-5f571e91255a","True","True","False","False","False",,"Application","fd642066-7bfc-4b65-9463-6a08841c12f0","False","False","",,"Disabled","False","Microsoft;No OAuth grants","","","0"
"Windows Virtual Desktop ARM Provider","50e95039-b200-4007-bc97-8d5790743a63","pass","True","False","False","False","Microsoft Services",,"False","False","Microsoft Corporation","5206095","f8cdef31-a31e-4b4a-93e4-5f571e91255a","True","True","True","False","False",,"Application","50e95039-b200-4007-bc97-8d5790743a63","False","False","",,"Disabled","False","Microsoft;No OAuth grants","","","0"
"CyberArk SAML Authentication","55d0c976-0617-41a3-9b30-ed4e5aefe5e1","pass","False","False","True","False","Base-IT Intune.cc",,"False","False",,,"a65f6b72-abef-4f0b-88d6-3256be9a72d1","False","False","False","True","False",,"Application","55d0c976-0617-41a3-9b30-ed4e5aefe5e1","False","False","WindowsAzureActiveDirectoryIntegratedApp",,"OpenID Connect","True","Home Tenant;staleApps;No OAuth grants","","","0"
"Azure Managed Grafana","ce34e7e5-485f-4d76-964f-b3d2b16d1e4f","pass","True","False","False","False","Microsoft Services","azgrafana.io","False","False","Microsoft Corporation","5206095","f8cdef31-a31e-4b4a-93e4-5f571e91255a","True","True","True","False","False",,"Application","ce34e7e5-485f-4d76-964f-b3d2b16d1e4f;https://azgrafana.io;https://grafana.azure.com","True","False","disableLegacyUserImpersonationResource",,"Disabled","False","Microsoft;No OAuth grants","","","0"
"Agent 1 (Microsoft Copilot Studio)","59bbac9f-fb96-45fd-98a3-4501da50c134","pass","False","False","True","False","Base-IT Intune.cc",,"False","False",,,"a65f6b72-abef-4f0b-88d6-3256be9a72d1","False","False","False","False","False",,"Application","59bbac9f-fb96-45fd-98a3-4501da50c134","False","False","AgenticApp;AIAgentBuilder;AgentCreatedBy:CopilotStudio;AgenticInstance;power-virtual-agents-dfe74d5a-4909-023d-8c0e-a1940bae3539","This application is required to support messaging and authentication for an individual chatbot built with Power Virtual Agents. Power Platform Environment: '035a17de-c1e1-e6f2-abe2-ee8e69d5c556', Bot Id: 'dfe74d5a-4909-023d-8c0e-a1940bae3539', More information: https://go.microsoft.com/fwlink/?linkid=2096220","Disabled","False","Home Tenant;No OAuth grants","","","0"
"D365 Sales Agent - Outreach (Microsoft Copilot Studio)","d1c6b598-d47c-4fea-a862-5b059a9ae131","pass","False","False","True","False","Base-IT Intune.cc",,"False","False",,,"a65f6b72-abef-4f0b-88d6-3256be9a72d1","False","False","False","False","False",,"Application","d1c6b598-d47c-4fea-a862-5b059a9ae131","False","False","AgenticApp;AIAgentBuilder;AgentCreatedBy:CopilotStudio;AgenticInstance;power-virtual-agents-70095937-709c-2126-304d-a7c644aaa96b","This application is required to support messaging and authentication for an individual chatbot built with Power Virtual Agents. Power Platform Environment: '19dde003-f47b-e12b-bdf6-e963eddc0758', Bot Id: '70095937-709c-2126-304d-a7c644aaa96b', More information: https://go.microsoft.com/fwlink/?linkid=2096220","Disabled","False","Home Tenant;No OAuth grants","","","0"
"checkmk","c5b7c0c0-2184-4975-854e-8b95a85c9c63","pass","False","False","True","False","Base-IT Intune.cc","checkmk.thorum.at","False","False",,,"a65f6b72-abef-4f0b-88d6-3256be9a72d1","False","False","False","True","False",,"Application","https://checkmk.thorum.at/intunecc/check_mk/saml_metadata.py;c5b7c0c0-2184-4975-854e-8b95a85c9c63","False","False","WindowsAzureActiveDirectoryCustomSingleSignOnApplication;WindowsAzureActiveDirectoryIntegratedApp","test comment by WalJu","SAML","False","Home Tenant;No OAuth grants","","","0"
"Microsoft 365 License Manager (Microsoft Copilot Studio)","cce8123c-531c-4142-9dfc-7b7818f2a30b","pass","False","False","True","False","Base-IT Intune.cc",,"False","False",,,"a65f6b72-abef-4f0b-88d6-3256be9a72d1","False","False","False","False","False",,"Application","cce8123c-531c-4142-9dfc-7b7818f2a30b","False","False","AgenticApp;AIAgentBuilder;AgentCreatedBy:CopilotStudio;AgenticInstance;power-virtual-agents-a14edd53-a901-647c-b5de-380216eb29a2","This application is required to support messaging and authentication for an individual chatbot built with Power Virtual Agents. Power Platform Environment: '035a17de-c1e1-e6f2-abe2-ee8e69d5c556', Bot Id: 'a14edd53-a901-647c-b5de-380216eb29a2', More information: https://go.microsoft.com/fwlink/?linkid=2096220","Disabled","False","Home Tenant;No OAuth grants","","","0"
"WahPa - SnowAgent (P) - mini (Microsoft Copilot Studio)","54c1923f-7250-4c1d-97cc-f31b5a52c572","pass","False","False","True","False","Base-IT Intune.cc",,"False","False",,,"a65f6b72-abef-4f0b-88d6-3256be9a72d1","False","False","False","False","False",,"Application","54c1923f-7250-4c1d-97cc-f31b5a52c572","False","False","AIAgentBuilder;AgentCreatedBy:CopilotStudio;AgenticApp;power-virtual-agents-ec7ddc9d-9f10-716d-12f1-8ad08b461f48","This application is required to support messaging and authentication for an individual chatbot built with Power Virtual Agents. Power Platform Environment: 'Default-a65f6b72-abef-4f0b-88d6-3256be9a72d1', Bot Id: 'ec7ddc9d-9f10-716d-12f1-8ad08b461f48', More information: https://go.microsoft.com/fwlink/?linkid=2096220","Disabled","False","Home Tenant;No OAuth grants","","","0"
"logic-MDIHealth-Sentinel-Ingestion","e8f3f2fa-fdb1-4331-a605-6d2079df4ab4","pass","True","False","False","False",,"identity.azure.net","True","False",,,,"False","False","False","False","False",,"ManagedIdentity","e8f3f2fa-fdb1-4331-a605-6d2079df4ab4;https://identity.azure.net/S1JpIw6X3oXv9LCw6/Wgf8snRhcZ556UBeyJwkaGoqI=","True","False","",,"Disabled","False","Microsoft;No OAuth grants","","","0"
"soc4052-baseit-soc-d73ecfc8-13d0-43ba-bdc5-20d27c46b8ed","60d3e72c-7a07-41d0-bf02-a968299f6f68","pass","False","False","True","False","Base-IT Intune.cc",,"False","False",,,"a65f6b72-abef-4f0b-88d6-3256be9a72d1","False","False","False","False","False",,"Application","60d3e72c-7a07-41d0-bf02-a968299f6f68","False","False","",,"Disabled","True","Home Tenant;staleApps;No OAuth grants","","","0"
"Microsoft Intune AAD BitLocker Recovery Key Integration","ccf4d8df-75ce-4107-8ea5-7afd618d4d8a","pass","True","False","False","False","Microsoft Services",,"False","False",,,"f8cdef31-a31e-4b4a-93e4-5f571e91255a","True","True","False","False","False",,"Application","ccf4d8df-75ce-4107-8ea5-7afd618d4d8a","False","False","",,"Disabled","False","Microsoft;No OAuth grants","","","0"
"Sales Copilot Power Virtual Agents Bot (Microsoft Copilot Studio)","eea35fb1-ac61-4de5-8e95-95f1bc9ff320","pass","False","False","True","False","Base-IT Intune.cc",,"False","False",,,"a65f6b72-abef-4f0b-88d6-3256be9a72d1","False","False","False","False","False",,"Application","eea35fb1-ac61-4de5-8e95-95f1bc9ff320","False","False","AIAgentBuilder;AgentCreatedBy:CopilotStudio;AgenticApp;power-virtual-agents-33717fd1-3ac9-4399-5840-844fbc9a5427","This application is required to support messaging and authentication for an individual chatbot built with Power Virtual Agents. Power Platform Environment: '19dde003-f47b-e12b-bdf6-e963eddc0758', Bot Id: '33717fd1-3ac9-4399-5840-844fbc9a5427', More information: https://go.microsoft.com/fwlink/?linkid=2096220","Disabled","False","Home Tenant;No OAuth grants","","","0"
"Azure Sentinel Content Deployment App (5d9b0313-1c54-4766-b2ab-fbb6d4d6ea06)","27b99f5c-30d6-4133-a446-5c70d7e08ba6","pass","False","False","True","False","Base-IT Intune.cc",,"False","False",,,"a65f6b72-abef-4f0b-88d6-3256be9a72d1","False","False","False","False","False",,"Application","27b99f5c-30d6-4133-a446-5c70d7e08ba6","False","False","",,"Disabled","True","Home Tenant;staleApps;No OAuth grants","","","0"
"MISP-Orchestrator","81339215-734e-42c9-85bc-d1de4391247c","pass","True","False","False","False",,"identity.azure.net","True","False",,,,"False","False","False","False","False",,"ManagedIdentity","https://identity.azure.net/H1+fOPUbDf7BQLJsJgtwY6u66BgrwZHJyVLdBlSw/pM=;81339215-734e-42c9-85bc-d1de4391247c","True","False","",,"Disabled","False","Microsoft;No OAuth grants","","","0"
"Microsoft Azure Linux Virtual Machine Sign-In","ce6ff14a-7fdc-4685-bbe0-f6afdfcfa8e0","pass","True","False","False","False","Microsoft Services","pas.windows.net","True","False",,,"f8cdef31-a31e-4b4a-93e4-5f571e91255a","True","True","False","False","False",,"Application","https://pas.windows.net/CheckMyAccess/Linux;ce6ff14a-7fdc-4685-bbe0-f6afdfcfa8e0","True","False","",,"Disabled","False","Microsoft;No OAuth grants","","","0"
"ForPe-201001-Nothing-Selected-Teams (Microsoft Copilot Studio)","9c313ff9-c322-435a-8e50-7ded9373c63d","pass","False","False","True","False","Base-IT Intune.cc",,"False","False",,,"a65f6b72-abef-4f0b-88d6-3256be9a72d1","False","False","False","False","False",,"Application","9c313ff9-c322-435a-8e50-7ded9373c63d","False","False","AgenticApp;AIAgentBuilder;AgentCreatedBy:CopilotStudio;AgenticInstance;power-virtual-agents-f4f62c96-94db-fe0d-930e-7c5c83126633","This application is required to support messaging and authentication for an individual chatbot built with Power Virtual Agents. Power Platform Environment: '035a17de-c1e1-e6f2-abe2-ee8e69d5c556', Bot Id: 'f4f62c96-94db-fe0d-930e-7c5c83126633', More information: https://go.microsoft.com/fwlink/?linkid=2096220","Disabled","False","Home Tenant;No OAuth grants","","","0"
"Hyper-V Recovery Manager","b8340c3b-9267-498f-b21a-15d5547fd85e","pass","True","False","False","False","Microsoft Services",,"False","False",,,"f8cdef31-a31e-4b4a-93e4-5f571e91255a","True","True","False","False","False",,"Application","b8340c3b-9267-498f-b21a-15d5547fd85e","False","False","disableRequestingTenantedPassthroughTokens;disableAcceptingTenantedPassthroughTokens",,"Disabled","False","Microsoft;No OAuth grants","","","0"
"huema-checkmk","c575df7b-3743-4ced-9b03-afb5ae0f78a5","pass","True","False","False","False",,"identity.azure.net","True","False",,,,"False","False","False","False","False",,"ManagedIdentity","c575df7b-3743-4ced-9b03-afb5ae0f78a5;https://identity.azure.net/1bybiCaAsaUJ+w62kOi1kKZ5ND4VYK9gWtXqRibsD6A=","True","False","",,"Disabled","False","Microsoft;No OAuth grants","","","0"
"Microsoft Seller Dashboard","0000000b-0000-0000-c000-000000000000","pass","True","False","False","False","Microsoft Services","sellerdashboard.microsoft.com","True","False",,,"f8cdef31-a31e-4b4a-93e4-5f571e91255a","True","True","False","False","False",,"Application","https://sellerdashboard.microsoft.com/;0000000b-0000-0000-c000-000000000000;0000000b-0000-0000-c000-000000000000/sellerdashboard.microsoft.com","True","False","",,"OpenID Connect","False","Microsoft;No OAuth grants","","","0"
"P2P Server","891c524e-6bb3-4ec5-89f6-43be4fd245ed","pass","False","False","True","False","Base-IT Intune.cc",,"False","False",,,"a65f6b72-abef-4f0b-88d6-3256be9a72d1","False","False","False","False","False",,"Application","urn:p2p_cert;891c524e-6bb3-4ec5-89f6-43be4fd245ed","False","False","",,"Disabled","False","Home Tenant;No OAuth grants","","","0"
"MicrosoftMigrateProject","e3bfd6ac-eace-4438-9dc1-eed439e738de","pass","True","False","False","False","Microsoft Services",,"False","False",,,"f8cdef31-a31e-4b4a-93e4-5f571e91255a","True","True","False","False","False",,"Application","e3bfd6ac-eace-4438-9dc1-eed439e738de","False","False","",,"Disabled","False","Microsoft;No OAuth grants","","","0"
"vm-ErbHa","d1796f5d-22f8-4a41-b834-a6c035047f02","pass","True","False","False","False",,"identity.azure.net","True","False",,,,"False","False","False","False","False",,"ManagedIdentity","https://identity.azure.net/W2/UID7YY6Re+ewrkgZKu1fxxWaAWTr+S6E56QbDWVw=;d1796f5d-22f8-4a41-b834-a6c035047f02","True","False","",,"Disabled","False","Microsoft;No OAuth grants","","","0"
"Microsoft Azure BatchAI","9fcb3732-5f52-4135-8c08-9d4bbaf203ea","pass","True","False","False","False","Microsoft Services","batchai.core.windows.net","True","False","Microsoft Corporation","5206095","f8cdef31-a31e-4b4a-93e4-5f571e91255a","True","True","True","False","False",,"Application","https://batchai.core.windows.net/;9fcb3732-5f52-4135-8c08-9d4bbaf203ea","True","False","",,"OpenID Connect","False","Microsoft;No OAuth grants","","","0"
"Bruph-app-delete","d87bfc15-4fc3-48b3-b3b6-8ec17c3b7732","pass","True","False","False","False",,"identity.azure.net","True","False",,,,"False","False","False","False","False",,"ManagedIdentity","d87bfc15-4fc3-48b3-b3b6-8ec17c3b7732;https://identity.azure.net/nnQDxeejTmE19DVdNlqThQ2kHW1KWZBWdhp5dKQyUAs=","True","False","",,"Disabled","False","Microsoft;No OAuth grants","","","0"
"Azure Cognitive Search","880da380-985e-4198-81b9-e05b1cc53158","pass","True","False","False","False","Microsoft Services","search.azure.com","True","False","Microsoft Corporation","5206095","f8cdef31-a31e-4b4a-93e4-5f571e91255a","True","True","True","False","False",,"Application","https://search.azure.com;880da380-985e-4198-81b9-e05b1cc53158","True","False","disableLegacyUserImpersonationClient;disableLegacyUserImpersonationResource",,"Disabled","False","Microsoft;No OAuth grants","","","0"
"Audit Search Api Service","e158eb19-34ac-4d1b-a930-ec92172f7a97","pass","True","False","False","False","Microsoft Services","e158eb19-34ac-4d1b-a930-ec92172f7a97","False","False",,,"f8cdef31-a31e-4b4a-93e4-5f571e91255a","True","True","False","False","False",,"Application","api://e158eb19-34ac-4d1b-a930-ec92172f7a97;https://o365auditsearch.manage.office.com;https://search.auditing.trafficmanager.net;e158eb19-34ac-4d1b-a930-ec92172f7a97;https://test1.search.auditing.trafficmanager.net;https://test2.search.auditing.trafficmanager.net;https://search.auditing.trafficmanager.net/","True","False","",,"OpenID Connect","False","Microsoft;No OAuth grants","","","0"
"ATHQHCICL01.arc","47541949-1c7d-4bbd-b791-8103f52e6af2","pass","False","False","True","False","Base-IT Intune.cc",,"False","False",,,"a65f6b72-abef-4f0b-88d6-3256be9a72d1","False","False","False","False","False",,"Application","47541949-1c7d-4bbd-b791-8103f52e6af2","False","False","",,"Disabled","False","Home Tenant;No OAuth grants","","","0"
"migra-nowma8dc5authandaccessaadapp","2c34eebb-12ac-4154-a0bd-1380601e340a","pass","False","False","True","False","Base-IT Intune.cc",,"False","False",,,"a65f6b72-abef-4f0b-88d6-3256be9a72d1","False","False","False","False","False",,"Application","2c34eebb-12ac-4154-a0bd-1380601e340a","False","False","AzureMigrateAppliance",,"Disabled","True","Home Tenant;staleApps;No OAuth grants","","","0"
"Power Platform Connector Management Service - PROD","59534ab2-0027-4a45-b9ec-61d1b6b871c9","pass","True","False","False","False","Microsoft Services",,"False","False",,,"f8cdef31-a31e-4b4a-93e4-5f571e91255a","True","True","False","False","False",,"Application","59534ab2-0027-4a45-b9ec-61d1b6b871c9","False","False","disableLegacyUserImpersonationClient;disableLegacyUserImpersonationResource;GitCreatedApp",,"Disabled","False","Microsoft;No OAuth grants","","","0"
"checkmk-test-linux2","acc4ba76-a021-4688-b949-10a402063400","pass","True","False","False","False",,"identity.azure.net","True","False",,,,"False","False","False","False","False",,"ManagedIdentity","acc4ba76-a021-4688-b949-10a402063400;https://identity.azure.net/GEUPxkDE8Unfh/RznieF0ucqmJSjF9zm3IG4U8TrSyk=","True","False","",,"Disabled","False","Microsoft;No OAuth grants","","","0"
"Microsoft Customer Engagement Portal","71234da4-b92f-429d-b8ec-6e62652e50d7","pass","True","False","False","False","Microsoft Services","portal.dynamics.com","False","False",,,"f8cdef31-a31e-4b4a-93e4-5f571e91255a","True","True","False","False","False",,"Application","https://portal.dynamics.com;71234da4-b92f-429d-b8ec-6e62652e50d7;https://portal.dynamics.com/","False","False","",,"OpenID Connect","False","Microsoft;No OAuth grants","","","0"
"Teams Policy Notification Processor Service","61f9e166-f678-4342-bfd3-b49781ce7a0a","pass","True","False","False","False","Microsoft Services",,"False","False",,,"f8cdef31-a31e-4b4a-93e4-5f571e91255a","True","True","False","False","False",,"Application","61f9e166-f678-4342-bfd3-b49781ce7a0a","False","False","",,"Disabled","False","Microsoft;No OAuth grants","","","0"
"DWEngineV2","441509e5-a165-4363-8ee7-bcf0b7d26739","pass","True","False","False","False","Microsoft Services","substrate.office.com","True","False",,,"f8cdef31-a31e-4b4a-93e4-5f571e91255a","True","True","False","False","False",,"Application","https://substrate.office.com/WKWService;https://outlook.office365.com/DWEngineV2/;https://outlook.office365.com/ebots;https://outlook.office365.com/dwengine;441509e5-a165-4363-8ee7-bcf0b7d26739","True","False","",,"OpenID Connect","False","Microsoft;No OAuth grants","","","0"
"Azure Gallery RP","b28ec8e1-950e-4bd0-b3d0-c1e93074b88b","pass","True","False","False","False","Microsoft Services","gallery.azure.com","True","False",,,"f8cdef31-a31e-4b4a-93e4-5f571e91255a","True","True","False","False","False",,"Application","https://gallery.azure.com;b28ec8e1-950e-4bd0-b3d0-c1e93074b88b","True","False","",,"OpenID Connect","False","Microsoft;No OAuth grants","","","0"
"Agent 5 (Microsoft Copilot Studio)","89e406bb-2f76-4c29-b08e-0c69476240db","pass","False","False","True","False","Base-IT Intune.cc",,"False","False",,,"a65f6b72-abef-4f0b-88d6-3256be9a72d1","False","False","False","False","False",,"Application","89e406bb-2f76-4c29-b08e-0c69476240db","False","False","AgenticApp;AIAgentBuilder;AgentCreatedBy:CopilotStudio;AgenticInstance;power-virtual-agents-1937ac3a-a9dc-72f9-3f85-2c235d6bbae8","This application is required to support messaging and authentication for an individual chatbot built with Power Virtual Agents. Power Platform Environment: '035a17de-c1e1-e6f2-abe2-ee8e69d5c556', Bot Id: '1937ac3a-a9dc-72f9-3f85-2c235d6bbae8', More information: https://go.microsoft.com/fwlink/?linkid=2096220","Disabled","False","Home Tenant;No OAuth grants","","","0"
"EdgeSites","17962ed5-6318-422b-b607-83385030b63d","pass","True","False","False","False","Microsoft Services",,"False","False","Microsoft Corporation","5206095","f8cdef31-a31e-4b4a-93e4-5f571e91255a","True","True","True","False","False",,"Application","17962ed5-6318-422b-b607-83385030b63d","False","False","disableLegacyUserImpersonationResource;disableLegacyUserImpersonationClient",,"Disabled","False","Microsoft;No OAuth grants","","","0"
"Viva Learning","2c9e12e5-a56c-4ba1-b768-7a141586c6fe","pass","True","False","False","False","Microsoft Services","noam-df.learningapp.microsoft.com","True","False","Microsoft Corporation","5206095","f8cdef31-a31e-4b4a-93e4-5f571e91255a","True","True","True","False","False",,"Application","https://noam-df.learningapp.microsoft.com;api://auth-c4dc4cf7-550a-4694-a2be-0aaa1c215788/2c9e12e5-a56c-4ba1-b768-7a141586c6fe;https://learningapp.microsoft.com/botid-ab794c79-7fab-4b3e-a8af-a02a57d4e943;api://botid-ab794c79-7fab-4b3e-a8af-a02a57d4e943;https://learningapp.microsoft.com;2c9e12e5-a56c-4ba1-b768-7a141586c6fe;api://botid-c146d8f9-2e26-4118-9cd0-bba9c72bb4e4;https://learningapp.microsoft.com/botid-c146d8f9-2e26-4118-9cd0-bba9c72bb4e4","True","False","",,"OpenID Connect","False","Microsoft;No OAuth grants","","","0"
"People Profile Event Proxy","65c8bd9e-caac-4816-be98-0692f41191bc","pass","True","False","False","False","Microsoft Services",,"False","False","Microsoft Corporation","5206095","f8cdef31-a31e-4b4a-93e4-5f571e91255a","True","True","True","False","False",,"Application","65c8bd9e-caac-4816-be98-0692f41191bc","False","False","disableLegacyUserImpersonationResource;disableLegacyUserImpersonationClient",,"Disabled","False","Microsoft;No OAuth grants","","","0"
"M365AdminSettingsService","914fed76-dc75-4540-bf23-57624291b0ec","pass","True","False","False","False","Microsoft Services",,"False","False",,,"f8cdef31-a31e-4b4a-93e4-5f571e91255a","True","True","False","False","False",,"Application","914fed76-dc75-4540-bf23-57624291b0ec","False","False","disableLegacyUserImpersonationClient;disableLegacyUserImpersonationResource;GitCreatedApp",,"Disabled","False","Microsoft;No OAuth grants","","","0"
"OfficeGraph","ba23cd2a-306c-48f2-9d62-d3ecd372dfe4","pass","True","False","False","False","Microsoft Services",,"False","False",,,"f8cdef31-a31e-4b4a-93e4-5f571e91255a","True","True","False","False","False",,"Application","ba23cd2a-306c-48f2-9d62-d3ecd372dfe4","False","False","",,"Disabled","False","Microsoft;No OAuth grants","","","0"
"Azure Spring Cloud Resource Provider","e8de9221-a19c-4c81-b814-fd37c6caf9d2","pass","True","False","False","False","Microsoft Services",,"False","False",,,"f8cdef31-a31e-4b4a-93e4-5f571e91255a","True","True","False","False","False",,"Application","e8de9221-a19c-4c81-b814-fd37c6caf9d2","False","False","",,"Disabled","False","Microsoft;No OAuth grants","","","0"
"CloudLicensingSystem","de247707-4e4a-47d6-89fd-3c632f870b34","pass","True","False","False","False","Microsoft Services","cloudlicensing.microsoft.com","True","False",,,"f8cdef31-a31e-4b4a-93e4-5f571e91255a","True","True","False","False","False",,"Application","https://cloudlicensing.microsoft.com;de247707-4e4a-47d6-89fd-3c632f870b34","True","False","",,"Disabled","False","Microsoft;No OAuth grants","","","0"
"Azure Database for PostgreSQL Flexible Server Private Network Integration","93efed00-6552-4119-833a-422b297199f9","pass","True","False","False","False","Microsoft Services",,"False","False",,,"f8cdef31-a31e-4b4a-93e4-5f571e91255a","True","True","False","False","False",,"Application","93efed00-6552-4119-833a-422b297199f9","False","False","",,"Disabled","False","Microsoft;No OAuth grants","","","0"
"PowerApps Service","475226c6-020e-4fb2-8a90-7a972cbfc1d4","pass","True","False","False","False","Microsoft Services","api.powerapps.com","False","False",,,"f8cdef31-a31e-4b4a-93e4-5f571e91255a","True","True","False","False","False",,"Application","475226c6-020e-4fb2-8a90-7a972cbfc1d4;https://api.powerapps.com/;https://service.powerapps.com/;https://api.powerapps.com;https://service.powerapps.com","False","False","",,"OpenID Connect","False","Microsoft;No OAuth grants","","","0"
"Agent (Microsoft Copilot Studio)","efaeec50-3955-40b8-9bc1-764986b40eda","pass","False","False","True","False","Base-IT Intune.cc",,"False","False",,,"a65f6b72-abef-4f0b-88d6-3256be9a72d1","False","False","False","False","False",,"Application","efaeec50-3955-40b8-9bc1-764986b40eda","False","False","AgenticApp;AIAgentBuilder;AgentCreatedBy:CopilotStudio;AgenticInstance;power-virtual-agents-3489ab36-22d9-db30-681a-bb6a664857db","This application is required to support messaging and authentication for an individual chatbot built with Power Virtual Agents. Power Platform Environment: '239d074e-010f-e2dc-ad01-43f3e5081016', Bot Id: '3489ab36-22d9-db30-681a-bb6a664857db', More information: https://go.microsoft.com/fwlink/?linkid=2096220","Disabled","False","Home Tenant;No OAuth grants","","","0"
"ForPe-201001-Nothing-AllOrganization (Microsoft Copilot Studio)","b3aaad61-7bb1-4ca0-8e74-6cb9c09fa998","pass","False","False","True","False","Base-IT Intune.cc",,"False","False",,,"a65f6b72-abef-4f0b-88d6-3256be9a72d1","False","False","False","False","False",,"Application","b3aaad61-7bb1-4ca0-8e74-6cb9c09fa998","False","False","AgenticApp;AIAgentBuilder;AgentCreatedBy:CopilotStudio;AgenticInstance;power-virtual-agents-526ebbd6-498a-cf6f-6ec3-caa4d553d67b","This application is required to support messaging and authentication for an individual chatbot built with Power Virtual Agents. Power Platform Environment: '035a17de-c1e1-e6f2-abe2-ee8e69d5c556', Bot Id: '526ebbd6-498a-cf6f-6ec3-caa4d553d67b', More information: https://go.microsoft.com/fwlink/?linkid=2096220","Disabled","False","Home Tenant;No OAuth grants","","","0"
"Azure Spring Cloud Marketplace Integration","86adf623-eea3-4453-9f4a-18134ac1410d","pass","True","False","False","False","Microsoft Services",,"False","False",,,"f8cdef31-a31e-4b4a-93e4-5f571e91255a","True","True","False","False","False",,"Application","86adf623-eea3-4453-9f4a-18134ac1410d","False","False","",,"Disabled","False","Microsoft;No OAuth grants","","","0"
"SharePoint Framework Azure AD Helper","e29b5c86-b9ab-4a86-9a20-d10842007599","pass","True","False","False","False","Microsoft Services",,"False","False",,,"f8cdef31-a31e-4b4a-93e4-5f571e91255a","True","True","False","False","False",,"Application","e29b5c86-b9ab-4a86-9a20-d10842007599","False","False","disableRequestingTenantedPassthroughTokens;disableAcceptingTenantedPassthroughTokens",,"OpenID Connect","False","Microsoft;No OAuth grants","","","0"
"Azure Key Vault Managed HSM","589d5083-6f11-4d30-a62a-a4b316a14abf","pass","True","False","False","False","Microsoft Services","managedhsm.azure.net","True","False","Microsoft Corporation","5206095","f8cdef31-a31e-4b4a-93e4-5f571e91255a","True","True","True","False","False",,"Application","https://managedhsm.azure.net;589d5083-6f11-4d30-a62a-a4b316a14abf","True","False","",,"Disabled","False","Microsoft;No OAuth grants","","","0"
"Membership View Service","f7a2a81e-ab33-4560-a3dd-6ddca3c5ec6d","pass","True","False","False","False","Microsoft Services","view.api.account.microsoft.com","True","False",,,"f8cdef31-a31e-4b4a-93e4-5f571e91255a","True","True","False","False","False",,"Application","https://view.api.account.microsoft.com;f7a2a81e-ab33-4560-a3dd-6ddca3c5ec6d;https://profiles.view.api.account.microsoft.com","True","False","",,"Disabled","False","Microsoft;No OAuth grants","","","0"
"Customer Experience Platform CDPA Provisioning PROD","e3cf99e1-a6e5-4284-9f92-261c7713bc54","pass","True","False","False","False","Microsoft Services",,"False","False",,,"f8cdef31-a31e-4b4a-93e4-5f571e91255a","True","True","False","False","False",,"Application","e3cf99e1-a6e5-4284-9f92-261c7713bc54","False","False","",,"Disabled","False","Microsoft;No OAuth grants","","","0"
"D365 Sales Agent - Research (Microsoft Copilot Studio)","5ba55f9d-f666-4a6e-9139-652fe7a93881","pass","False","False","True","False","Base-IT Intune.cc",,"False","False",,,"a65f6b72-abef-4f0b-88d6-3256be9a72d1","False","False","False","False","False",,"Application","5ba55f9d-f666-4a6e-9139-652fe7a93881","False","False","AgenticApp;AIAgentBuilder;AgentCreatedBy:CopilotStudio;AgenticInstance;power-virtual-agents-f5456da8-33c1-a2f5-d20f-fc4e428757f5","This application is required to support messaging and authentication for an individual chatbot built with Power Virtual Agents. Power Platform Environment: '19dde003-f47b-e12b-bdf6-e963eddc0758', Bot Id: 'f5456da8-33c1-a2f5-d20f-fc4e428757f5', More information: https://go.microsoft.com/fwlink/?linkid=2096220","Disabled","False","Home Tenant;No OAuth grants","","","0"
"Agent 4 (Microsoft Copilot Studio)","52e40b66-6343-4c43-94e3-714919e71301","pass","False","False","True","False","Base-IT Intune.cc",,"False","False",,,"a65f6b72-abef-4f0b-88d6-3256be9a72d1","False","False","False","False","False",,"Application","52e40b66-6343-4c43-94e3-714919e71301","False","False","AgenticApp;AIAgentBuilder;AgentCreatedBy:CopilotStudio;AgenticInstance;power-virtual-agents-79fe15aa-ce4b-39b4-b61e-5e851eb3ffb2","This application is required to support messaging and authentication for an individual chatbot built with Power Virtual Agents. Power Platform Environment: '035a17de-c1e1-e6f2-abe2-ee8e69d5c556', Bot Id: '79fe15aa-ce4b-39b4-b61e-5e851eb3ffb2', More information: https://go.microsoft.com/fwlink/?linkid=2096220","Disabled","False","Home Tenant;No OAuth grants","","","0"
"Microsoft Graph Connectors Core","f8f7a2aa-e116-4ba6-8aea-ca162cfa310d","pass","True","False","False","False","Microsoft Services","substrate.office.com","True","False",,,"f8cdef31-a31e-4b4a-93e4-5f571e91255a","True","True","False","False","False",,"Application","https://substrate.office.com/cdapi;f8f7a2aa-e116-4ba6-8aea-ca162cfa310d","True","False","",,"Disabled","False","Microsoft;No OAuth grants","","","0"
"Azure DevOps","499b84ac-1321-427f-aa17-267ca6975798","pass","True","False","False","False","Microsoft Services","analytics.dev.azure.com","True","False","Microsoft Corporation","5206095","f8cdef31-a31e-4b4a-93e4-5f571e91255a","True","True","True","False","False",,"Application","https://analytics.dev.azure.com/;https://app.vssps.vsallin.net/;https://app.vssps.visualstudio.com/;https://wcus0.app.vssps.visualstudio.com;499b84ac-1321-427f-aa17-267ca6975798","True","False","",,"OpenID Connect","False","Microsoft;No OAuth grants","","","0"
"MIP Exchange Solutions - Teams","2c220739-d44d-4bf7-ba5f-95cf9fb7f10c","pass","True","False","False","False","Microsoft Services",,"False","False",,,"f8cdef31-a31e-4b4a-93e4-5f571e91255a","True","True","False","False","False",,"Application","2c220739-d44d-4bf7-ba5f-95cf9fb7f10c","False","False","",,"Disabled","False","Microsoft;No OAuth grants","","","0"
"Teams Meeting Label Propagation Service","e9d778bd-0cde-4e66-977e-3702cef954c0","pass","True","False","False","False","Microsoft Services",,"False","False",,,"f8cdef31-a31e-4b4a-93e4-5f571e91255a","True","True","False","False","False",,"Application","e9d778bd-0cde-4e66-977e-3702cef954c0","False","False","disableLegacyUserImpersonationClient;disableLegacyUserImpersonationResource;GitCreatedApp",,"Disabled","False","Microsoft;No OAuth grants","","","0"
"EntraGDAP","bc56af95-7a3b-459f-98a9-bd86532b0e89","pass","True","False","False","False","Microsoft Services",,"False","False",,,"f8cdef31-a31e-4b4a-93e4-5f571e91255a","True","True","False","False","False",,"Application","bc56af95-7a3b-459f-98a9-bd86532b0e89","False","False","disableLegacyUserImpersonationClient;disableLegacyUserImpersonationResource;GitCreatedApp",,"Disabled","False","Microsoft;No OAuth grants","","","0"
"Containers/securityOperators/DefenderForContainersSecurityOperator","37191dcf-d27e-4d9c-8197-ced6ad889909","pass","True","False","False","False",,"identity.azure.net","True","False",,,,"False","False","False","False","False",,"ManagedIdentity","https://identity.azure.net/GCd0tMJWxDPp0+nnEDhH/cWBIut7V7AqPd9bEeLxvvs=;37191dcf-d27e-4d9c-8197-ced6ad889909","True","False","",,"Disabled","False","Microsoft;No OAuth grants","","","0"
"Agent 5 (Microsoft Copilot Studio)","3e48551f-fe93-47d0-8313-af8ace1938b2","pass","False","False","True","False","Base-IT Intune.cc",,"False","False",,,"a65f6b72-abef-4f0b-88d6-3256be9a72d1","False","False","False","False","False",,"Application","3e48551f-fe93-47d0-8313-af8ace1938b2","False","False","AgenticApp;AIAgentBuilder;AgentCreatedBy:CopilotStudio;AgenticInstance;power-virtual-agents-ebe5b7c6-4247-13f6-a6ac-6fed1522365c","This application is required to support messaging and authentication for an individual chatbot built with Power Virtual Agents. Power Platform Environment: '035a17de-c1e1-e6f2-abe2-ee8e69d5c556', Bot Id: 'ebe5b7c6-4247-13f6-a6ac-6fed1522365c', More information: https://go.microsoft.com/fwlink/?linkid=2096220","Disabled","False","Home Tenant;No OAuth grants","","","0"
"checkmk-test-linux","a8eaf804-12cc-4738-ace2-350e619d2e91","pass","True","False","False","False",,"identity.azure.net","True","False",,,,"False","False","False","False","False",,"ManagedIdentity","a8eaf804-12cc-4738-ace2-350e619d2e91;https://identity.azure.net/t4fUTmpQod7iVXsBaIHSRq65xyUaf9qpq1NxYhBaOXE=","True","False","",,"Disabled","False","Microsoft;No OAuth grants","","","0"
"Microsoft Teams Copilot Aggregator","0e959cba-d60f-49b7-afe3-1b7c34563e37","pass","True","False","False","False","Microsoft Services","tca.teams.core.microsoft.com","True","False",,,"f8cdef31-a31e-4b4a-93e4-5f571e91255a","True","True","False","False","False",,"Application","0e959cba-d60f-49b7-afe3-1b7c34563e37;https://tca.teams.core.microsoft.com","True","False","disableLegacyUserImpersonationClient;disableLegacyUserImpersonationResource;GitCreatedApp",,"OpenID Connect","False","Microsoft;No OAuth grants","","","0"
"Bing Search APIs","c19490b5-c092-426f-b1a2-674b279d4975","pass","True","False","False","False","Microsoft Services","api.bing.microsoft.com","True","False",,,"f8cdef31-a31e-4b4a-93e4-5f571e91255a","True","True","False","False","False",,"Application","c19490b5-c092-426f-b1a2-674b279d4975;https://api.bing.microsoft.com","True","False","disableLegacyUserImpersonationResource;disableLegacyUserImpersonationClient",,"Disabled","False","Microsoft;No OAuth grants","","","0"
"Power Policy CM - PROD","c81c4f54-f70c-49e3-a01d-0a44ed684c5a","pass","True","False","False","False","Microsoft Services",,"False","False",,,"f8cdef31-a31e-4b4a-93e4-5f571e91255a","True","True","False","False","False",,"Application","c81c4f54-f70c-49e3-a01d-0a44ed684c5a","False","False","disableLegacyUserImpersonationClient;disableLegacyUserImpersonationResource;GitCreatedApp",,"Disabled","False","Microsoft;No OAuth grants","","","0"
"Logic-EntraIDGuestLCM-DeleteGuestUsersAfterGracePeriod","6573eebb-08d2-401a-9687-0b07bc35ed22","pass","True","False","False","False",,"identity.azure.net","True","False",,,,"False","False","False","False","False",,"ManagedIdentity","6573eebb-08d2-401a-9687-0b07bc35ed22;https://identity.azure.net/qUbXZfposDobajChov6y7OZdTUe9E65OebiVLBFasA4=","True","False","",,"Disabled","False","Microsoft;No OAuth grants","","","0"
"Microsoft Azure Log Search Alerts","f6b60513-f290-450e-a2f3-9930de61c5e7","pass","True","False","False","False","Microsoft Services",,"False","False",,,"f8cdef31-a31e-4b4a-93e4-5f571e91255a","True","True","False","False","False",,"Application","f6b60513-f290-450e-a2f3-9930de61c5e7","False","False","",,"Disabled","False","Microsoft;No OAuth grants","","","0"
"Power Query Online GCC-L5","8c8fbf21-0ef3-4f60-81cf-0df811ff5d16","pass","True","False","False","False","Microsoft Services","mil.powerquery.microsoft.us","True","False",,,"f8cdef31-a31e-4b4a-93e4-5f571e91255a","True","True","False","False","False",,"Application","https://mil.powerquery.microsoft.us;8c8fbf21-0ef3-4f60-81cf-0df811ff5d16","True","False","",,"Disabled","False","Microsoft;No OAuth grants","","","0"
"Windows Azure Security Resource Provider","8edd93e1-2103-40b4-bd70-6e34e586362d","pass","True","False","False","False","Microsoft Services",,"False","False",,,"f8cdef31-a31e-4b4a-93e4-5f571e91255a","True","True","False","False","False",,"Application","8edd93e1-2103-40b4-bd70-6e34e586362d","False","False","",,"Disabled","False","Microsoft;No OAuth grants","","","0"
"Microsoft.Azure.DataMarket","00000008-0000-0000-c000-000000000000","pass","True","False","False","False","Microsoft Services","datamarket.azure.com","True","False",,,"f8cdef31-a31e-4b4a-93e4-5f571e91255a","True","True","False","False","False",,"Application","00000008-0000-0000-c000-000000000000;00000008-0000-0000-c000-000000000000/datamarket.azure.com","True","False","",,"Disabled","False","Microsoft;No OAuth grants","","","0"
"ATHQAPP02","b0c35a31-e720-41d9-a696-00773cea6a58","pass","False","False","True","True","Base-IT Intune.cc","b0c35a31-e720-41d9-a696-00773cea6a58","False","False",,,"a65f6b72-abef-4f0b-88d6-3256be9a72d1","False","False","False","True","False",,"Application","api://b0c35a31-e720-41d9-a696-00773cea6a58;b0c35a31-e720-41d9-a696-00773cea6a58","False","False","IsAccessibleViaZTNAClient;HideApp;PrivateAccessNonWebApplication;WindowsAzureActiveDirectoryCustomSingleSignOnApplication;WindowsAzureActiveDirectoryIntegratedApp",,"Disabled","True","Home Tenant;Hidden;staleApps;No OAuth grants","","","0"
"Microsoft Healthcare Applications Org Management","3462582d-8034-46c8-afa7-04670cde5ea4","pass","True","False","False","False","Microsoft Services",,"False","False","Microsoft Corporation","5206095","f8cdef31-a31e-4b4a-93e4-5f571e91255a","True","True","True","False","False",,"Application","3462582d-8034-46c8-afa7-04670cde5ea4","False","False","disableLegacyUserImpersonationClient;disableLegacyUserImpersonationResource;GitCreatedApp",,"Disabled","False","Microsoft;No OAuth grants","","","0"
"ComplianceAuthServer","9e5d84af-8971-422f-968a-354cd675ae5b","pass","True","False","False","False","Microsoft Services","substrate.office.com","True","False",,,"f8cdef31-a31e-4b4a-93e4-5f571e91255a","True","True","False","False","False",,"Application","https://substrate.office.com/ComplianceAuthServer;9e5d84af-8971-422f-968a-354cd675ae5b;https://substrate-dod.office365.us/ComplianceAuthServer;https://substrate.office365.us/ComplianceAuthServer","True","False","",,"Disabled","False","Microsoft;No OAuth grants","","","0"
"Discovery Service","d29a4c00-4966-492a-84dd-47e779578fb7","pass","True","False","False","False","Microsoft Services",,"False","False",,,"f8cdef31-a31e-4b4a-93e4-5f571e91255a","True","True","False","False","False",,"Application","d29a4c00-4966-492a-84dd-47e779578fb7","False","False","",,"Disabled","False","Microsoft;No OAuth grants","","","0"
"MicrosoftAzureActiveAuthn","0000001a-0000-0000-c000-000000000000","pass","True","False","False","False","Microsoft Services","pfweb.phonefactor.net","False","False",,,"f8cdef31-a31e-4b4a-93e4-5f571e91255a","True","True","False","False","False",,"Application","0000001a-0000-0000-c000-000000000000;0000001a-0000-0000-c000-000000000000/pfweb.phonefactor.net","False","False","",,"Disabled","False","Microsoft;No OAuth grants","","","0"
"MCAPI AAD Bridge Service","bd11ca0f-4fd6-4bb7-a259-4a36693b6e13","pass","True","False","False","False","Microsoft Services",,"False","False",,,"f8cdef31-a31e-4b4a-93e4-5f571e91255a","True","True","False","False","False",,"Application","bd11ca0f-4fd6-4bb7-a259-4a36693b6e13","False","False","",,"Disabled","False","Microsoft;No OAuth grants","","","0"
"console-m365d","f18b59c9-5926-4a65-8605-c23ec8c7e074","pass","True","False","False","False","Microsoft Services",,"False","False",,,"f8cdef31-a31e-4b4a-93e4-5f571e91255a","True","True","False","False","False",,"Application","f18b59c9-5926-4a65-8605-c23ec8c7e074","False","False","",,"Disabled","False","Microsoft;No OAuth grants","","","0"
"Microsoft Teams Admin Gateway Service","78462efa-e271-409c-a90b-ce3fbd93538a","pass","True","False","False","False","Microsoft Services","tags.gov.teams.microsoft.us","True","False",,,"f8cdef31-a31e-4b4a-93e4-5f571e91255a","True","True","False","False","False",,"Application","https://tags.gov.teams.microsoft.us;https://tags.teams.microsoft.com;78462efa-e271-409c-a90b-ce3fbd93538a","True","False","",,"OpenID Connect","False","Microsoft;No OAuth grants","","","0"
"Microsoft Teams IP Core Service","38d143fa-a9d8-4e3e-b073-81f3fefeaf95","pass","True","False","False","False","Microsoft Services","ipcore.gcc.teams.microsoft.com","True","False","Microsoft Corporation","5206095","f8cdef31-a31e-4b4a-93e4-5f571e91255a","True","True","True","False","False",,"Application","https://ipcore.gcc.teams.microsoft.com;38d143fa-a9d8-4e3e-b073-81f3fefeaf95;https://ipcore.teams.microsoft.com;https://ipcore-int.teams.microsoft.com;https://ipcore-test.teams.microsoft.com","True","False","",,"Disabled","False","Microsoft;No OAuth grants","","","0"
"Hans - the car dealer (Microsoft Copilot Studio)","135f88bd-d332-49fc-bf34-4aa263711274","pass","False","False","True","False","Base-IT Intune.cc",,"False","False",,,"a65f6b72-abef-4f0b-88d6-3256be9a72d1","False","False","False","False","False",,"Application","135f88bd-d332-49fc-bf34-4aa263711274","False","False","AgenticApp;AIAgentBuilder;AgentCreatedBy:CopilotStudio;AgenticInstance;power-virtual-agents-dcb6c72f-edf3-ce62-5508-93cf84eb2ae5","This application is required to support messaging and authentication for an individual chatbot built with Power Virtual Agents. Power Platform Environment: '035a17de-c1e1-e6f2-abe2-ee8e69d5c556', Bot Id: 'dcb6c72f-edf3-ce62-5508-93cf84eb2ae5', More information: https://go.microsoft.com/fwlink/?linkid=2096220","Disabled","False","Home Tenant;No OAuth grants","","","0"
"Policy Processor","1b489150-9b00-413a-83fd-6ef8f05b6e28","pass","True","False","False","False","Microsoft Services",,"False","False",,,"f8cdef31-a31e-4b4a-93e4-5f571e91255a","True","True","False","False","False",,"Application","1b489150-9b00-413a-83fd-6ef8f05b6e28","False","False","",,"Disabled","False","Microsoft;No OAuth grants","","","0"
"Friendly Car Dealer Agent 1 (Microsoft Copilot Studio)","c9ddc7c9-cc32-40eb-ab09-42703fd3723e","pass","False","False","True","False","Base-IT Intune.cc",,"False","False",,,"a65f6b72-abef-4f0b-88d6-3256be9a72d1","False","False","False","False","False",,"Application","c9ddc7c9-cc32-40eb-ab09-42703fd3723e","False","False","AgenticApp;AIAgentBuilder;AgentCreatedBy:CopilotStudio;AgenticInstance;power-virtual-agents-4581c921-206f-ce9b-3580-f0814e348f83","This application is required to support messaging and authentication for an individual chatbot built with Power Virtual Agents. Power Platform Environment: 'Default-a65f6b72-abef-4f0b-88d6-3256be9a72d1', Bot Id: '4581c921-206f-ce9b-3580-f0814e348f83', More information: https://go.microsoft.com/fwlink/?linkid=2096220","Disabled","False","Home Tenant;No OAuth grants","","","0"
"Microsoft Teams Intelligent Workspaces Interactions Service","0eb4bf93-cb63-4fe1-9d7d-70632ccf3082","pass","True","False","False","False","Microsoft Services","ds-interactions.teams.microsoft.com","True","False",,,"f8cdef31-a31e-4b4a-93e4-5f571e91255a","True","True","False","False","False",,"Application","0eb4bf93-cb63-4fe1-9d7d-70632ccf3082;https://ds-interactions.teams.microsoft.com","True","False","",,"Disabled","False","Microsoft;No OAuth grants","","","0"
"Office 365 SharePoint Online","00000003-0000-0ff1-ce00-000000000000","pass","True","False","False","False","Microsoft Services","00000003-0000-0ff1-ce00-000000000000","False","False",,,"f8cdef31-a31e-4b4a-93e4-5f571e91255a","True","True","False","False","False",,"Application","api://00000003-0000-0ff1-ce00-000000000000;https://onedrive.cloud.microsoft/;https://microsoft.sharepoint-df.com;00000003-0000-0ff1-ce00-000000000000;00000003-0000-0ff1-ce00-000000000000/*.sharepoint.com","True","False","disableAcceptingTenantedPassthroughTokens;disableRequestingTenantedPassthroughTokens",,"OpenID Connect","False","Microsoft;No OAuth grants","","","0"
"FortiGate SSL VPN","33ad26d1-30cc-4153-b0c9-50fdae181b3c","pass","False","False","True","False","Base-IT Intune.cc","90.146.23.91","False","False",,,"a65f6b72-abef-4f0b-88d6-3256be9a72d1","False","False","False","True","False",,"Application","https://90.146.23.91:9443/remote/saml/metadata;33ad26d1-30cc-4153-b0c9-50fdae181b3c","False","False","WindowsAzureActiveDirectoryIntegratedApp",,"SAML","False","Home Tenant;No OAuth grants","","","0"
"SEAL All credentials","38df11dd-582e-4207-be6f-b214675f44a1","pass","True","False","False","False","Microsoft Services","seal-all_creds","False","False",,,"f8cdef31-a31e-4b4a-93e4-5f571e91255a","True","True","False","False","False",,"Application","https://seal-all_creds;38df11dd-582e-4207-be6f-b214675f44a1","False","False","",,"Disabled","False","Microsoft;No OAuth grants","","","0"
"Azure AD Identity Governance - Entitlement Management","810dcf14-1858-4bf2-8134-4c369fa3235b","pass","True","False","False","False","Microsoft Services","pds.iga.azure.us","False","False",,,"f8cdef31-a31e-4b4a-93e4-5f571e91255a","True","True","False","False","False",,"Application","https://pds.iga.azure.us/;https://fcs.iga.azure.us/;https://elm.iga.azure.us/;https://pds.iga.azure.com/;https://fcs.iga.azure.com/;https://elm.iga.azure.com/;810dcf14-1858-4bf2-8134-4c369fa3235b;https://elm.iga.azure.us;https://elm.iga.azure.com","True","False","",,"OpenID Connect","False","Microsoft;No OAuth grants","","","0"
"OIDC Test Add-In","9116387b-ac1b-4080-9377-251330630a80","pass","False","False","True","True","Base-IT Intune.cc","9116387b-ac1b-4080-9377-251330630a80","False","False",,,"a65f6b72-abef-4f0b-88d6-3256be9a72d1","False","False","False","True","False",,"Application","api://9116387b-ac1b-4080-9377-251330630a80;9116387b-ac1b-4080-9377-251330630a80","False","False","HideApp;WindowsAzureActiveDirectoryIntegratedApp",,"OpenID Connect","False","Home Tenant;Hidden;No OAuth grants","","","0"
"ApplianceConnectAgentToDataPlane","d22ea4d1-2678-4a7b-aa5e-f340c2a7d993","pass","True","False","False","False","Microsoft Services",,"False","False",,,"f8cdef31-a31e-4b4a-93e4-5f571e91255a","True","True","False","False","False",,"Application","d22ea4d1-2678-4a7b-aa5e-f340c2a7d993","False","False","",,"Disabled","False","Microsoft;No OAuth grants","","","0"
"Graph Connector Federated Credential App","933838e2-bec1-440f-a634-9363c82e5b6d","pass","True","False","False","False","Microsoft Services","933838e2-bec1-440f-a634-9363c82e5b6d","False","False",,,"f8cdef31-a31e-4b4a-93e4-5f571e91255a","True","True","False","False","False",,"Application","933838e2-bec1-440f-a634-9363c82e5b6d;api://933838e2-bec1-440f-a634-9363c82e5b6d","False","False","disableLegacyUserImpersonationClient;disableLegacyUserImpersonationResource;GitCreatedApp",,"Disabled","False","Microsoft;No OAuth grants","","","0"
"O365 Demeter","982bda36-4632-4165-a46a-9863b1bbcf7d","pass","True","False","False","False","Microsoft Services","publisher-aircapi.1pp.microsoft.com","True","False",,,"f8cdef31-a31e-4b4a-93e4-5f571e91255a","True","True","False","False","False",,"Application","https://publisher-aircapi.1pp.microsoft.com;https://commerceapi.office.net;982bda36-4632-4165-a46a-9863b1bbcf7d","True","False","",,"OpenID Connect","False","Microsoft;No OAuth grants","","","0"
"EdgeUpdatesApp","a2a0ed0e-f5bd-4cb4-a040-7e38387bb944","pass","True","False","False","False","Microsoft Services",,"False","False","Microsoft Corporation","5206095","f8cdef31-a31e-4b4a-93e4-5f571e91255a","True","True","True","False","False",,"Application","a2a0ed0e-f5bd-4cb4-a040-7e38387bb944","False","False","disableLegacyUserImpersonationResource;disableLegacyUserImpersonationClient",,"Disabled","False","Microsoft;No OAuth grants","","","0"
"HoloLens Camera Roll Upload","6b11041d-54a2-4c4f-96a2-6053efe46d8b","pass","True","False","False","False","Microsoft Services",,"False","False",,,"f8cdef31-a31e-4b4a-93e4-5f571e91255a","True","True","False","False","False",,"Application","6b11041d-54a2-4c4f-96a2-6053efe46d8b","False","False","",,"OpenID Connect","False","Microsoft;No OAuth grants","","","0"
"IPSubstrate","4c8f074c-e32b-4ba7-b072-0f39d71daf51","pass","True","False","False","False","Microsoft Services","substrate.office.com","True","False",,,"f8cdef31-a31e-4b4a-93e4-5f571e91255a","True","True","False","False","False",,"Application","4c8f074c-e32b-4ba7-b072-0f39d71daf51;https://substrate.office.com/IPSubstrate;https://substrate.office.com/MipServices","True","False","",,"Disabled","False","Microsoft;No OAuth grants","","","0"
"Skype for Business OrgAA","ce933385-9390-45d1-9512-c8d228074e07","pass","True","False","False","False","Microsoft Services","oaaadm.voiceapps.infra.gov.teams.microsoft.us","True","False",,,"f8cdef31-a31e-4b4a-93e4-5f571e91255a","True","True","False","False","False",,"Application","https://oaaadm.voiceapps.infra.gov.teams.microsoft.us;https://oaaadm.voiceapps.infra.dod.teams.microsoft.us;ce933385-9390-45d1-9512-c8d228074e07","True","False","disableLegacyUserImpersonationClient;disableLegacyUserImpersonationResource",,"Disabled","False","Microsoft;No OAuth grants","","","0"
"Defender for Cloud - Private Link Resource Provider","d0ef82bb-244a-4458-9eb4-24a9f093f2c4","pass","True","False","False","False","Microsoft Services",,"False","False","Microsoft Corporation","5206095","f8cdef31-a31e-4b4a-93e4-5f571e91255a","True","True","True","False","False",,"Application","d0ef82bb-244a-4458-9eb4-24a9f093f2c4","False","False","disableLegacyUserImpersonationClient;disableLegacyUserImpersonationResource;GitCreatedApp",,"Disabled","False","Microsoft;No OAuth grants","","","0"
"Arc Token Service","d00b5d58-cae5-42ad-ae0a-5a2e6f7ee6c9","pass","True","False","False","False","Microsoft Services",,"False","False",,,"f8cdef31-a31e-4b4a-93e4-5f571e91255a","True","True","False","False","False",,"Application","d00b5d58-cae5-42ad-ae0a-5a2e6f7ee6c9","False","False","disableLegacyUserImpersonationResource;disableLegacyUserImpersonationClient",,"Disabled","False","Microsoft;No OAuth grants","","","0"
"Office365DirectorySynchronizationService","18af356b-c4fd-4f52-9899-d09d21397ab7","pass","True","False","False","False","Microsoft Services",,"False","False","Microsoft Corporation","5206095","f8cdef31-a31e-4b4a-93e4-5f571e91255a","True","True","True","False","False",,"Application","18af356b-c4fd-4f52-9899-d09d21397ab7","False","False","",,"Disabled","False","Microsoft;No OAuth grants","","","0"
"Azure DNS Managed Resolver","b4ca0290-4e73-4e31-ade0-c82ecfaabf6a","pass","True","False","False","False","Microsoft Services",,"False","False",,,"f8cdef31-a31e-4b4a-93e4-5f571e91255a","True","True","False","False","False",,"Application","b4ca0290-4e73-4e31-ade0-c82ecfaabf6a","False","False","",,"Disabled","False","Microsoft;No OAuth grants","","","0"
"Bot Service CMEK Prod","27a762be-14e7-4f92-899c-151877d6d497","pass","True","False","False","False","Microsoft Services",,"False","False","Microsoft Corporation","5206095","f8cdef31-a31e-4b4a-93e4-5f571e91255a","True","True","True","False","False",,"Application","27a762be-14e7-4f92-899c-151877d6d497","False","False","",,"Disabled","False","Microsoft;No OAuth grants","","","0"
"Microsoft Windows AutoPilot Service API","cbfda01c-c883-45aa-aedc-e7a484615620","pass","True","False","False","False","Microsoft Services","ztd.dds.microsoft.com","True","False",,,"f8cdef31-a31e-4b4a-93e4-5f571e91255a","True","True","False","False","False",,"Application","https://ztd.dds.microsoft.com;cbfda01c-c883-45aa-aedc-e7a484615620","True","False","",,"OpenID Connect","False","Microsoft;No OAuth grants","","","0"
"Microsoft Forms","c9a559d2-7aab-4f13-a6ed-e7e9c52aec87","pass","True","False","False","False","Microsoft Services","auth-9a0acb4e-b04a-482f-9f4d-33fac66bea75","False","False",,,"f8cdef31-a31e-4b4a-93e4-5f571e91255a","True","True","False","False","False",,"Application","api://auth-9a0acb4e-b04a-482f-9f4d-33fac66bea75/c9a559d2-7aab-4f13-a6ed-e7e9c52aec87;https://forms.office.com;https://forms.office.com/;c9a559d2-7aab-4f13-a6ed-e7e9c52aec87;api://forms.office.com/c9a559d2-7aab-4f13-a6ed-e7e9c52aec87;https://forms.cloud.microsoft/;https://forms.cloud.microsoft;api://forms.cloud.microsoft/c9a559d2-7aab-4f13-a6ed-e7e9c52aec87","True","False","",,"OpenID Connect","False","Microsoft;No OAuth grants","","","0"
"Azure Bastion","79d7fb34-4bef-4417-8184-ff713af7a679","pass","True","False","False","False","Microsoft Services",,"False","False","Microsoft Corporation","5206095","f8cdef31-a31e-4b4a-93e4-5f571e91255a","True","True","True","False","False",,"Application","79d7fb34-4bef-4417-8184-ff713af7a679","False","False","",,"Disabled","False","Microsoft;No OAuth grants","","","0"
"Microsoft SaaS Hub Resource Provider","02d2a314-8dbb-47d3-8a77-1677403097de","pass","True","False","False","False","Microsoft Services",,"False","False",,,"f8cdef31-a31e-4b4a-93e4-5f571e91255a","True","True","False","False","False",,"Application","02d2a314-8dbb-47d3-8a77-1677403097de","False","False","disableLegacyUserImpersonationClient;disableLegacyUserImpersonationResource",,"Disabled","False","Microsoft;No OAuth grants","","","0"
"PSMDATP-PS","5c580493-2be3-4bfb-b0cc-840a2aa29677","pass","False","False","True","False","Base-IT Intune.cc",,"False","False",,,"a65f6b72-abef-4f0b-88d6-3256be9a72d1","False","False","False","False","False",,"Application","5c580493-2be3-4bfb-b0cc-840a2aa29677","False","False","",,"OpenID Connect","True","Home Tenant;staleApps;No OAuth grants","","","0"
"Media Analysis and Transformation Service","0cd196ee-71bf-4fd6-a57c-b491ffd4fb1e","pass","True","False","False","False","Microsoft Services","usdodcentralr.mediag.svc.ms","False","False",,,"f8cdef31-a31e-4b4a-93e4-5f571e91255a","True","True","False","False","False",,"Application","https://usdodcentralr.mediag.svc.ms;https://usdodcentralr-mediag.svc.ms;https://usdodeastr.mediag.svc.ms;https://usdodeastr-mediag.svc.ms;https://usgovtexasr.mediag.svc.ms;https://usgovtexasr-mediag.svc.ms;https://usgoviowar.mediag.svc.ms;https://usgoviowar-mediag.svc.ms;https://usgovvirginiar.mediag.svc.ms;https://usgovvirginiar-mediag.svc.ms;https://usdodcentral4.mediag.svc.ms;https://usdodcentral3.mediag.svc.ms;https://usdodcentral2.mediag.svc.ms;https://usdodcentral1.mediag.svc.ms;https://usdodcentral0.mediag.svc.ms;https://usdodeast4.mediag.svc.ms;https://usdodeast3.mediag.svc.ms;https://usdodeast2.mediag.svc.ms;https://usdodeast1.mediag.svc.ms;https://usdodeast0.mediag.svc.ms;https://usdodcentral4-mediag.svc.ms;https://usdodcentral3-mediag.svc.ms;https://usdodcentral2-mediag.svc.ms;https://usdodcentral1-mediag.svc.ms;https://usdodcentral0-mediag.svc.ms;https://usdodeast4-mediag.svc.ms;https://usdodeast3-mediag.svc.ms;https://usdodeast2-mediag.svc.ms;https://usdodeast1-mediag.svc.ms;https://usdodeast0-mediag.svc.ms;https://usgovtexas4.mediag.svc.ms;https://usgovtexas3.mediag.svc.ms;https://usgovtexas2.mediag.svc.ms;https://usgovtexas1.mediag.svc.ms;https://usgovtexas0.mediag.svc.ms;https://usgoviowa4.mediag.svc.ms;https://usgoviowa3.mediag.svc.ms;https://usgoviowa2.mediag.svc.ms;https://usgoviowa1.mediag.svc.ms;https://usgoviowa0.mediag.svc.ms;https://usgovvirginia4.mediag.svc.ms;https://usgovvirginia3.mediag.svc.ms;https://usgovvirginia2.mediag.svc.ms;https://usgovvirginia1.mediag.svc.ms;https://usgovvirginia0.mediag.svc.ms;https://usgovtexas4-mediag.svc.ms;https://usgovtexas3-mediag.svc.ms;https://usgovtexas2-mediag.svc.ms;https://usgovtexas1-mediag.svc.ms;https://usgovtexas0-mediag.svc.ms;https://usgoviowa4-mediag.svc.ms;https://usgoviowa3-mediag.svc.ms;https://usgoviowa2-mediag.svc.ms;https://usgoviowa1-mediag.svc.ms;https://usgoviowa0-mediag.svc.ms;https://usgovvirginia4-mediag.svc.ms;https://usgovvirginia3-mediag.svc.ms;https://usgovvirginia2-mediag.svc.ms;https://usgovvirginia1-mediag.svc.ms;https://usgovvirginia0-mediag.svc.ms;0cd196ee-71bf-4fd6-a57c-b491ffd4fb1e","False","False","",,"Disabled","False","Microsoft;No OAuth grants","","","0"
"Intune.CC QuickAccess","29dd2181-ff03-43f2-9b81-dca9580351e2","pass","False","False","True","True","Base-IT Intune.cc","29dd2181-ff03-43f2-9b81-dca9580351e2","False","False",,,"a65f6b72-abef-4f0b-88d6-3256be9a72d1","False","False","False","True","False",,"Application","29dd2181-ff03-43f2-9b81-dca9580351e2;api://29dd2181-ff03-43f2-9b81-dca9580351e2","False","False","WindowsAzureActiveDirectoryIntegratedApp;WindowsAzureActiveDirectoryCustomSingleSignOnApplication;NetworkAccessQuickAccessApplication;HideApp",,"Disabled","False","Home Tenant;Hidden;No OAuth grants","","","0"
"One Outlook Web","9199bf20-a13f-4107-85dc-02114787ef48","pass","True","False","False","False","Microsoft Services",,"False","False",,,"f8cdef31-a31e-4b4a-93e4-5f571e91255a","True","True","False","False","False",,"Application","9199bf20-a13f-4107-85dc-02114787ef48","False","False","",,"OpenID Connect","False","Microsoft;No OAuth grants","","","0"
"JAMF-Pro","cb19f270-0094-4fe0-a21a-98f9d00f54af","pass","False","False","True","True","Base-IT Intune.cc","cb19f270-0094-4fe0-a21a-98f9d00f54af","False","False",,,"a65f6b72-abef-4f0b-88d6-3256be9a72d1","False","False","False","True","False",,"Application","cb19f270-0094-4fe0-a21a-98f9d00f54af;api://cb19f270-0094-4fe0-a21a-98f9d00f54af","False","False","WindowsAzureActiveDirectoryIntegratedApp;HideApp",,"OpenID Connect","True","Home Tenant;Hidden;staleApps;No OAuth grants","","","0"
"Sales Close Agent - Account Research (Microsoft Copilot Studio)","ec205b2f-55e7-4b21-83d7-0c7ae0470bc4","pass","False","False","True","False","Base-IT Intune.cc",,"False","False",,,"a65f6b72-abef-4f0b-88d6-3256be9a72d1","False","False","False","False","False",,"Application","ec205b2f-55e7-4b21-83d7-0c7ae0470bc4","False","False","AgenticApp;AIAgentBuilder;AgentCreatedBy:CopilotStudio;AgenticInstance;power-virtual-agents-d8a4248e-e910-1c17-b454-97404808f51f","This application is required to support messaging and authentication for an individual chatbot built with Power Virtual Agents. Power Platform Environment: '19dde003-f47b-e12b-bdf6-e963eddc0758', Bot Id: 'd8a4248e-e910-1c17-b454-97404808f51f', More information: https://go.microsoft.com/fwlink/?linkid=2096220","Disabled","False","Home Tenant;No OAuth grants","","","0"
"Microsoft.SecurityDevOps Resource Provider","7bf610f7-ecaf-43a2-9dbc-33b14314d6fe","pass","True","False","False","False","Microsoft Services","rp.ddevopsprod.azclient.ms","False","False",,,"f8cdef31-a31e-4b4a-93e4-5f571e91255a","True","True","False","False","False",,"Application","https://rp.ddevopsprod.azclient.ms/;7bf610f7-ecaf-43a2-9dbc-33b14314d6fe","False","False","",,"OpenID Connect","False","Microsoft;No OAuth grants","","","0"
"BoePa-Win10","d9b597a8-5d58-48e2-9c1c-82c1597a8991","pass","True","False","False","False",,"identity.azure.net","True","False",,,,"False","False","False","False","False",,"ManagedIdentity","https://identity.azure.net/hKpE96TQS7q/2HDta7Xt16TKKlxUxGLxYek0OmtiAH0=;d9b597a8-5d58-48e2-9c1c-82c1597a8991","True","False","",,"Disabled","False","Microsoft;No OAuth grants","","","0"
"Azure Notification Service","b503eb83-1222-4dcc-b116-b98ed5216e05","pass","True","False","False","False","Microsoft Services",,"False","False","Microsoft Corporation","5206095","f8cdef31-a31e-4b4a-93e4-5f571e91255a","True","True","True","False","False",,"Application","b503eb83-1222-4dcc-b116-b98ed5216e05","False","False","",,"Disabled","False","Microsoft;No OAuth grants","","","0"
"RedisEnterprise Service","132709ba-1394-4eb6-a565-e62a83ca14f9","pass","True","False","False","False","Microsoft Services",,"False","False",,,"f8cdef31-a31e-4b4a-93e4-5f571e91255a","True","True","False","False","False",,"Application","132709ba-1394-4eb6-a565-e62a83ca14f9","False","False","disableLegacyUserImpersonationClient;disableLegacyUserImpersonationResource;GitCreatedApp",,"Disabled","False","Microsoft;No OAuth grants","","","0"
"intuneCC-DevOps-Maester-2707bbf9-cacf-49a8-ace4-281e27e332f8","f3a18da4-214d-4ae5-8e96-790c589fe324","pass","False","False","True","False","Base-IT Intune.cc",,"False","False",,,"a65f6b72-abef-4f0b-88d6-3256be9a72d1","False","False","False","False","False",,"Application","f3a18da4-214d-4ae5-8e96-790c589fe324","False","False","",,"Disabled","False","Home Tenant;No OAuth grants","","","0"
"Azure AD Notification","fc03f97a-9db0-4627-a216-ec98ce54e018","pass","True","False","False","False","Microsoft Services","botid-ddc4caf8-b2d3-4922-b4f2-448b4c4cc868","False","False",,,"f8cdef31-a31e-4b4a-93e4-5f571e91255a","True","True","False","False","False",,"Application","api://botid-ddc4caf8-b2d3-4922-b4f2-448b4c4cc868;api://botid-0573f3c6-f9b5-4eeb-9045-f053f7b5268d;api://botid-b0b5ae22-0dfe-48c4-8637-ae56d45b3ba8;api://botid-6b3e11a5-f8f2-4c7a-bbf9-a4b9b9f1e4de;api://botid-dca72f77-b157-4ce3-b119-653a7d1b5adf;api://botid-873f4300-3413-4bf7-b213-17ed31741df8;api://botid-7e6fef82-3ea4-444b-9d82-5225256772bc;api://botid-8c3406b7-729d-4401-9aa2-9eb88cf68781;fc03f97a-9db0-4627-a216-ec98ce54e018","False","False","",,"OpenID Connect","False","Microsoft;No OAuth grants","","","0"
"Microsoft Teams Mailhook","51133ff5-8e0d-4078-bcca-84fb7f905b64","pass","True","False","False","False","Microsoft Services","int.mailhook.teams.internal.office.com","True","False",,,"f8cdef31-a31e-4b4a-93e4-5f571e91255a","True","True","False","False","False",,"Application","https://int.mailhook.teams.internal.office.com;https://dogfood.mailhook.teams.internal.office.com;https://amer.mailhook.teams.internal.office.com;https://apac.mailhook.teams.internal.office.com;https://emea.mailhook.teams.internal.office.com;51133ff5-8e0d-4078-bcca-84fb7f905b64;https://mailhook.teams.microsoft.com;https://mailhook.dod.teams.microsoft.us;https://mailhook.gov.teams.microsoft.us","True","False","",,"Disabled","False","Microsoft;No OAuth grants","","","0"
"ATHQHCICL01","96e4b512-b671-4f5f-9ec2-4f34035f0ba3","pass","False","False","True","False","Base-IT Intune.cc",,"False","False",,,"a65f6b72-abef-4f0b-88d6-3256be9a72d1","False","False","False","False","False",,"Application","96e4b512-b671-4f5f-9ec2-4f34035f0ba3","False","False","",,"Disabled","False","Home Tenant;No OAuth grants","","","0"
"WahPa- Berechtigungstest2 - 2 Berechtigte (Microsoft Copilot Studio)","0090d316-61d4-429d-a233-bc532f007ea4","pass","False","False","True","False","Base-IT Intune.cc",,"False","False",,,"a65f6b72-abef-4f0b-88d6-3256be9a72d1","False","False","False","False","False",,"Application","0090d316-61d4-429d-a233-bc532f007ea4","False","False","AgenticApp;AIAgentBuilder;AgentCreatedBy:CopilotStudio;AgenticInstance;power-virtual-agents-19653c69-5476-56ab-0564-b25cecf1f4c1","This application is required to support messaging and authentication for an individual chatbot built with Power Virtual Agents. Power Platform Environment: '846f8589-d36c-e1ec-b345-3e80882b784c', Bot Id: '19653c69-5476-56ab-0564-b25cecf1f4c1', More information: https://go.microsoft.com/fwlink/?linkid=2096220","Disabled","False","Home Tenant;No OAuth grants","","","0"
"Intune Mobile Application Management Client","c4bd54e4-c607-435b-8a5a-0d61edff7554","pass","True","False","False","False","Microsoft Services",,"False","False",,,"f8cdef31-a31e-4b4a-93e4-5f571e91255a","True","True","False","False","False",,"Application","c4bd54e4-c607-435b-8a5a-0d61edff7554","False","False","disableLegacyUserImpersonationClient;disableLegacyUserImpersonationResource;GitCreatedApp",,"Disabled","False","Microsoft;No OAuth grants","","","0"
"ConnectSyncProvisioning_DCIntunecc_8b0612dcafb7","3e534ee1-7d43-4e6b-acf7-d42cc06c9992","pass","False","False","True","False","Base-IT Intune.cc","a65f6b72-abef-4f0b-88d6-3256be9a72d1","False","False",,,"a65f6b72-abef-4f0b-88d6-3256be9a72d1","False","False","False","False","False",,"Application","api://a65f6b72-abef-4f0b-88d6-3256be9a72d1/ConnectSyncProvisioning_8b0612dcafb7;3e534ee1-7d43-4e6b-acf7-d42cc06c9992","False","False","",,"Disabled","True","Home Tenant;staleApps;No OAuth grants","","","0"
"Microsoft.AzureStack-CloudManagementApp","f76c49e3-2a2f-4584-ac3b-0a2ccd30cce2","pass","True","False","False","False","Microsoft Services","aksarcbaremetalagent","False","False",,,"f8cdef31-a31e-4b4a-93e4-5f571e91255a","True","True","False","False","False",,"Application","f76c49e3-2a2f-4584-ac3b-0a2ccd30cce2;api://AksArcBareMetalAgent","False","False","disableLegacyUserImpersonationClient;disableLegacyUserImpersonationResource;GitCreatedApp",,"Disabled","False","Microsoft;No OAuth grants","","","0"
"Meeting Catchup Recommendations V2","3a0d2262-f1ba-45f7-a5cc-c3c6ad2de22e","pass","True","False","False","False","Microsoft Services","substrate.office.com","True","False",,,"f8cdef31-a31e-4b4a-93e4-5f571e91255a","True","True","False","False","False",,"Application","https://substrate.office.com/meetingenrichment;3a0d2262-f1ba-45f7-a5cc-c3c6ad2de22e","True","False","",,"Disabled","False","Microsoft;No OAuth grants","","","0"
"FraDa_Intune Remote Management","70fbadf7-d4e5-433e-a76f-76c81fa532b8","pass","False","False","True","True","Base-IT Intune.cc",,"False","False",,,"a65f6b72-abef-4f0b-88d6-3256be9a72d1","False","False","False","True","False",,"Application","70fbadf7-d4e5-433e-a76f-76c81fa532b8","False","False","HideApp;WindowsAzureActiveDirectoryIntegratedApp",,"Disabled","True","Home Tenant;Hidden;staleApps;No OAuth grants","","","0"
"ForPe-E-Mail-ManagementMCP (Microsoft Copilot Studio)","bdfe4ecb-155e-441c-b0fa-be8297b340c1","pass","False","False","True","False","Base-IT Intune.cc",,"False","False",,,"a65f6b72-abef-4f0b-88d6-3256be9a72d1","False","False","False","False","False",,"Application","bdfe4ecb-155e-441c-b0fa-be8297b340c1","False","False","AgenticApp;AIAgentBuilder;AgentCreatedBy:CopilotStudio;AgenticInstance;power-virtual-agents-a0702853-dd63-3786-e17e-9d39bf42cd36","This application is required to support messaging and authentication for an individual chatbot built with Power Virtual Agents. Power Platform Environment: '035a17de-c1e1-e6f2-abe2-ee8e69d5c556', Bot Id: 'a0702853-dd63-3786-e17e-9d39bf42cd36', More information: https://go.microsoft.com/fwlink/?linkid=2096220","Disabled","False","Home Tenant;No OAuth grants","","","0"
"Microsoft Social Engagement","e8ab36af-d4be-4833-a38b-4d6cf1cfd525","pass","True","False","False","False","Microsoft Services","mi.ai.dynamics.com","False","False",,,"f8cdef31-a31e-4b4a-93e4-5f571e91255a","True","True","False","False","False",,"Application","https://mi.ai.dynamics.com/;https://app.mi.ai.dynamics.com/;https://listening.microsoft.com/;https://listening-prod.dynamics.com/;e8ab36af-d4be-4833-a38b-4d6cf1cfd525","True","False","",,"OpenID Connect","False","Microsoft;No OAuth grants","","","0"
"MsgDataMgmt","61a63147-3824-45f5-a186-ace3f4c9daeb","pass","True","False","False","False","Microsoft Services",,"False","False",,,"f8cdef31-a31e-4b4a-93e4-5f571e91255a","True","True","False","False","False",,"Application","61a63147-3824-45f5-a186-ace3f4c9daeb","False","False","",,"Disabled","False","Microsoft;No OAuth grants","","","0"
"K8s Connectivity Status writer","14fe8772-7dc2-4dbf-a8eb-122574129a55","pass","True","False","False","False","Microsoft Services",,"False","False","Microsoft Corporation","5206095","f8cdef31-a31e-4b4a-93e4-5f571e91255a","True","True","True","False","False",,"Application","14fe8772-7dc2-4dbf-a8eb-122574129a55","False","False","GitCreatedApp;disableLegacyUserImpersonationResource;disableLegacyUserImpersonationClient",,"Disabled","False","Microsoft;No OAuth grants","","","0"
"PowerPlatform-a365outlookcalendarmcp-Connector","02f0a7dc-fd55-4624-8d1b-0b15d2536e64","pass","True","False","False","False","Microsoft Services",,"False","False",,,"f8cdef31-a31e-4b4a-93e4-5f571e91255a","True","True","False","False","False",,"Application","02f0a7dc-fd55-4624-8d1b-0b15d2536e64","False","False","disableLegacyUserImpersonationClient;disableLegacyUserImpersonationResource;GitCreatedApp",,"OpenID Connect","False","Microsoft;No OAuth grants","","","0"
"Diagnostic Services Data Access","3603eff4-9141-41d5-ba8f-02fb3a439cd6","pass","True","False","False","False","Microsoft Services","dataplane.diagnosticservices.azure.com","True","False","Microsoft Corporation","5206095","f8cdef31-a31e-4b4a-93e4-5f571e91255a","True","True","True","False","False",,"Application","api://dataplane.diagnosticservices.azure.com;3603eff4-9141-41d5-ba8f-02fb3a439cd6","True","False","GitCreatedApp;disableLegacyUserImpersonationResource;disableLegacyUserImpersonationClient",,"Disabled","False","Microsoft;No OAuth grants","","","0"
"EdgeConnectivityStatusFPApp","8bf52023-2f8e-4b89-beae-678f2812aa6e","pass","True","False","False","False","Microsoft Services",,"False","False","Microsoft Corporation","5206095","f8cdef31-a31e-4b4a-93e4-5f571e91255a","True","True","True","False","False",,"Application","8bf52023-2f8e-4b89-beae-678f2812aa6e","False","False","disableLegacyUserImpersonationResource;disableLegacyUserImpersonationClient",,"Disabled","False","Microsoft;No OAuth grants","","","0"
"frada-ephemgate-helpdesk","136ee935-52b8-4d03-a51f-3b67078b37c9","pass","False","False","True","False","Base-IT Intune.cc","136ee935-52b8-4d03-a51f-3b67078b37c9","False","False",,,"a65f6b72-abef-4f0b-88d6-3256be9a72d1","False","False","False","False","False",,"Application","api://136ee935-52b8-4d03-a51f-3b67078b37c9;136ee935-52b8-4d03-a51f-3b67078b37c9","False","False","",,"OpenID Connect","False","Home Tenant;No OAuth grants","","","0"
"Geneva Alert RP","6bccf540-eb86-4037-af03-7fa058c2db75","pass","True","False","False","False","Microsoft Services",,"False","False","Microsoft Corporation","5206095","f8cdef31-a31e-4b4a-93e4-5f571e91255a","True","True","True","False","False",,"Application","6bccf540-eb86-4037-af03-7fa058c2db75","False","False","",,"Disabled","False","Microsoft;No OAuth grants","","","0"
"Microsoft Dynamics ERP Microservices CDS","703e2651-d3fc-48f5-942c-74274233dba8","pass","True","False","False","False","Microsoft Services",,"False","False",,,"f8cdef31-a31e-4b4a-93e4-5f571e91255a","True","True","False","False","False",,"Application","703e2651-d3fc-48f5-942c-74274233dba8","False","False","",,"Disabled","False","Microsoft;No OAuth grants","","","0"
"Fritzi Car Dealer Assistant (Microsoft Copilot Studio)","1c71d92a-b32c-443b-b858-465bff7b3541","pass","False","False","False","False",,,"False","False",,,,"False","False","False","False","False",,"ServiceIdentity","1c71d92a-b32c-443b-b858-465bff7b3541","False","False","",,"Disabled","False","No OAuth grants","","","0"
"ForPe-Copilot-Demo-Agent (Microsoft Copilot Studio)","6a116c52-4a61-4bfc-ae66-026f8e211c55","pass","False","False","True","False","Base-IT Intune.cc",,"False","False",,,"a65f6b72-abef-4f0b-88d6-3256be9a72d1","False","False","False","False","False",,"Application","6a116c52-4a61-4bfc-ae66-026f8e211c55","False","False","AgenticApp;AIAgentBuilder;AgentCreatedBy:CopilotStudio;AgenticInstance;power-virtual-agents-46f879f4-f933-a392-3f7f-bc6209756ed2","This application is required to support messaging and authentication for an individual chatbot built with Power Virtual Agents. Power Platform Environment: '035a17de-c1e1-e6f2-abe2-ee8e69d5c556', Bot Id: '46f879f4-f933-a392-3f7f-bc6209756ed2', More information: https://go.microsoft.com/fwlink/?linkid=2096220","Disabled","False","Home Tenant;No OAuth grants","","","0"
"Microsoft Defender For Cloud Apps - Data Loss Prevention - SPO","71559765-2fa9-4207-b59f-a8bd85269d4a","pass","True","False","False","False","Microsoft Services",,"False","False",,,"f8cdef31-a31e-4b4a-93e4-5f571e91255a","True","True","False","False","False",,"Application","71559765-2fa9-4207-b59f-a8bd85269d4a","False","False","disableLegacyUserImpersonationClient;disableLegacyUserImpersonationResource;GitCreatedApp",,"Disabled","False","Microsoft;No OAuth grants","","","0"
"Request Approvals Write Platform","4eaceb75-fe6c-4953-b873-0fd565ecd334","pass","True","False","False","False","Microsoft Services",,"False","False",,,"f8cdef31-a31e-4b4a-93e4-5f571e91255a","True","True","False","False","False",,"Application","4eaceb75-fe6c-4953-b873-0fd565ecd334","False","False","",,"Disabled","False","Microsoft;No OAuth grants","","","0"
"Azure AD Identity Protection","fc68d9e5-1f76-45ef-99aa-214805418498","pass","True","False","False","False","Microsoft Services","s2.cloudappdiscovery.ext.azure.com","True","False",,,"f8cdef31-a31e-4b4a-93e4-5f571e91255a","True","True","False","False","False",,"Application","fc68d9e5-1f76-45ef-99aa-214805418498;https://s2.cloudappdiscovery.ext.azure.com/;https://main.protectioncenter.ext.azure.com","True","False","",,"OpenID Connect","False","Microsoft;No OAuth grants","","","0"
"Agent (Microsoft Copilot Studio)","54bd5249-1033-4d9d-b8a8-bec13686febd","pass","False","False","True","False","Base-IT Intune.cc",,"False","False",,,"a65f6b72-abef-4f0b-88d6-3256be9a72d1","False","False","False","False","False",,"Application","54bd5249-1033-4d9d-b8a8-bec13686febd","False","False","AgenticApp;AIAgentBuilder;AgentCreatedBy:CopilotStudio;AgenticInstance;power-virtual-agents-4d9d324b-bf89-4655-5f4e-8cf60a3e2c32","This application is required to support messaging and authentication for an individual chatbot built with Power Virtual Agents. Power Platform Environment: '846f8589-d36c-e1ec-b345-3e80882b784c', Bot Id: '4d9d324b-bf89-4655-5f4e-8cf60a3e2c32', More information: https://go.microsoft.com/fwlink/?linkid=2096220","Disabled","False","Home Tenant;No OAuth grants","","","0"
"Liftr Elastic RPaaS","9d777fa9-b417-43b8-8991-12f8ee2161d2","pass","True","False","False","False","Microsoft Services","app-rel.eus2.et-canary.azliftr.io","False","False","Microsoft Corporation","5206095","f8cdef31-a31e-4b4a-93e4-5f571e91255a","True","True","True","False","False",,"Application","9d777fa9-b417-43b8-8991-12f8ee2161d2;https://app-rel.eus2.et-canary.azliftr.io/","False","False","disableAcceptingTenantedPassthroughTokens;disableRequestingTenantedPassthroughTokens",,"Disabled","False","Microsoft;No OAuth grants","","","0"
"Marketplace Api","f738ef14-47dc-4564-b53b-45069484ccc7","pass","True","False","False","False","Microsoft Services",,"False","False","Microsoft Corporation","5206095","f8cdef31-a31e-4b4a-93e4-5f571e91255a","True","True","True","False","False",,"Application","f738ef14-47dc-4564-b53b-45069484ccc7","False","False","",,"Disabled","False","Microsoft;No OAuth grants","","","0"
"Intune PartnerAPI Client Prod","e9710088-bcdf-4a36-a7cd-ab24f73dfd23","pass","True","False","False","False","Microsoft Services",,"False","False",,,"f8cdef31-a31e-4b4a-93e4-5f571e91255a","True","True","False","False","False",,"Application","e9710088-bcdf-4a36-a7cd-ab24f73dfd23","False","False","disableLegacyUserImpersonationClient;disableLegacyUserImpersonationResource",,"Disabled","False","Microsoft;No OAuth grants","","","0"
"MicrosoftEndpointDLP","c98e5057-edde-4666-b301-186a01b4dc58","pass","True","False","False","False","Microsoft Services","securitycenter.onmicrosoft.com","False","False",,,"f8cdef31-a31e-4b4a-93e4-5f571e91255a","True","True","False","False","False",,"Application","https://securitycenter.onmicrosoft.com/MicrosoftEndpointDLP;c98e5057-edde-4666-b301-186a01b4dc58;https://securitycenter.onmicrosoft.com/MicrosoftEndpointDLP/","True","False","",,"OpenID Connect","False","Microsoft;No OAuth grants","","","0"
"MTP Unified RBAC","9abd8443-d92a-40e6-a9ec-e5b6d29bc724","pass","True","False","False","False","Microsoft Services","security.microsoft.com","True","False",,,"f8cdef31-a31e-4b4a-93e4-5f571e91255a","True","True","False","False","False",,"Application","9abd8443-d92a-40e6-a9ec-e5b6d29bc724;https://security.microsoft.com/mtp/rbac","True","False","disableLegacyUserImpersonationClient;disableLegacyUserImpersonationResource;GitCreatedApp",,"Disabled","False","Microsoft;No OAuth grants","","","0"
"Microsoft Teams Bots","64f79cb9-9c82-4199-b85b-77e35b7dcbcb","pass","True","False","False","False","Microsoft Services","who.bots.gcc.teams.microsoft.com","True","False",,,"f8cdef31-a31e-4b4a-93e4-5f571e91255a","True","True","False","False","False",,"Application","https://who.bots.gcc.teams.microsoft.com;https://who.bots.teams.microsoft.com;https://bothostauthtest.azurewebsites.net;https://bots.devspaces.skype.net/v3/WhoBot;https://bots.ppespaces.skype.net/v3/WhoBot;https://stbotsdemo.cloudapp.net/v3/WhoBot;https://bots.skype.com/v3/WhoBot;https://bots.devspaces.skype.net/v3/MsftBot;https://bots.ppespaces.skype.net/v3/MsftBot;https://stbotsdemo.cloudapp.net/v3/MsftBot;https://bots.skype.com/v3/MsftBot;https://bots.devspaces.skype.net;https://bots.ppespaces.skype.net;https://stbotsdemo.cloudapp.net;https://bots.skype.com;64f79cb9-9c82-4199-b85b-77e35b7dcbcb;https://bots.teams.skype.com/v3/WhoBot","True","False","",,"OpenID Connect","False","Microsoft;No OAuth grants","","","0"
"Modern Support Connector","75861f5e-a448-49d7-9c99-6b59bc88c6dc","pass","True","False","False","False","Microsoft Services","microsoft365supportintegration.microsoft.com","True","False",,,"f8cdef31-a31e-4b4a-93e4-5f571e91255a","True","True","False","False","False",,"Application","https://microsoft365supportintegration.microsoft.com;75861f5e-a448-49d7-9c99-6b59bc88c6dc","True","False","",,"Disabled","False","Microsoft;No OAuth grants","","","0"
"SalesConversationIntelligenceProd","373aedd7-18be-428f-81e6-8174c02cf6d8","pass","True","False","False","False","Microsoft Services","373aedd7-18be-428f-81e6-8174c02cf6d8","False","False",,,"f8cdef31-a31e-4b4a-93e4-5f571e91255a","True","True","False","False","False",,"Application","373aedd7-18be-428f-81e6-8174c02cf6d8;api://373aedd7-18be-428f-81e6-8174c02cf6d8","False","False","",,"OpenID Connect","False","Microsoft;No OAuth grants","","","0"
"Centralized Deployment","257601fd-462f-4a21-b623-7f719f0f90f4","pass","True","False","False","False","Microsoft Services",,"False","False","Microsoft Corporation","5206095","f8cdef31-a31e-4b4a-93e4-5f571e91255a","True","True","True","False","False",,"Application","257601fd-462f-4a21-b623-7f719f0f90f4","False","False","",,"Disabled","False","Microsoft;No OAuth grants","","","0"
"Microsoft Partner Center","fabfbdc4-5751-471c-ac43-3826fa1afc31","pass","True","False","False","False","Microsoft Services",,"False","False",,,"f8cdef31-a31e-4b4a-93e4-5f571e91255a","True","True","False","False","False",,"Application","fabfbdc4-5751-471c-ac43-3826fa1afc31","False","False","",,"OpenID Connect","False","Microsoft;No OAuth grants","","","0"
"Microsoft Azure AD Identity Protection","a3dfc3c6-2c7d-4f42-aeec-b2877f9bce97","pass","True","False","False","False","Microsoft Services","ipcapi-us.azure.com","True","False",,,"f8cdef31-a31e-4b4a-93e4-5f571e91255a","True","True","False","False","False",,"Application","https://ipcapi-us.azure.com/;https://ipcapi-eu.azure.com;a3dfc3c6-2c7d-4f42-aeec-b2877f9bce97","True","False","",,"OpenID Connect","False","Microsoft;No OAuth grants","","","0"
"Dynamics 365 Customer Insights - Consent","9e3b502c-b4a1-441d-98fd-28e482bf7e88","pass","True","False","False","False","Microsoft Services","api.consent.dynamics.com","False","False",,,"f8cdef31-a31e-4b4a-93e4-5f571e91255a","True","True","False","False","False",,"Application","https://api.consent.dynamics.com;9e3b502c-b4a1-441d-98fd-28e482bf7e88","False","False","",,"Disabled","False","Microsoft;No OAuth grants","","","0"
"wahpa-2274-tests-resource-wahpa-2274-tests-AgentIdentityBlueprint","f02fb5b0-aae5-4285-beaf-9c9fe6258a8d","pass","False","False","True","False","Base-IT Intune.cc",,"False","False",,,"a65f6b72-abef-4f0b-88d6-3256be9a72d1","False","False","False","False","False",,"Application","f02fb5b0-aae5-4285-beaf-9c9fe6258a8d","False","False","",,"Disabled","False","Home Tenant;No OAuth grants","","","0"
"Afdx Resource Provider","92b61450-2139-4e4a-a0cc-898eced7a779","pass","True","False","False","False","Microsoft Services",,"False","False",,,"f8cdef31-a31e-4b4a-93e4-5f571e91255a","True","True","False","False","False",,"Application","92b61450-2139-4e4a-a0cc-898eced7a779","False","False","",,"Disabled","False","Microsoft;No OAuth grants","","","0"
"Microsoft Defender for Cloud Apps - Customer Experience","ac6dbf5e-1087-4434-beb2-0ebf7bd1b883","pass","True","False","False","False","Microsoft Services",,"False","False",,,"f8cdef31-a31e-4b4a-93e4-5f571e91255a","True","True","False","False","False",,"Application","ac6dbf5e-1087-4434-beb2-0ebf7bd1b883","False","False","disableLegacyUserImpersonationClient;disableLegacyUserImpersonationResource;GitCreatedApp",,"Disabled","False","Microsoft;No OAuth grants","","","0"
"Marketplace SaaS v2","5b712e99-51a3-41ce-86ff-046e0081c5c0","pass","True","False","False","False","Microsoft Services",,"False","False","Microsoft Corporation","5206095","f8cdef31-a31e-4b4a-93e4-5f571e91255a","True","True","True","False","False",,"Application","5b712e99-51a3-41ce-86ff-046e0081c5c0","False","False","",,"Disabled","False","Microsoft;No OAuth grants","","","0"
"Azure Container Registry Application","76c92352-c057-4cc2-9b1e-f34c32bc58bd","pass","True","False","False","False","Microsoft Services","containerregistry.azure.net","True","False",,,"f8cdef31-a31e-4b4a-93e4-5f571e91255a","True","True","False","False","False",,"Application","https://containerregistry.azure.net;76c92352-c057-4cc2-9b1e-f34c32bc58bd","True","False","",,"Disabled","False","Microsoft;No OAuth grants","","","0"
"la-walju-test","5e294627-2b4d-4229-93ca-159b28b817a2","pass","True","False","False","False",,"identity.azure.net","True","False",,,,"False","False","False","False","False",,"ManagedIdentity","5e294627-2b4d-4229-93ca-159b28b817a2;https://identity.azure.net/R/93cYw7hLQaIOQNNBe8m20r5yh6PewXttuJEcqvJX4=","True","False","",,"Disabled","False","Microsoft;No OAuth grants","","","0"
"TeamsLinkedInLiveApp","31ba6d5c-2e14-40fb-bbcb-27dc8a1bfaf5","pass","True","False","False","False","Microsoft Services","app.linkedin.com","False","False",,,"f8cdef31-a31e-4b4a-93e4-5f571e91255a","True","True","False","False","False",,"Application","https://app.linkedin.com;31ba6d5c-2e14-40fb-bbcb-27dc8a1bfaf5","False","False","",,"Disabled","False","Microsoft;No OAuth grants","","","0"
"MS Teams Griffin Assistant","c9224372-5534-42cb-a48b-8db4f4a3892e","pass","True","False","False","False","Microsoft Services","c9224372-5534-42cb-a48b-8db4f4a3892e","False","False",,,"f8cdef31-a31e-4b4a-93e4-5f571e91255a","True","True","False","False","False",,"Application","api://c9224372-5534-42cb-a48b-8db4f4a3892e;https://teams.substrate.office.com;c9224372-5534-42cb-a48b-8db4f4a3892e","True","False","",,"Disabled","False","Microsoft;No OAuth grants","","","0"
"Modern Workplace Partner API","4e2326a6-8f2e-4b98-9fdf-50240be4326a","pass","True","False","False","False","Microsoft Services",,"False","False",,,"f8cdef31-a31e-4b4a-93e4-5f571e91255a","True","True","False","False","False",,"Application","4e2326a6-8f2e-4b98-9fdf-50240be4326a","False","False","",,"Disabled","False","Microsoft;No OAuth grants","","","0"
"AKS Trust domain","4730902d-4371-4615-ba76-e99be524bd44","pass","True","False","False","False","Microsoft Services",,"False","False",,,"f8cdef31-a31e-4b4a-93e4-5f571e91255a","True","True","False","False","False",,"Application","4730902d-4371-4615-ba76-e99be524bd44","False","False","disableLegacyUserImpersonationClient;disableLegacyUserImpersonationResource;GitCreatedApp",,"Disabled","False","Microsoft;No OAuth grants","","","0"
"Microsoft Teams Admin Portal Service","2ddfbe71-ed12-4123-b99b-d5fc8a062a79","pass","True","False","False","False","Microsoft Services","admin-local.teams.microsoft.net","False","False",,,"f8cdef31-a31e-4b4a-93e4-5f571e91255a","True","True","False","False","False",,"Application","2ddfbe71-ed12-4123-b99b-d5fc8a062a79;https://admin-local.teams.microsoft.net;https://admin-local.teams.microsoft.net:44350;https://admin.teams.microsoft.com;https://admin.dod.teams.microsoft.us;https://admin.gov.teams.microsoft.us","True","False","disableLegacyUserImpersonationResource",,"OpenID Connect","False","Microsoft;No OAuth grants","","","0"
"BatchImportToSentinel","b583541b-62ba-405c-b60a-05405cbfcb50","pass","True","False","False","False",,"identity.azure.net","True","False",,,,"False","False","False","False","False",,"ManagedIdentity","https://identity.azure.net/OWZcUTwZsBuKwn5LA0McB2ylncySydqlcMPBNWsGVTc=;b583541b-62ba-405c-b60a-05405cbfcb50","True","False","",,"Disabled","False","Microsoft;No OAuth grants","","","0"
"Microsoft Intune SCCM Connector","63e61dc2-f593-4a6f-92b9-92e4d2c03d4f","pass","True","False","False","False","Microsoft Services",,"False","False",,,"f8cdef31-a31e-4b4a-93e4-5f571e91255a","True","True","False","False","False",,"Application","63e61dc2-f593-4a6f-92b9-92e4d2c03d4f","False","False","",,"Disabled","False","Microsoft;No OAuth grants","","","0"
"ComplianceWorkbenchApp","92876b03-76a3-4da8-ad6a-0511ffdf8647","pass","True","False","False","False","Microsoft Services","substrate.office.com","True","False","Microsoft Corporation","5206095","f8cdef31-a31e-4b4a-93e4-5f571e91255a","True","True","True","False","False",,"Application","https://substrate.office.com/complianceworkbench;92876b03-76a3-4da8-ad6a-0511ffdf8647;https://substrate-dod.office365.us/complianceworkbench;https://substrate.office365.us/complianceworkbench","True","False","",,"Disabled","False","Microsoft;No OAuth grants","","","0"
"Partner Customer Delegated Admin Migration","b39d63e7-7fa3-4b2b-94ea-ee256fdb8c2f","pass","True","False","False","False","Microsoft Services",,"False","False",,,"f8cdef31-a31e-4b4a-93e4-5f571e91255a","True","True","False","False","False",,"Application","b39d63e7-7fa3-4b2b-94ea-ee256fdb8c2f","False","False","",,"Disabled","False","Microsoft;No OAuth grants","","","0"
"MicrosoftAzureRedisCache","96231a05-34ce-4eb4-aa6a-70759cbb5e83","pass","True","False","False","False","Microsoft Services",,"False","False",,,"f8cdef31-a31e-4b4a-93e4-5f571e91255a","True","True","False","False","False",,"Application","96231a05-34ce-4eb4-aa6a-70759cbb5e83","False","False","disableLegacyUserImpersonationResource;disableLegacyUserImpersonationClient",,"Disabled","False","Microsoft;No OAuth grants","","","0"
"Office 365 Reports","507bc9da-c4e2-40cb-96a7-ac90df92685c","pass","True","False","False","False","Microsoft Services","reports.office.com","True","False",,,"f8cdef31-a31e-4b4a-93e4-5f571e91255a","True","True","False","False","False",,"Application","507bc9da-c4e2-40cb-96a7-ac90df92685c;https://reports.office.com/odata;https://reports.office.com","True","False","",,"OpenID Connect","False","Microsoft;No OAuth grants","","","0"
"Microsoft Office Licensing Service vNext","db55028d-e5ba-420f-816a-d18c861aefdf","pass","True","False","False","False","Microsoft Services",,"False","False",,,"f8cdef31-a31e-4b4a-93e4-5f571e91255a","True","True","False","False","False",,"Application","db55028d-e5ba-420f-816a-d18c861aefdf","False","False","",,"Disabled","False","Microsoft;No OAuth grants","","","0"
"Signal B2 Service","32b6d34b-c894-4971-8223-e17b86e9ad26","pass","True","False","False","False","Microsoft Services","signalb2service.substrate.office.com","True","False",,,"f8cdef31-a31e-4b4a-93e4-5f571e91255a","True","True","False","False","False",,"Application","32b6d34b-c894-4971-8223-e17b86e9ad26;https://SignalB2Service.substrate.office.com","True","False","",,"Disabled","False","Microsoft;No OAuth grants","","","0"
"ForPe - Demo","c3a3f16e-ae01-4fbd-8a6e-bfc199a4460b","pass","False","False","True","True","Base-IT Intune.cc",,"False","False",,,"a65f6b72-abef-4f0b-88d6-3256be9a72d1","False","False","False","True","False",,"Application","c3a3f16e-ae01-4fbd-8a6e-bfc199a4460b","False","False","HideApp;WindowsAzureActiveDirectoryIntegratedApp",,"Disabled","True","Home Tenant;Hidden;staleApps;No OAuth grants","","","0"
"hunfa-github-actions-sp","9066cc32-0744-489f-ad82-10ef7b198803","pass","False","False","True","False","Base-IT Intune.cc",,"False","False",,,"a65f6b72-abef-4f0b-88d6-3256be9a72d1","False","False","False","False","False",,"Application","9066cc32-0744-489f-ad82-10ef7b198803","False","False","",,"Disabled","True","Home Tenant;staleApps;No OAuth grants","","","0"
"Azure Service Connector Resource Provider","c4288165-6698-45ba-98a5-48ea7791fed3","pass","True","False","False","False","Microsoft Services","aslprodrpb.eastus2euap.servicelinker.azure.com","True","False","Microsoft Corporation","5206095","f8cdef31-a31e-4b4a-93e4-5f571e91255a","True","True","True","False","False",,"Application","https://aslprodrpb.eastus2euap.servicelinker.azure.com/;https://aslprodrpb.westcentralus.servicelinker.azure.com;https://aslprodrpb.eastus.servicelinker.azure.com;c4288165-6698-45ba-98a5-48ea7791fed3","True","False","",,"OpenID Connect","False","Microsoft;No OAuth grants","","","0"
"Power Apps API","331cc017-5973-4173-b270-f0042fddfd75","pass","True","False","False","False","Microsoft Services",,"False","False",,,"f8cdef31-a31e-4b4a-93e4-5f571e91255a","True","True","False","False","False",,"Application","331cc017-5973-4173-b270-f0042fddfd75","False","False","",,"OpenID Connect","False","Microsoft;No OAuth grants","","","0"
"CAS API Security RP Dev","cb250467-fc8f-4c42-8349-9ff9e9a17b02","pass","True","False","False","False","Microsoft Services","cas-api-security-rp-dev.trafficmanager.net","False","False",,,"f8cdef31-a31e-4b4a-93e4-5f571e91255a","True","True","False","False","False",,"Application","https://CAS-API-Security-RP-DEV.trafficmanager.net;cb250467-fc8f-4c42-8349-9ff9e9a17b02","False","False","",,"Disabled","False","Microsoft;No OAuth grants","","","0"
"Meeting Migration Service","82f45fb0-18b4-4d68-8bed-9e44909e3890","pass","True","False","False","False","Microsoft Services","api.meetingmigrationservice.microsoft.com","True","False",,,"f8cdef31-a31e-4b4a-93e4-5f571e91255a","True","True","False","False","False",,"Application","https://api.meetingmigrationservice.microsoft.com;82f45fb0-18b4-4d68-8bed-9e44909e3890","True","False","",,"Disabled","False","Microsoft;No OAuth grants","","","0"
"Quality Evaluation Agent (Microsoft Copilot Studio)","5974bf5c-42bb-4c6e-8049-a55ce2983c00","pass","False","False","True","False","Base-IT Intune.cc",,"False","False",,,"a65f6b72-abef-4f0b-88d6-3256be9a72d1","False","False","False","False","False",,"Application","5974bf5c-42bb-4c6e-8049-a55ce2983c00","False","False","AgenticApp;AIAgentBuilder;AgentCreatedBy:CopilotStudio;AgenticInstance;power-virtual-agents-c5b37a1e-5bff-f5e9-8aa1-718084faacd8","This application is required to support messaging and authentication for an individual chatbot built with Power Virtual Agents. Power Platform Environment: '19dde003-f47b-e12b-bdf6-e963eddc0758', Bot Id: 'c5b37a1e-5bff-f5e9-8aa1-718084faacd8', More information: https://go.microsoft.com/fwlink/?linkid=2096220","Disabled","False","Home Tenant;No OAuth grants","","","0"
"Radius Aad Syncer","60ca1954-583c-4d1f-86de-39d835f3e452","pass","True","False","False","False","Microsoft Services",,"False","False",,,"f8cdef31-a31e-4b4a-93e4-5f571e91255a","True","True","False","False","False",,"Application","60ca1954-583c-4d1f-86de-39d835f3e452","False","False","",,"Disabled","False","Microsoft;No OAuth grants","","","0"
"Microsoft Teams IP Policy Service","1303f293-64bd-48ba-89b0-6bf538bc67f3","pass","True","False","False","False","Microsoft Services","ippolicyservice-dogfood.teams.microsoft.com","True","False","Microsoft Corporation","5206095","f8cdef31-a31e-4b4a-93e4-5f571e91255a","True","True","True","False","False",,"Application","https://ippolicyservice-dogfood.teams.microsoft.com;https://ippolicyservice.teams.microsoft.com;1303f293-64bd-48ba-89b0-6bf538bc67f3","True","False","",,"Disabled","False","Microsoft;No OAuth grants","","","0"
"ForPeACSEmail","0d0d1e90-00d8-4a5d-b148-867c4f757eff","pass","False","False","True","True","Base-IT Intune.cc",,"False","False",,,"a65f6b72-abef-4f0b-88d6-3256be9a72d1","False","False","False","True","False",,"Application","0d0d1e90-00d8-4a5d-b148-867c4f757eff","False","False","HideApp;WindowsAzureActiveDirectoryIntegratedApp",,"Disabled","True","Home Tenant;Hidden;staleApps;No OAuth grants","","","0"
"D365 Sales Agent - Stakeholder Research (Microsoft Copilot Studio)","ea8a8cf2-dd43-4f9b-a706-5183e237fe7f","pass","False","False","True","False","Base-IT Intune.cc",,"False","False",,,"a65f6b72-abef-4f0b-88d6-3256be9a72d1","False","False","False","False","False",,"Application","ea8a8cf2-dd43-4f9b-a706-5183e237fe7f","False","False","AgenticApp;AIAgentBuilder;AgentCreatedBy:CopilotStudio;AgenticInstance;power-virtual-agents-5bc42701-f6ce-eb8d-5433-1e624fbe8704","This application is required to support messaging and authentication for an individual chatbot built with Power Virtual Agents. Power Platform Environment: '19dde003-f47b-e12b-bdf6-e963eddc0758', Bot Id: '5bc42701-f6ce-eb8d-5433-1e624fbe8704', More information: https://go.microsoft.com/fwlink/?linkid=2096220","Disabled","False","Home Tenant;No OAuth grants","","","0"
"Oracle IDCS for JD Edwards","c4d30388-9fb7-44c8-a4d1-bf3a5c1651a1","pass","False","False","True","False","Base-IT Intune.cc",,"False","False",,,"a65f6b72-abef-4f0b-88d6-3256be9a72d1","False","False","False","True","False",,"Application","c4d30388-9fb7-44c8-a4d1-bf3a5c1651a1","False","False","WindowsAzureActiveDirectoryIntegratedApp",,"OpenID Connect","True","Home Tenant;staleApps;No OAuth grants","","","0"
"Intune EDU Service","3bc14a7e-1847-400d-b02e-54589a0ec7e6","pass","True","False","False","False","Microsoft Services",,"False","False",,,"f8cdef31-a31e-4b4a-93e4-5f571e91255a","True","True","False","False","False",,"Application","3bc14a7e-1847-400d-b02e-54589a0ec7e6","False","False","disableLegacyUserImpersonationClient;disableLegacyUserImpersonationResource;GitCreatedApp",,"Disabled","False","Microsoft;No OAuth grants","","","0"
"Microsoft Mobile Application Management Backend","354b5b6d-abd6-4736-9f51-1be80049b91f","pass","True","False","False","False","Microsoft Services",,"False","False",,,"f8cdef31-a31e-4b4a-93e4-5f571e91255a","True","True","False","False","False",,"Application","354b5b6d-abd6-4736-9f51-1be80049b91f","False","False","",,"Disabled","False","Microsoft;No OAuth grants","","","0"
"PhishingDetection","802eea30-9e43-43b2-8609-fe8abe00cada","pass","False","False","True","True","Base-IT Intune.cc",,"False","False",,,"a65f6b72-abef-4f0b-88d6-3256be9a72d1","False","False","False","True","False",,"Application","802eea30-9e43-43b2-8609-fe8abe00cada","False","False","WindowsAzureActiveDirectoryIntegratedApp;HideApp","by WalJu - Send Data to Sentinel","Disabled","False","Home Tenant;Hidden;No OAuth grants","","","0"
"Oracle Access Manager for Oracle E-Business Suite","117b8de9-f835-4643-b3f5-a529acafe6db","pass","False","False","True","False","Base-IT Intune.cc",,"False","False",,,"a65f6b72-abef-4f0b-88d6-3256be9a72d1","False","False","False","True","False",,"Application","117b8de9-f835-4643-b3f5-a529acafe6db","False","False","WindowsAzureActiveDirectoryIntegratedApp",,"OpenID Connect","True","Home Tenant;staleApps;No OAuth grants","","","0"
"ReportReplica","f25a7567-8ec5-4582-8a65-bfd66b0530cc","pass","True","False","False","False","Microsoft Services",,"False","False",,,"f8cdef31-a31e-4b4a-93e4-5f571e91255a","True","True","False","False","False",,"Application","f25a7567-8ec5-4582-8a65-bfd66b0530cc","False","False","",,"Disabled","False","Microsoft;No OAuth grants","","","0"
"ForPe-Demo-Exchange","5e64c209-a861-4258-9063-f1daaf71190f","pass","False","False","True","True","Base-IT Intune.cc",,"False","False",,,"a65f6b72-abef-4f0b-88d6-3256be9a72d1","False","False","False","True","False",,"Application","5e64c209-a861-4258-9063-f1daaf71190f","False","False","HideApp;WindowsAzureActiveDirectoryIntegratedApp",,"Disabled","True","Home Tenant;Hidden;staleApps;No OAuth grants","","","0"
"Azure Container Apps Arc - Control Plane","1459b1f6-7a5b-4300-93a2-44b4a651759f","pass","True","False","False","False","Microsoft Services",,"False","False","Microsoft Corporation","5206095","f8cdef31-a31e-4b4a-93e4-5f571e91255a","True","True","True","False","False",,"Application","1459b1f6-7a5b-4300-93a2-44b4a651759f","False","False","disableLegacyUserImpersonationResource;disableLegacyUserImpersonationClient",,"Disabled","False","Microsoft;No OAuth grants","","","0"
"MI_Sentinel_Report","c7c51c4f-d877-43fe-bdc1-2f1ffa724a27","pass","True","False","False","False",,"identity.azure.net","True","False",,,,"False","False","False","False","False",,"ManagedIdentity","https://identity.azure.net/e1ypHkVIef/XoXrSbPBWkAfFuNJjRXSFZouLvZkznbc=;c7c51c4f-d877-43fe-bdc1-2f1ffa724a27","True","False","",,"Disabled","False","Microsoft;No OAuth grants","","","0"
"Internet resources with Global Secure Access","5dc48733-b5df-475c-a49b-fa307ef00853","pass","True","False","False","False","Microsoft Services",,"False","False",,,"f8cdef31-a31e-4b4a-93e4-5f571e91255a","True","True","False","False","False",,"Application","5dc48733-b5df-475c-a49b-fa307ef00853","False","False","disableLegacyUserImpersonationClient;disableLegacyUserImpersonationResource;GitCreatedApp",,"OpenID Connect","False","Microsoft;No OAuth grants","","","0"
"teamsupgradeorchestrator-app","3cf798a6-b0c5-4d5c-9645-b5273d471fc5","pass","True","False","False","False","Microsoft Services",,"False","False",,,"f8cdef31-a31e-4b4a-93e4-5f571e91255a","True","True","False","False","False",,"Application","3cf798a6-b0c5-4d5c-9645-b5273d471fc5","False","False","",,"Disabled","False","Microsoft;No OAuth grants","","","0"
"Sentinel-Incidents-to-SOC-Teams-Channel","ba7ba421-c151-4de8-83b5-7df9d64c01d0","pass","True","False","False","False",,"identity.azure.net","True","False",,,,"False","False","False","False","False",,"ManagedIdentity","https://identity.azure.net/sJGmU2YwArj39qYXg0mCJYX4GyZHWEE6V/dVLzow+b8=;ba7ba421-c151-4de8-83b5-7df9d64c01d0","True","False","",,"Disabled","False","Microsoft;No OAuth grants","","","0"
"Keytos","68554b48-233f-42b4-9aa7-2eadca4d7727","pass","False","True","False","False","Keytos Prod","68554b48-233f-42b4-9aa7-2eadca4d7727","False","False","Keytos LLC","6379889","d47b647b-ed31-46ef-829c-57e53b4b7cdd","False","False","False","True","False",,"Application","api://68554b48-233f-42b4-9aa7-2eadca4d7727;68554b48-233f-42b4-9aa7-2eadca4d7727","False","False","WindowsAzureActiveDirectoryIntegratedApp",,"Disabled","False","3rd Party;No OAuth grants","","","0"
"Substrate Conversation Intelligence Service","aa813f0e-407a-459d-93af-805f2bf10f33","pass","True","False","False","False","Microsoft Services","substrate.office.com","True","False","Microsoft Corporation","5206095","f8cdef31-a31e-4b4a-93e4-5f571e91255a","True","True","True","False","False",,"Application","https://substrate.office.com/scis;aa813f0e-407a-459d-93af-805f2bf10f33","True","False","",,"Disabled","False","Microsoft;No OAuth grants","","","0"
"O365 Customer Monitoring","3aa5c166-136f-40eb-9066-33ac63099211","pass","True","False","False","False","Microsoft Services",,"False","False",,,"f8cdef31-a31e-4b4a-93e4-5f571e91255a","True","True","False","False","False",,"Application","3aa5c166-136f-40eb-9066-33ac63099211","False","False","",,"Disabled","False","Microsoft;No OAuth grants","","","0"
"Intune DeviceActionService","18a4ad1e-427c-4cad-8416-ef674e801d32","pass","True","False","False","False","Microsoft Services",,"False","False",,,"f8cdef31-a31e-4b4a-93e4-5f571e91255a","True","True","False","False","False",,"Application","18a4ad1e-427c-4cad-8416-ef674e801d32","False","False","",,"OpenID Connect","False","Microsoft;No OAuth grants","","","0"
"Microsoft.EventHubs","80369ed6-5f11-4dd9-bef3-692475845e77","pass","True","False","False","False","Microsoft Services","eventhubs.azure.net","True","False",,,"f8cdef31-a31e-4b4a-93e4-5f571e91255a","True","True","False","False","False",,"Application","80369ed6-5f11-4dd9-bef3-692475845e77;https://eventhubs.azure.net","True","False","disableRequestingTenantedPassthroughTokens;disableAcceptingTenantedPassthroughTokens",,"Disabled","False","Microsoft;No OAuth grants","","","0"
"Directory and Policy Cache","7b58f833-4438-494c-a724-234928795a67","pass","True","False","False","False","Microsoft Services",,"False","False",,,"f8cdef31-a31e-4b4a-93e4-5f571e91255a","True","True","False","False","False",,"Application","7b58f833-4438-494c-a724-234928795a67","False","False","",,"Disabled","False","Microsoft;No OAuth grants","","","0"
"TVM-SelfManagedDevices","6940e0e1-7307-4f39-99f4-58a252b6526c","pass","True","False","False","False",,"identity.azure.net","True","False",,,,"False","False","False","False","False",,"ManagedIdentity","https://identity.azure.net/U5SvBojiwXMIf9LrzhnMUhgeAmsPm5f0DdkV9dSKLJk=;6940e0e1-7307-4f39-99f4-58a252b6526c","True","False","",,"Disabled","False","Microsoft;No OAuth grants","","","0"
"SharePoint Home Notifier","4e445925-163e-42ca-b801-9073bfa46d17","pass","True","False","False","False","Microsoft Services","outlook.office365.com","True","False",,,"f8cdef31-a31e-4b4a-93e4-5f571e91255a","True","True","False","False","False",,"Application","https://outlook.office365.com/SharePointHomeNotifierB2;https://substrate.office.com/SharePointHomeNotifierB2;4e445925-163e-42ca-b801-9073bfa46d17","True","False","",,"Disabled","False","Microsoft;No OAuth grants","","","0"
"test","a65d050b-78db-47d1-8e28-6f0649eac85c","pass","False","False","True","True","Base-IT Intune.cc",,"False","False",,,"a65f6b72-abef-4f0b-88d6-3256be9a72d1","False","False","False","True","False",,"Application","a65d050b-78db-47d1-8e28-6f0649eac85c","False","False","HideApp;WindowsAzureActiveDirectoryIntegratedApp",,"Disabled","True","Home Tenant;Hidden;staleApps;No OAuth grants","","","0"
"DirectoryLookupService","9cd0f7df-8b1a-4e54-8c0c-0ef3a51116f6","pass","True","False","False","False","Microsoft Services","dls.substrate.office.com","True","False",,,"f8cdef31-a31e-4b4a-93e4-5f571e91255a","True","True","False","False","False",,"Application","https://dls.substrate.office.com/;9cd0f7df-8b1a-4e54-8c0c-0ef3a51116f6","True","False","",,"Disabled","False","Microsoft;No OAuth grants","","","0"
"CABProvisioning","5da7367f-09c8-493e-8fd4-638089cddec3","pass","True","False","False","False","Microsoft Services",,"False","False","Microsoft Corporation","5206095","f8cdef31-a31e-4b4a-93e4-5f571e91255a","True","True","True","False","False",,"Application","5da7367f-09c8-493e-8fd4-638089cddec3","False","False","",,"Disabled","False","Microsoft;No OAuth grants","","","0"
"SCIMAPIProd","8c3d7bf9-7a2e-4bbf-be64-2b1c3e32e2bd","pass","True","False","False","False","Microsoft Services",,"False","False",,,"f8cdef31-a31e-4b4a-93e4-5f571e91255a","True","True","False","False","False",,"Application","8c3d7bf9-7a2e-4bbf-be64-2b1c3e32e2bd","False","False","disableLegacyUserImpersonationClient;disableLegacyUserImpersonationResource;GitCreatedApp",,"Disabled","False","Microsoft;No OAuth grants","","","0"
"ForPe-Microsoft Learn with MCP (Microsoft Copilot Studio)","6f75ea84-7a16-4390-94a1-42d0d4ccc9db","pass","False","False","True","False","Base-IT Intune.cc",,"False","False",,,"a65f6b72-abef-4f0b-88d6-3256be9a72d1","False","False","False","False","False",,"Application","6f75ea84-7a16-4390-94a1-42d0d4ccc9db","False","False","AgenticApp;AIAgentBuilder;AgentCreatedBy:CopilotStudio;AgenticInstance;power-virtual-agents-fe165234-65a9-dce9-8f84-83c4d88d5125","This application is required to support messaging and authentication for an individual chatbot built with Power Virtual Agents. Power Platform Environment: '035a17de-c1e1-e6f2-abe2-ee8e69d5c556', Bot Id: 'fe165234-65a9-dce9-8f84-83c4d88d5125', More information: https://go.microsoft.com/fwlink/?linkid=2096220","Disabled","False","Home Tenant;No OAuth grants","","","0"
"LugDo-DF-Test","55b56849-84fe-4583-a717-daa5e8f20f34","pass","True","False","False","False",,"identity.azure.net","True","False",,,,"False","False","False","False","False",,"ManagedIdentity","55b56849-84fe-4583-a717-daa5e8f20f34;https://identity.azure.net/zcMII1IpzGsyBecfGb1BBwssDO180aubI4p/s82A1bM=","True","False","",,"Disabled","False","Microsoft;No OAuth grants","","","0"
"Azure ContainerApps Sessions","2c7dd73f-7a21-485b-b97d-a2508fa152c3","pass","True","False","False","False","Microsoft Services","acasessions.io","False","False","Microsoft Corporation","5206095","f8cdef31-a31e-4b4a-93e4-5f571e91255a","True","True","True","False","False",,"Application","2c7dd73f-7a21-485b-b97d-a2508fa152c3;https://acasessions.io;https://dynamicsessions.io","False","False","disableLegacyUserImpersonationClient;disableLegacyUserImpersonationResource;GitCreatedApp",,"Disabled","False","Microsoft;No OAuth grants","","","0"
"Cisco Umbrella Admin SSO","0cc6db73-0126-4446-9b22-1b965b8dd280","pass","False","False","True","False","Base-IT Intune.cc","login.umbrella.com","False","False",,,"a65f6b72-abef-4f0b-88d6-3256be9a72d1","False","False","False","True","False",,"Application","0cc6db73-0126-4446-9b22-1b965b8dd280;https://login.umbrella.com/sso","False","False","WindowsAzureActiveDirectoryIntegratedApp",,"SAML","True","Home Tenant;staleApps;No OAuth grants","","","0"
"f5801e06c3034a23a14c05b5","773aa82b-2317-4c20-956e-07041c38643c","pass","True","False","False","False",,"identity.azure.net","True","False",,,,"False","False","False","False","False",,"ManagedIdentity","773aa82b-2317-4c20-956e-07041c38643c;https://identity.azure.net/Ka6Dhw9+LAQ7IiHOWme1966LxS7iaphjegvVlP9vB/4=","True","False","",,"Disabled","False","Microsoft;No OAuth grants","","","0"
"forpe-ai-shift-resource-forpe-ai-shift-AgentIdentity","2c4992a4-d293-4dbf-bfb4-a0f796693e46","pass","False","False","False","False",,,"False","False",,,,"False","False","False","False","False",,"ServiceIdentity","2c4992a4-d293-4dbf-bfb4-a0f796693e46","False","False","",,"Disabled","False","No OAuth grants","","","0"
"Syntex Resource Provider","886b3ae5-8ee1-4bb4-a312-b35341a95909","pass","True","False","False","False","Microsoft Services",,"False","False","Microsoft Corporation","5206095","f8cdef31-a31e-4b4a-93e4-5f571e91255a","True","True","True","False","False",,"Application","886b3ae5-8ee1-4bb4-a312-b35341a95909","False","False","",,"Disabled","False","Microsoft;No OAuth grants","","","0"
"Cisco Webex","356dccd0-ee51-4297-8c38-dee554aa381c","pass","False","False","True","False","Base-IT Intune.cc",,"False","False",,,"a65f6b72-abef-4f0b-88d6-3256be9a72d1","False","False","False","True","False",,"Application","356dccd0-ee51-4297-8c38-dee554aa381c","False","False","WindowsAzureActiveDirectoryIntegratedApp",,"Disabled","True","Home Tenant;staleApps;No OAuth grants","","","0"
"AIRS","c7d28c4f-0d2c-49d6-a88d-a275cc5473c7","pass","True","False","False","False","Microsoft Services","airsusgovarizona-staging.azurewebsites.us","False","False",,,"f8cdef31-a31e-4b4a-93e4-5f571e91255a","True","True","False","False","False",,"Application","https://airsusgovarizona-staging.azurewebsites.us;https://airsusgov-staging.azurewebsites.us;https://airsusgovarizona.azurewebsites.us;https://airsusgov.azurewebsites.us;https://airs.azure.us;https://azuremsregistration.microsoft.com;https://airsnortheurope-staging.azurewebsites.net;https://airsnortheurope.azurewebsites.net;https://airswestus.azurewebsites.net;https://airswestus-staging.azurewebsites.net;https://airs.microsoft.us;https://airseastus-staging.azurewebsites.net;https://admin-stg.studentpartners.microsoft.com;https://admin-uat.studentpartners.microsoft.com;https://admin.studentpartners.microsoft.com;https://studentpartners.microsoft.com;https://studentpartners-uat.microsoft.com;https://studentpartners-stg.microsoft.com;https://smp-uat.imagine.microsoft.com;https://smp.imagine.microsoft.com;https://smp-stg.imagine.microsoft.com;https://storefront-stg.microsoft.com;https://imagine.microsoft.com;https://imagine-ppe.microsoft.com;https://imagine-staging.microsoft.com;https://imagine-dev.microsoft.com;https://portal.startups.microsoft.com;https://portal-uat.startups.microsoft.com;https://portal-staging.startups.microsoft.com;https://portal-build.startups.microsoft.com;https://portal-dev.startups.microsoft.com;https://www.microsoftazuresponsorships.com/;https://airs.azurewebsites.net;https://airs;https://airs-staging.azurewebsites.net;https://airseastus;https://airseastus.azurewebsites.net;c7d28c4f-0d2c-49d6-a88d-a275cc5473c7","True","False","",,"OpenID Connect","False","Microsoft;No OAuth grants","","","0"
"Azure Security Insights Content As Code","11413461-f071-4513-802f-acbb00576ed3","pass","True","False","False","False","Microsoft Services","usx.cac.microsoftsiem.com","False","False",,,"f8cdef31-a31e-4b4a-93e4-5f571e91255a","True","True","False","False","False",,"Application","11413461-f071-4513-802f-acbb00576ed3;https://usx.cac.microsoftsiem.com","True","False","disableLegacyUserImpersonationClient;disableLegacyUserImpersonationResource;GitCreatedApp",,"Disabled","False","Microsoft;No OAuth grants","","","0"
"SecOps for Security Copilot","3e28acb6-7793-4fff-9fcf-fb14fbaf42a9","pass","True","False","False","False","Microsoft Services","3e28acb6-7793-4fff-9fcf-fb14fbaf42a9","False","False",,,"f8cdef31-a31e-4b4a-93e4-5f571e91255a","True","True","False","False","False",,"Application","3e28acb6-7793-4fff-9fcf-fb14fbaf42a9;api://3e28acb6-7793-4fff-9fcf-fb14fbaf42a9","False","False","disableLegacyUserImpersonationClient;disableLegacyUserImpersonationResource;GitCreatedApp",,"Disabled","False","Microsoft;No OAuth grants","","","0"
"Microsoft O365 Scuba","7ae5462d-d9d1-42f6-93ca-198d7b0ca997","pass","True","False","False","False","Microsoft Services",,"False","False","Microsoft Corporation","5206095","f8cdef31-a31e-4b4a-93e4-5f571e91255a","True","True","True","False","False",,"Application","7ae5462d-d9d1-42f6-93ca-198d7b0ca997","False","False","",,"Disabled","False","Microsoft;No OAuth grants","","","0"
"ForPe-SendMailwithGraph","bd3ca642-67ce-4671-8382-c71b83a923a1","pass","False","False","True","True","Base-IT Intune.cc",,"False","False",,,"a65f6b72-abef-4f0b-88d6-3256be9a72d1","False","False","False","True","False",,"Application","bd3ca642-67ce-4671-8382-c71b83a923a1","False","False","HideApp;WindowsAzureActiveDirectoryIntegratedApp",,"Disabled","True","Home Tenant;Hidden;staleApps;No OAuth grants","","","0"
"Azure Monitor Control Service","e933bd07-d2ee-4f1d-933c-3752b819567b","pass","True","False","False","False","Microsoft Services","monitor.azure.com","True","False",,,"f8cdef31-a31e-4b4a-93e4-5f571e91255a","True","True","False","False","False",,"Application","https://monitor.azure.com/;e933bd07-d2ee-4f1d-933c-3752b819567b","True","False","",,"OpenID Connect","False","Microsoft;No OAuth grants","","","0"
"MMD Intune Partner Sync","95813a7c-0efb-4173-a866-c2079e02378a","pass","True","False","False","False","Microsoft Services",,"False","False",,,"f8cdef31-a31e-4b4a-93e4-5f571e91255a","True","True","False","False","False",,"Application","95813a7c-0efb-4173-a866-c2079e02378a","False","False","",,"Disabled","False","Microsoft;No OAuth grants","","","0"
"Organizational Data in Microsoft 365","8cfd58c1-5cd4-475d-b77f-8f41cfbf6831","pass","True","False","False","False","Microsoft Services",,"False","False",,,"f8cdef31-a31e-4b4a-93e4-5f571e91255a","True","True","False","False","False",,"Application","8cfd58c1-5cd4-475d-b77f-8f41cfbf6831","False","False","disableLegacyUserImpersonationClient;disableLegacyUserImpersonationResource;GitCreatedApp",,"Disabled","False","Microsoft;No OAuth grants","","","0"
"SharePoint Online Client Extensibility","c58637bb-e2e1-4312-8a00-04b5ffcd3403","pass","True","False","False","False","Microsoft Services",,"False","False",,,"f8cdef31-a31e-4b4a-93e4-5f571e91255a","True","True","False","False","False",,"Application","c58637bb-e2e1-4312-8a00-04b5ffcd3403","False","False","",,"Disabled","False","Microsoft;No OAuth grants","","","0"
"ZTNA Data Acquisition - PROD","7dd7250c-c317-4bc6-8528-8d27b02707ef","pass","True","False","False","False","Microsoft Services",,"False","False","Microsoft Corporation","5206095","f8cdef31-a31e-4b4a-93e4-5f571e91255a","True","True","True","False","False",,"Application","7dd7250c-c317-4bc6-8528-8d27b02707ef","False","False","disableLegacyUserImpersonationResource;disableLegacyUserImpersonationClient",,"Disabled","False","Microsoft;No OAuth grants","","","0"
"Azure OSSRDBMS MySQL Flexible Server BYOK","cb43afba-eb6b-4cef-bf00-758b6c233beb","pass","True","False","False","False","Microsoft Services",,"False","False",,,"f8cdef31-a31e-4b4a-93e4-5f571e91255a","True","True","False","False","False",,"Application","cb43afba-eb6b-4cef-bf00-758b6c233beb","False","False","",,"Disabled","False","Microsoft;No OAuth grants","","","0"
"Case Enrichment Onboarding Agent (Microsoft Copilot Studio)","2f18933c-2cc6-4cbc-b05d-53f401e617d3","pass","False","False","False","False",,,"False","False",,,,"False","False","False","False","False",,"ServiceIdentity","2f18933c-2cc6-4cbc-b05d-53f401e617d3","False","False","",,"Disabled","False","No OAuth grants","","","0"
"Billing","80dbdb39-4f33-4799-8b6f-711b5e3e61b6","pass","True","False","False","False","Microsoft Services",,"False","False",,,"f8cdef31-a31e-4b4a-93e4-5f571e91255a","True","True","False","False","False",,"Application","80dbdb39-4f33-4799-8b6f-711b5e3e61b6","False","False","",,"Disabled","False","Microsoft;No OAuth grants","","","0"
"Azure Media Service","803ee9ca-3f7f-4824-bd6e-0b99d720c35c","pass","True","False","False","False",,"*.cloudvideo.azure.net","True","False",,,,"False","False","False","False","False",,"Legacy","803ee9ca-3f7f-4824-bd6e-0b99d720c35c/*.cloudvideo.azure.net;803ee9ca-3f7f-4824-bd6e-0b99d720c35c","True","False","",,"Disabled","False","Microsoft;No OAuth grants","","","0"
"ForPe-201001-ShowToMyTeammates (Microsoft Copilot Studio)","a0a0f504-f48e-4475-ad0f-41c61fb80b69","pass","False","False","True","False","Base-IT Intune.cc",,"False","False",,,"a65f6b72-abef-4f0b-88d6-3256be9a72d1","False","False","False","False","False",,"Application","a0a0f504-f48e-4475-ad0f-41c61fb80b69","False","False","AgenticApp;AIAgentBuilder;AgentCreatedBy:CopilotStudio;AgenticInstance;power-virtual-agents-afeb16ca-f61f-cc82-004e-7f7c6015b0dd","This application is required to support messaging and authentication for an individual chatbot built with Power Virtual Agents. Power Platform Environment: '035a17de-c1e1-e6f2-abe2-ee8e69d5c556', Bot Id: 'afeb16ca-f61f-cc82-004e-7f7c6015b0dd', More information: https://go.microsoft.com/fwlink/?linkid=2096220","Disabled","False","Home Tenant;No OAuth grants","","","0"
"Domain Controller Services","2565bd9d-da50-47d4-8b85-4c97f669dc36","pass","True","False","False","False","Active Directory Application Registry","adapplicationregistry.onmicrosoft.com","False","False",,,"47df5bb7-e6bc-4256-afb0-dd8c8e3c1ce8","False","False","False","False","False",,"Application","2565bd9d-da50-47d4-8b85-4c97f669dc36;http://adapplicationregistry.onmicrosoft.com/manage.windowsazure.com/DomainControllerServices","True","False","",,"OpenID Connect","False","Microsoft;No OAuth grants","","","0"
"Microsoft.Azure.SyncFabric","00000014-0000-0000-c000-000000000000","pass","True","False","False","False","Microsoft Services","syncfabric.windowsazure.us","False","False",,,"f8cdef31-a31e-4b4a-93e4-5f571e91255a","True","True","False","False","False",,"Application","https://syncfabric.windowsazure.us;https://syncfabric.windowsazure.com;00000014-0000-0000-c000-000000000000;00000014-0000-0000-c000-000000000000/SyncFabric.windowsazure.net;00000014-0000-0000-c000-000000000000/SyncFabric-ppe.windowsazure.net;00000014-0000-0000-c000-000000000000/SyncFabric-int.windowsazure.net","True","False","",,"Disabled","False","Microsoft;No OAuth grants","","","0"
"Azure Backup NRP Application","9bdab391-7bbe-42e8-8132-e4491dc29cc0","pass","True","False","False","False","Microsoft Services",,"False","False",,,"f8cdef31-a31e-4b4a-93e4-5f571e91255a","True","True","False","False","False",,"Application","9bdab391-7bbe-42e8-8132-e4491dc29cc0","False","False","disableRequestingTenantedPassthroughTokens;disableAcceptingTenantedPassthroughTokens",,"Disabled","False","Microsoft;No OAuth grants","","","0"
"MDA LCNC Power Platform Security Webhooks","7cb67f16-9174-4dfc-989a-0d02aed8d3c3","pass","True","False","False","False","Microsoft Services","lcnc.cdn.rs-mcas.ms","False","False",,,"f8cdef31-a31e-4b4a-93e4-5f571e91255a","True","True","False","False","False",,"Application","https://lcnc.cdn.rs-mcas.ms;https://a365.ai.defender.microsoft.com;https://a365.dev.ai.defender.microsoft.com;7cb67f16-9174-4dfc-989a-0d02aed8d3c3;https://mcsaiagents.security.core.microsoft;https://webhooks.prd-inline.mda.microsoft.com;https://webhooks.cdn.rs-mcas.ms","True","False","disableLegacyUserImpersonationClient;disableLegacyUserImpersonationResource;GitCreatedApp",,"Disabled","False","Microsoft;No OAuth grants","","","0"
"Azure Arc Appliance Resource Provider","585fc3c3-9a59-4720-8319-53cce041a605","pass","True","False","False","False","Microsoft Services","dp.appliances.azure.com","True","False","Microsoft Corporation","5206095","f8cdef31-a31e-4b4a-93e4-5f571e91255a","True","True","True","False","False",,"Application","585fc3c3-9a59-4720-8319-53cce041a605;https://dp.appliances.azure.com","True","False","",,"Disabled","False","Microsoft;No OAuth grants","","","0"
"Microsoft Remote Desktop","a4a365df-50f1-4397-bc59-1a1564b8bb9c","pass","True","False","False","False","Microsoft Services","termsrv.wvd.microsoft.com","True","False","Microsoft Corporation","5206095","f8cdef31-a31e-4b4a-93e4-5f571e91255a","True","True","True","False","False",,"Application","ms-device-service://termsrv.wvd.microsoft.com;api://ms-device-service/terminalservice.com/ts1;api://ms-device-service/terminalservice.com/ts;a4a365df-50f1-4397-bc59-1a1564b8bb9c;ms-device-service://a4a365df-50f1-4397-bc59-1a1564b8bb9c","True","False","",,"Disabled","False","Microsoft;No OAuth grants","","","0"
"Backup Management Service","262044b1-e2ce-469f-a196-69ab7ada62d3","pass","True","False","False","False","Microsoft Services",,"False","False",,,"f8cdef31-a31e-4b4a-93e4-5f571e91255a","True","True","False","False","False",,"Application","262044b1-e2ce-469f-a196-69ab7ada62d3","False","False","disableRequestingTenantedPassthroughTokens;disableAcceptingTenantedPassthroughTokens",,"Disabled","False","Microsoft;No OAuth grants","","","0"
"Microsoft Teams Web Client","e1829006-9cf1-4d05-8b48-2e665cb48e6a","pass","True","False","False","False","Microsoft Services",,"False","False",,,"f8cdef31-a31e-4b4a-93e4-5f571e91255a","True","True","False","False","False",,"Application","e1829006-9cf1-4d05-8b48-2e665cb48e6a","False","False","",,"OpenID Connect","False","Microsoft;No OAuth grants","","","0"
"Power Platform Environment Discovery Service","3e36f539-fc2c-479c-90fb-3cfa21da3a4b","pass","True","False","False","False","Microsoft Services",,"False","False",,,"f8cdef31-a31e-4b4a-93e4-5f571e91255a","True","True","False","False","False",,"Application","3e36f539-fc2c-479c-90fb-3cfa21da3a4b","False","False","",,"Disabled","False","Microsoft;No OAuth grants","","","0"
"Office 365 Mover","d62121f3-e023-4972-b6b0-794190c0fd98","pass","True","False","False","False","Microsoft Services","mover.microsoft.com","True","False",,,"f8cdef31-a31e-4b4a-93e4-5f571e91255a","True","True","False","False","False",,"Application","https://mover.microsoft.com;d62121f3-e023-4972-b6b0-794190c0fd98","True","False","",,"OpenID Connect","False","Microsoft;No OAuth grants","","","0"
"Microsoft Device Management Enrollment","709110f7-976e-4284-8851-b537e9bcb187","pass","True","False","False","False","Microsoft Services","enrollment.dm-mig.microsoft.com","True","False",,,"f8cdef31-a31e-4b4a-93e4-5f571e91255a","True","True","False","False","False",,"Application","https://enrollment.dm-mig.microsoft.com;https://enrollment.dm.microsoft.com;https://enrollment.dm-beta.microsoft.com;https://enrollment.dm-selfhost.microsoft.com;709110f7-976e-4284-8851-b537e9bcb187","True","False","",,"Disabled","False","Microsoft;No OAuth grants","","","0"
"PowerApps-Advisor","c9299480-c13a-49db-a7ae-cdfe54fe0313","pass","True","False","False","False","Microsoft Services","cluster-advisor-dev.westus.cloudapp.azure.com","True","False","Microsoft Corporation","5206095","f8cdef31-a31e-4b4a-93e4-5f571e91255a","True","True","True","False","False",,"Application","https://cluster-advisor-dev.westus.cloudapp.azure.com;https://cluster-advisor-dev.westus.cloudapp.azure.com/;https://tip1.api.advisor.powerapps.com;https://tip1.api.advisor.powerapps.com/;https://tip2.api.advisor.powerapps.com;https://tip2.api.advisor.powerapps.com/;https://ppe.api.advisor.powerapps.com;https://ppe.api.advisor.powerapps.com/;https://api.advisor.powerapps.com;https://api.advisor.powerapps.com/;https://advisor.powerapps.com;https://advisor.powerapps.com/;c9299480-c13a-49db-a7ae-cdfe54fe0313;https://test.api.advisor.powerapps.com/;https://test.api.advisor.powerapps.com;https://dev.api.advisor.powerapps.com;https://dev.api.advisor.powerapps.com/;https://mil.api.advisor.appsplatform.us/;https://mil.api.advisor.appsplatform.us;https://high.api.advisor.powerapps.us/;https://high.api.advisor.powerapps.us;https://gov.api.advisor.powerapps.us/;https://gov.api.advisor.powerapps.us;https://preprod.api.advisor.powerapps.com/;https://preprod.api.advisor.powerapps.com","True","False","",,"OpenID Connect","False","Microsoft;No OAuth grants","","","0"
"AA-Testing-Account","a58d0606-e6ae-4e11-a5f3-5c41f6958a84","pass","True","False","False","False",,"identity.azure.net","True","False",,,,"False","False","False","False","False",,"ManagedIdentity","https://identity.azure.net/c3lEHwCjLFSJdxch0jSCV38CUa1g9SfVMeFmtsQoqXM=;a58d0606-e6ae-4e11-a5f3-5c41f6958a84","True","False","",,"Disabled","False","Microsoft;No OAuth grants","","","0"
"Microsoft.AzureStackHCI Resource Provider","1412d89f-b8a8-4111-b4fd-e82905cbd85d","pass","True","False","False","False","Microsoft Services","sea-azurestackhci-rp.azurewebsites.net","False","False",,,"f8cdef31-a31e-4b4a-93e4-5f571e91255a","True","True","False","False","False",,"Application","1412d89f-b8a8-4111-b4fd-e82905cbd85d;https://sea-azurestackhci-rp.azurewebsites.net","False","False","",,"Disabled","False","Microsoft;No OAuth grants","","","0"
"ErbHa-Maester","2cd78a44-9bc7-4b28-8c9e-b0c8a83f851e","pass","True","False","False","False",,"identity.azure.net","True","False",,,,"False","False","False","False","False",,"ManagedIdentity","https://identity.azure.net/KlYiR05TDl5IH4bIkeo5CjC27mem7qY5A7p9fGzJvGA=;2cd78a44-9bc7-4b28-8c9e-b0c8a83f851e","True","False","",,"Disabled","False","Microsoft;No OAuth grants","","","0"
"Azure Spring Cloud Domain-Management","03b39d0f-4213-4864-a245-b1476ec03169","pass","True","False","False","False","Microsoft Services",,"False","False",,,"f8cdef31-a31e-4b4a-93e4-5f571e91255a","True","True","False","False","False",,"Application","03b39d0f-4213-4864-a245-b1476ec03169","False","False","",,"Disabled","False","Microsoft;No OAuth grants","","","0"
"aks-hunfa-8ks-pod","80ab9dab-64bf-471d-9bb3-b0cb870f9bf3","pass","True","False","False","False",,"identity.azure.net","True","False",,,,"False","False","False","False","False",,"ManagedIdentity","80ab9dab-64bf-471d-9bb3-b0cb870f9bf3;https://identity.azure.net/5xFWYubfiLHBfQSCl1K/Y8/EN0Q2CcEWBgsh3zlcPAY=","True","False","",,"Disabled","False","Microsoft;No OAuth grants","","","0"
"Azure CosmosDB for PostgreSQL Microsoft EntraId","ecafc2d9-cf1a-49a7-b60f-e44e34a988d2","pass","True","False","False","False","Microsoft Services","token.postgres.cosmos.azure.com","True","False",,,"f8cdef31-a31e-4b4a-93e4-5f571e91255a","True","True","False","False","False",,"Application","ecafc2d9-cf1a-49a7-b60f-e44e34a988d2;https://token.postgres.cosmos.azure.com","True","False","disableLegacyUserImpersonationClient;disableLegacyUserImpersonationResource;GitCreatedApp",,"Disabled","False","Microsoft;No OAuth grants","","","0"
"Microsoft Flow Service","7df0a125-d3be-4c96-aa54-591f83ff541c","pass","True","False","False","False","Microsoft Services","service.flow.microsoft.com","True","False",,,"f8cdef31-a31e-4b4a-93e4-5f571e91255a","True","True","False","False","False",,"Application","https://service.flow.microsoft.com/;7df0a125-d3be-4c96-aa54-591f83ff541c","True","False","",,"OpenID Connect","False","Microsoft;No OAuth grants","","","0"
"Base-IT-Lab-FW01","63cc3177-71de-4a25-a069-41ca98012813","pass","True","False","False","False",,"identity.azure.net","True","False",,,,"False","False","False","False","False",,"ManagedIdentity","63cc3177-71de-4a25-a069-41ca98012813;https://identity.azure.net/DMIo/UkRdbMAq7bt7qKEfUagmvYsDK3hQLvbtE5uHNE=","True","False","",,"Disabled","False","Microsoft;No OAuth grants","","","0"
"Access IoT Hub Device Provisioning Service","0cd79364-7a90-4354-9984-6e36c841418d","pass","True","False","False","False","Microsoft Services","azure-devices-provisioning.net","False","False",,,"f8cdef31-a31e-4b4a-93e4-5f571e91255a","True","True","False","False","False",,"Application","https://azure-devices-provisioning.net;0cd79364-7a90-4354-9984-6e36c841418d","False","False","",,"Disabled","False","Microsoft;No OAuth grants","","","0"
"TIB Agent Blueprint App","5fdbeec6-7ae8-4525-ace4-71e6f59c9e6f","pass","True","False","False","False","Microsoft Services",,"False","False",,,"f8cdef31-a31e-4b4a-93e4-5f571e91255a","True","True","False","False","False",,"Application","5fdbeec6-7ae8-4525-ace4-71e6f59c9e6f","False","False","disableLegacyUserImpersonationClient;disableLegacyUserImpersonationResource;GitCreatedApp",,"Disabled","False","Microsoft;No OAuth grants","","","0"
"Viva Pulse PROD","56233257-15ee-4d3d-bdcd-9aa975244e4c","pass","True","False","False","False","Microsoft Services","vivapulseapp.prod.microsoft.com","True","False","Microsoft Corporation","5206095","f8cdef31-a31e-4b4a-93e4-5f571e91255a","True","True","True","False","False",,"Application","https://vivapulseapp.prod.microsoft.com/fabric/api/v1.0/InlineEmail/AcceptDelegationInvite;https://vivapulseapp.prod.microsoft.com/fabric/api/v1.0/InlineEmail/DeclineDelegationInvite;56233257-15ee-4d3d-bdcd-9aa975244e4c;api://56233257-15ee-4d3d-bdcd-9aa975244e4c;https://vivapulse.app.prod.microsoft.com;https://vivapulseclient-cdn-ep.microsoft.com/56233257-15ee-4d3d-bdcd-9aa975244e4c;api://vivapulseclient-cdn-ep.microsoft.com/56233257-15ee-4d3d-bdcd-9aa975244e4c;api://vivapulseclient-cdn-ep.microsoft.com/botid-56233257-15ee-4d3d-bdcd-9aa975244e4c;api://botid-56233257-15ee-4d3d-bdcd-9aa975244e4c;https://vivapulseapp.prod.microsoft.com/fabric/api/v1.0/InlineEmail/ExtendFeedbackRequest;https://vivapulseapp.prod.microsoft.com/fabric/api/v1.0/InlineEmail/FeedbackResponse;https://vivapulseapp.prod.microsoft.com/fabric/api/v1.0/InlineEmail/SubmitFeedbackResponse;https://vivapulseapp.prod.microsoft.com/fabric/api/v1.0/InlineEmail/LogAdaptiveCardEmailRender;https://vivapulseapp.prod.microsoft.com/fabric/api/v1.0/InlineEmail/EnhancedFeedbackResponse","True","False","",,"OpenID Connect","False","Microsoft;No OAuth grants","","","0"
"Gatekeeper Prod App","5bab4c7f-51c3-479b-a199-06b31afecc8f","pass","True","False","False","False","Microsoft Services",,"False","False",,,"f8cdef31-a31e-4b4a-93e4-5f571e91255a","True","True","False","False","False",,"Application","5bab4c7f-51c3-479b-a199-06b31afecc8f","False","False","GitCreatedApp;disableLegacyUserImpersonationResource;disableLegacyUserImpersonationClient",,"Disabled","False","Microsoft;No OAuth grants","","","0"
"Microsoft Device Management Checkin","ca0a114d-6fbc-46b3-90fa-2ec954794ddb","pass","True","False","False","False","Microsoft Services","checkin.dm-mig.microsoft.com","True","False",,,"f8cdef31-a31e-4b4a-93e4-5f571e91255a","True","True","False","False","False",,"Application","https://checkin.dm-mig.microsoft.com;https://checkin.dm.microsoft.com;https://checkin.dm-beta.microsoft.com;https://checkin.dm-selfhost.microsoft.com;ca0a114d-6fbc-46b3-90fa-2ec954794ddb","True","False","",,"Disabled","False","Microsoft;No OAuth grants","","","0"
"Microsoft Defender for Cloud Scanner Resource Provider","e0ccf59d-5a20-4a87-a122-f42842cdb86a","pass","True","False","False","False","Microsoft Services",,"False","False","Microsoft Corporation","5206095","f8cdef31-a31e-4b4a-93e4-5f571e91255a","True","True","True","False","False",,"Application","e0ccf59d-5a20-4a87-a122-f42842cdb86a","False","False","",,"Disabled","False","Microsoft;No OAuth grants","","","0"
"D365 Sales Agent - Readiness (Microsoft Copilot Studio)","bcc7c8ea-03bb-47ac-bdc8-85e895d595e3","pass","False","False","True","False","Base-IT Intune.cc",,"False","False",,,"a65f6b72-abef-4f0b-88d6-3256be9a72d1","False","False","False","False","False",,"Application","bcc7c8ea-03bb-47ac-bdc8-85e895d595e3","False","False","AgenticApp;AIAgentBuilder;AgentCreatedBy:CopilotStudio;AgenticInstance;power-virtual-agents-fe6ff2e2-2a1e-cd09-f8ef-cfed39ca2696","This application is required to support messaging and authentication for an individual chatbot built with Power Virtual Agents. Power Platform Environment: '19dde003-f47b-e12b-bdf6-e963eddc0758', Bot Id: 'fe6ff2e2-2a1e-cd09-f8ef-cfed39ca2696', More information: https://go.microsoft.com/fwlink/?linkid=2096220","Disabled","False","Home Tenant;No OAuth grants","","","0"
"Microsoft Stream Portal","cf53fce8-def6-4aeb-8d30-b158e7b1cf83","pass","True","False","False","False","Microsoft Services","stream.microsoft.com","True","False",,,"f8cdef31-a31e-4b4a-93e4-5f571e91255a","True","True","False","False","False",,"Application","https://stream.microsoft.com;cf53fce8-def6-4aeb-8d30-b158e7b1cf83","True","False","",,"OpenID Connect","False","Microsoft;No OAuth grants","","","0"
"Azure Regional Service Manager","5e5e43d4-54da-4211-86a4-c6e7f3715801","pass","True","False","False","False","Microsoft Services",,"False","False",,,"f8cdef31-a31e-4b4a-93e4-5f571e91255a","True","True","False","False","False",,"Application","5e5e43d4-54da-4211-86a4-c6e7f3715801","False","False","",,"Disabled","False","Microsoft;No OAuth grants","","","0"
"ISV Portal","c6871074-3ded-4935-a5dc-b8f8d91d7d06","pass","True","False","False","False","Microsoft Services","c6871074-3ded-4935-a5dc-b8f8d91d7d06","False","False",,,"f8cdef31-a31e-4b4a-93e4-5f571e91255a","True","True","False","False","False",,"Application","c6871074-3ded-4935-a5dc-b8f8d91d7d06;api://c6871074-3ded-4935-a5dc-b8f8d91d7d06","False","False","",,"OpenID Connect","False","Microsoft;No OAuth grants","","","0"
"Modern Workplace Customer APIs","c9d36ed4-91b3-4c87-b8d7-68d92826c96c","pass","True","False","False","False","Microsoft Services","mwaas-services-customerapi-ppe.azurewebsites.net","False","False",,,"f8cdef31-a31e-4b4a-93e4-5f571e91255a","True","True","False","False","False",,"Application","https://mwaas-services-customerapi-ppe.azurewebsites.net;https://mwaas-services-customerapi-prod.azurewebsites.net;c9d36ed4-91b3-4c87-b8d7-68d92826c96c","False","False","",,"OpenID Connect","False","Microsoft;No OAuth grants","","","0"
"Microsoft Fluid Framework Preview","660d4be7-2665-497f-9611-a42c2668dbce","pass","True","False","False","False","Microsoft Services",,"False","False",,,"f8cdef31-a31e-4b4a-93e4-5f571e91255a","True","True","False","False","False",,"Application","660d4be7-2665-497f-9611-a42c2668dbce","False","False","",,"OpenID Connect","False","Microsoft;No OAuth grants","","","0"
"Microsoft Monitoring Account Management","e158b4a5-21ab-442e-ae73-2e19f4e7d763","pass","True","False","False","False","Microsoft Services","management.monitor.azure.com","True","False","Microsoft Corporation","5206095","f8cdef31-a31e-4b4a-93e4-5f571e91255a","True","True","True","False","False",,"Application","https://management.monitor.azure.com;e158b4a5-21ab-442e-ae73-2e19f4e7d763","True","False","",,"Disabled","False","Microsoft;No OAuth grants","","","0"
"Dynamics Data Integration","2e49aa60-1bd3-43b6-8ab6-03ada3d9f08b","pass","True","False","False","False","Microsoft Services","integratorapp.com","False","False","Microsoft Corporation","5206095","f8cdef31-a31e-4b4a-93e4-5f571e91255a","True","True","True","False","False",,"Application","https://IntegratorApp.com;2e49aa60-1bd3-43b6-8ab6-03ada3d9f08b","False","False","",,"OpenID Connect","False","Microsoft;No OAuth grants","","","0"
"Microsoft.MileIQ","a25dbca8-4e60-48e5-80a2-0664fdb5c9b6","pass","True","False","False","False","Microsoft Services",,"False","False",,,"f8cdef31-a31e-4b4a-93e4-5f571e91255a","True","True","False","False","False",,"Application","a25dbca8-4e60-48e5-80a2-0664fdb5c9b6","False","False","",,"OpenID Connect","False","Microsoft;No OAuth grants","","","0"
"StreamToSubstrateRepl","607e1f95-b519-4bac-8a15-6196f40e8977","pass","True","False","False","False","Microsoft Services",,"False","False",,,"f8cdef31-a31e-4b4a-93e4-5f571e91255a","True","True","False","False","False",,"Application","607e1f95-b519-4bac-8a15-6196f40e8977","False","False","",,"Disabled","False","Microsoft;No OAuth grants","","","0"
"agentcon2026-foundry-resource","d167c480-564e-4806-b9b8-217690112cff","pass","True","False","False","False",,"identity.azure.net","True","False",,,,"False","False","False","False","False",,"ManagedIdentity","d167c480-564e-4806-b9b8-217690112cff;https://identity.azure.net/7Edbd4r+YdxEt1WT8Lz4hMPQqPQ6BqEpdMfIHISgMuk=","True","False","",,"Disabled","False","Microsoft;No OAuth grants","","","0"
"Conference Auto Attendant","207a6836-d031-4764-a9d8-c1193f455f21","pass","True","False","False","False","Microsoft Services",,"False","False","Microsoft Corporation","5206095","f8cdef31-a31e-4b4a-93e4-5f571e91255a","True","True","True","False","False",,"Application","207a6836-d031-4764-a9d8-c1193f455f21","False","False","",,"Disabled","False","Microsoft;No OAuth grants","","","0"
"ml-sentinel-dev","4ee595a2-e0ab-410b-aa45-47b496799d80","pass","True","False","False","False",,"identity.azure.net","True","False",,,,"False","False","False","False","False",,"ManagedIdentity","https://identity.azure.net/FobNtaRD9IF0dPxSJJJx6fpfvLZy0Sr2S7qxfZ/wurs=;4ee595a2-e0ab-410b-aa45-47b496799d80","True","False","",,"Disabled","False","Microsoft;No OAuth grants","","","0"
"Microsoft Defender for Cloud","bceea168-88ac-4736-95dc-4ce488ffe324","pass","True","False","False","False","Microsoft Services","bceea168-88ac-4736-95dc-4ce488ffe324","False","False","Microsoft Corporation","5206095","f8cdef31-a31e-4b4a-93e4-5f571e91255a","True","True","True","False","False",,"Application","bceea168-88ac-4736-95dc-4ce488ffe324;api://bceea168-88ac-4736-95dc-4ce488ffe324","False","False","disableLegacyUserImpersonationClient;disableLegacyUserImpersonationResource;GitCreatedApp",,"Disabled","False","Microsoft;No OAuth grants","","","0"
"Azure MFA StrongAuthenticationService","b5a60e17-278b-4c92-a4e2-b9262e66bb28","pass","True","False","False","False","Microsoft Services",,"False","False",,,"f8cdef31-a31e-4b4a-93e4-5f571e91255a","True","True","False","False","False",,"Application","b5a60e17-278b-4c92-a4e2-b9262e66bb28","False","False","",,"Disabled","False","Microsoft;No OAuth grants","","","0"
"Microsoft 365 App Catalog Services","e8be65d6-d430-4289-a665-51bf2a194bda","pass","True","False","False","False","Microsoft Services","titles.msit.mos.microsoft.com","True","False","Microsoft Corporation","5206095","f8cdef31-a31e-4b4a-93e4-5f571e91255a","True","True","True","False","False",,"Application","e8be65d6-d430-4289-a665-51bf2a194bda;https://titles.msit.mos.microsoft.com;https://titles.prod.mos.microsoft.com;https://titles.msitprv.mos.microsoft.com","True","False","disableLegacyUserImpersonationResource",,"Disabled","False","Microsoft;No OAuth grants","","","0"
"Yggdrasil","78e7bc61-0fab-4d35-8387-09a8d2f5a59d","pass","True","False","False","False","Microsoft Services",,"False","False","Microsoft Corporation","5206095","f8cdef31-a31e-4b4a-93e4-5f571e91255a","True","True","True","False","False",,"Application","78e7bc61-0fab-4d35-8387-09a8d2f5a59d","False","False","",,"Disabled","False","Microsoft;No OAuth grants","","","0"
"Attestation Service","c61423b7-1d1f-430d-b444-0eee53298103","pass","True","False","False","False","Microsoft Services","attest.azure.net","True","False",,,"f8cdef31-a31e-4b4a-93e4-5f571e91255a","True","True","False","False","False",,"Application","c61423b7-1d1f-430d-b444-0eee53298103;https://attest.azure.net;https://attest.azure.us","True","False","",,"Disabled","False","Microsoft;No OAuth grants","","","0"
"M365 Compliance Drive Client","be1918be-3fe3-4be9-b32b-b542fc27f02e","pass","True","False","False","False","Microsoft Services",,"False","False",,,"f8cdef31-a31e-4b4a-93e4-5f571e91255a","True","True","False","False","False",,"Application","be1918be-3fe3-4be9-b32b-b542fc27f02e","False","False","",,"OpenID Connect","False","Microsoft;No OAuth grants","","","0"
"Azure Machine Learning Services Asset Notification","b8cf62f3-7cc7-4e32-ab3a-41370ef0cfcf","pass","True","False","False","False","Microsoft Services",,"False","False",,,"f8cdef31-a31e-4b4a-93e4-5f571e91255a","True","True","False","False","False",,"Application","b8cf62f3-7cc7-4e32-ab3a-41370ef0cfcf","False","False","",,"Disabled","False","Microsoft;No OAuth grants","","","0"
"vmAVD-0","d7919004-1635-4e84-ba65-ce96ccca9cb4","pass","True","False","False","False",,"identity.azure.net","True","False",,,,"False","False","False","False","False",,"ManagedIdentity","https://identity.azure.net/VCLFsHcyPw89zXOAgyVgVHAXWnQX5FsLD8wXWlIZoPM=;d7919004-1635-4e84-ba65-ce96ccca9cb4","True","False","",,"Disabled","False","Microsoft;No OAuth grants","","","0"
"NetworkVerifier","6e02f8e9-db9b-4eb5-aa5a-7c8968375f68","pass","True","False","False","False","Microsoft Services",,"False","False","Microsoft Corporation","5206095","f8cdef31-a31e-4b4a-93e4-5f571e91255a","True","True","True","False","False",,"Application","6e02f8e9-db9b-4eb5-aa5a-7c8968375f68","False","False","",,"Disabled","False","Microsoft;No OAuth grants","","","0"
"Azure AD Identity Governance Insights","58c746b0-a0b0-4647-a8f6-12dde5981638","pass","True","False","False","False","Microsoft Services",,"False","False",,,"f8cdef31-a31e-4b4a-93e4-5f571e91255a","True","True","False","False","False",,"Application","58c746b0-a0b0-4647-a8f6-12dde5981638","False","False","",,"OpenID Connect","False","Microsoft;No OAuth grants","","","0"
"Skype Core Calling Service","66c23536-2118-49d3-bc66-54730b057680","pass","True","False","False","False","Microsoft Services","api.cc.skype.com","False","False",,,"f8cdef31-a31e-4b4a-93e4-5f571e91255a","True","True","False","False","False",,"Application","https://api.cc.skype.com/;66c23536-2118-49d3-bc66-54730b057680","False","False","",,"OpenID Connect","False","Microsoft;No OAuth grants","","","0"
"Network Watcher","7c33bfcb-8d33-48d6-8e60-dc6404003489","pass","True","False","False","False","Microsoft Services",,"False","False",,,"f8cdef31-a31e-4b4a-93e4-5f571e91255a","True","True","False","False","False",,"Application","7c33bfcb-8d33-48d6-8e60-dc6404003489","False","False","",,"Disabled","False","Microsoft;No OAuth grants","","","0"
"Veeam V13","fa5311c3-418c-4c56-a30c-fd8149067846","pass","False","False","True","False","Base-IT Intune.cc",,"False","False",,,"a65f6b72-abef-4f0b-88d6-3256be9a72d1","False","False","False","True","False",,"Application","fa5311c3-418c-4c56-a30c-fd8149067846","False","False","WindowsAzureActiveDirectoryCustomSingleSignOnApplication;WindowsAzureActiveDirectoryIntegratedApp",,"Disabled","False","Home Tenant;No OAuth grants","","","0"
"aciapi","c5b17a4f-cc6f-4649-9480-684280a2af3a","pass","True","False","False","False","Microsoft Services",,"False","False",,,"f8cdef31-a31e-4b4a-93e4-5f571e91255a","True","True","False","False","False",,"Application","c5b17a4f-cc6f-4649-9480-684280a2af3a","False","False","",,"OpenID Connect","False","Microsoft;No OAuth grants","","","0"
"ACR-Tasks-Network","62c559cd-db0c-4da0-bab2-972528c65d42","pass","True","False","False","False","Microsoft Services",,"False","False",,,"f8cdef31-a31e-4b4a-93e4-5f571e91255a","True","True","False","False","False",,"Application","62c559cd-db0c-4da0-bab2-972528c65d42","False","False","",,"Disabled","False","Microsoft;No OAuth grants","","","0"
"Azure Media Services","374b2a64-3b6b-436b-934c-b820eacca870","pass","True","False","False","False","Microsoft Services","armrp.media.azure.net","True","False",,,"f8cdef31-a31e-4b4a-93e4-5f571e91255a","True","True","False","False","False",,"Application","374b2a64-3b6b-436b-934c-b820eacca870;https://armrp.media.azure.net/","True","False","disableLegacyUserImpersonationClient",,"Disabled","False","Microsoft;No OAuth grants","","","0"
"Azure Iot Hub Publisher App","29f411f1-b2cf-4043-8ac8-2185d7316811","pass","True","False","False","False","Microsoft Services",,"False","False",,,"f8cdef31-a31e-4b4a-93e4-5f571e91255a","True","True","False","False","False",,"Application","29f411f1-b2cf-4043-8ac8-2185d7316811","False","False","",,"Disabled","False","Microsoft;No OAuth grants","","","0"
"ErbHaTest","a200a41a-6cac-4d09-8509-2eaca55290f7","pass","False","False","True","True","Base-IT Intune.cc",,"False","False",,,"a65f6b72-abef-4f0b-88d6-3256be9a72d1","False","False","False","True","False",,"Application","a200a41a-6cac-4d09-8509-2eaca55290f7","False","False","WindowsAzureActiveDirectoryIntegratedApp;HideApp",,"OpenID Connect","True","Home Tenant;Hidden;staleApps;No OAuth grants","","","0"
"BotIntuneCC","e14917ae-1c21-41c5-8ec5-85f92b4187dc","pass","False","False","True","False","Base-IT Intune.cc",,"False","False",,,"a65f6b72-abef-4f0b-88d6-3256be9a72d1","False","False","False","False","False",,"Application","e14917ae-1c21-41c5-8ec5-85f92b4187dc","False","False","",,"Disabled","True","Home Tenant;staleApps;No OAuth grants","","","0"
"base-IT Password Reset","af06fabe-c481-47f6-92ba-bee6de6f2f1e","pass","False","False","True","False","Base-IT Intune.cc",,"False","False",,,"a65f6b72-abef-4f0b-88d6-3256be9a72d1","False","False","False","False","False",,"Application","af06fabe-c481-47f6-92ba-bee6de6f2f1e","False","False","",,"Disabled","False","Home Tenant;No OAuth grants","","","0"
"Sway","905fcf26-4eb7-48a0-9ff0-8dcc7194b5ba","pass","True","False","False","False","Microsoft Services","sway.com","False","False",,,"f8cdef31-a31e-4b4a-93e4-5f571e91255a","True","True","False","False","False",,"Application","https://sway.com/;https://www.sway.com;905fcf26-4eb7-48a0-9ff0-8dcc7194b5ba","False","False","",,"OpenID Connect","False","Microsoft;No OAuth grants","","","0"
"Dynamics 365 Viva Sales","4787c7ff-7cea-43db-8d0d-919f15c6354b","pass","True","False","False","False","Microsoft Services","perf.vivasales.dynamics.com","False","False",,,"f8cdef31-a31e-4b4a-93e4-5f571e91255a","True","True","False","False","False",,"Application","api://perf.vivasales.dynamics.com/4787c7ff-7cea-43db-8d0d-919f15c6354b;api://perf.vivasales.dynamics.com/botid-c4c77a47-d52d-42ba-99ba-db92391fa85e;api://partnerfre.vivasales.dynamics.com/botid-0d2ebec4-5894-455b-92d8-34ace77d3506;api://partnerfre.vivasales.dynamics.com/4787c7ff-7cea-43db-8d0d-919f15c6354b;api://sg.vivasales.dynamics.com/0c9c6d7b-0ccd-4dbd-96d4-9a7985e2f396;api://fre.vivasales.dynamics.com/0c9c6d7b-0ccd-4dbd-96d4-9a7985e2f396;api://vivasales.dynamics.com/0c9c6d7b-0ccd-4dbd-96d4-9a7985e2f396;api://research.vivasales.dynamics.com/4787c7ff-7cea-43db-8d0d-919f15c6354b;api://research.vivasales.dynamics.com/botid-4882a6fd-4824-48d5-9357-2542e9310baf;api://demolt.vivasales.dynamics.com/botid-f236ff88-3eed-4956-beab-ede3593ed43c;api://sg.vivasales.dynamics.com/botid-f97b724b-5779-4a3c-aa7f-b9e438c78826;api://demolt.vivasales.dynamics.com/4787c7ff-7cea-43db-8d0d-919f15c6354b;api://sg.vivasales.dynamics.com/4787c7ff-7cea-43db-8d0d-919f15c6354b;api://vivasales.dynamics.com/botid-2ac7db0e-bd8b-4b00-a166-05ced71e4cd5;api://fre.vivasales.dynamics.com/botid-42e07d43-6d64-456a-a2ac-1af63d30411e;api://partnerfre.salesproductivity.dynamics.com/botid-0d2ebec4-5894-455b-92d8-34ace77d3506;api://partnerfre.salesproductivity.dynamics.com/4787c7ff-7cea-43db-8d0d-919f15c6354b;api://fre.vivasales.dynamics.com/4787c7ff-7cea-43db-8d0d-919f15c6354b;api://vivasales.dynamics.com/4787c7ff-7cea-43db-8d0d-919f15c6354b;4787c7ff-7cea-43db-8d0d-919f15c6354b","False","False","",,"OpenID Connect","False","Microsoft;No OAuth grants","","","0"
"MIP Exchange Solutions","a150d169-7d37-47dd-9b20-156207b7b02f","pass","True","False","False","False","Microsoft Services",,"False","False",,,"f8cdef31-a31e-4b4a-93e4-5f571e91255a","True","True","False","False","False",,"Application","a150d169-7d37-47dd-9b20-156207b7b02f","False","False","",,"Disabled","False","Microsoft;No OAuth grants","","","0"
"Microsoft.MileIQ.RESTService","b692184e-b47f-4706-b352-84b288d2d9ee","pass","True","False","False","False","Microsoft Services",,"False","False",,,"f8cdef31-a31e-4b4a-93e4-5f571e91255a","True","True","False","False","False",,"Application","b692184e-b47f-4706-b352-84b288d2d9ee","False","False","",,"OpenID Connect","False","Microsoft;No OAuth grants","","","0"
"Adaptive Card Gallery (Microsoft Copilot Studio)","252531fc-b7c8-4a92-8363-12bbe3f16db4","pass","False","False","True","False","Base-IT Intune.cc",,"False","False",,,"a65f6b72-abef-4f0b-88d6-3256be9a72d1","False","False","False","False","False",,"Application","252531fc-b7c8-4a92-8363-12bbe3f16db4","False","False","AgenticApp;AIAgentBuilder;AgentCreatedBy:CopilotStudio;AgenticInstance;power-virtual-agents-d75c5eb9-54d6-ad2c-b15d-c81abd91f746","This application is required to support messaging and authentication for an individual chatbot built with Power Virtual Agents. Power Platform Environment: '035a17de-c1e1-e6f2-abe2-ee8e69d5c556', Bot Id: 'd75c5eb9-54d6-ad2c-b15d-c81abd91f746', More information: https://go.microsoft.com/fwlink/?linkid=2096220","Disabled","False","Home Tenant;No OAuth grants","","","0"
"ServiceNow","c4e63f4b-ad64-43ed-9461-039869718bb9","pass","False","False","True","False","Base-IT Intune.cc",,"False","False",,,"a65f6b72-abef-4f0b-88d6-3256be9a72d1","False","False","False","True","False",,"Application","c4e63f4b-ad64-43ed-9461-039869718bb9","False","False","WindowsAzureActiveDirectoryIntegratedApp",,"Disabled","True","Home Tenant;staleApps;No OAuth grants","","","0"
"Microsoft Healthcare Applications Lifecycle Management","1a886d4d-48a6-46c7-b3b0-9bf2867dc4fb","pass","True","False","False","False","Microsoft Services",,"False","False","Microsoft Corporation","5206095","f8cdef31-a31e-4b4a-93e4-5f571e91255a","True","True","True","False","False",,"Application","1a886d4d-48a6-46c7-b3b0-9bf2867dc4fb","False","False","disableLegacyUserImpersonationClient;disableLegacyUserImpersonationResource;GitCreatedApp",,"Disabled","False","Microsoft;No OAuth grants","","","0"
"ATHQHCI01","36675c56-75c2-44f7-ba62-21ea5db666f2","pass","True","False","False","False",,"identity.azure.net","True","False",,,,"False","False","False","False","False",,"ManagedIdentity","36675c56-75c2-44f7-ba62-21ea5db666f2;https://identity.azure.net/p9fj9bIjDQ/korpE8w9+yBVYuOgJ6xAp0nGRbtq5GD8=","True","False","",,"Disabled","False","Microsoft;No OAuth grants","","","0"
"Microsoft Azure App Service","abfa0a7c-a6b6-4736-8310-5855508787cd","pass","True","False","False","False","Microsoft Services","appservice.azure.com","True","False",,,"f8cdef31-a31e-4b4a-93e4-5f571e91255a","True","True","False","False","False",,"Application","https://appservice.azure.com;abfa0a7c-a6b6-4736-8310-5855508787cd","True","False","",,"OpenID Connect","False","Microsoft;No OAuth grants","","","0"
"Insights Apps Platform Prod","99ff962b-6252-4b98-8478-0c65a3ea1925","pass","True","False","False","False","Microsoft Services","api.insightsplatform.microsoft.com","True","False","Microsoft Corporation","5206095","f8cdef31-a31e-4b4a-93e4-5f571e91255a","True","True","True","False","False",,"Application","99ff962b-6252-4b98-8478-0c65a3ea1925;https://api.insightsplatform.microsoft.com","True","False","disableLegacyUserImpersonationResource",,"Disabled","False","Microsoft;No OAuth grants","","","0"
"ECP Billing Service","359431ad-ece5-496b-8768-be4bbfd82f36","pass","True","False","False","False","Microsoft Services",,"False","False","Microsoft Corporation","5206095","f8cdef31-a31e-4b4a-93e4-5f571e91255a","True","True","True","False","False",,"Application","359431ad-ece5-496b-8768-be4bbfd82f36","False","False","",,"Disabled","False","Microsoft;No OAuth grants","","","0"
"Reply-At-Mention","18f36947-75b0-49fb-8d1c-29584a55cac5","pass","True","False","False","False","Microsoft Services","comments.office.net","False","False",,,"f8cdef31-a31e-4b4a-93e4-5f571e91255a","True","True","False","False","False",,"Application","https://comments.office.net;18f36947-75b0-49fb-8d1c-29584a55cac5","False","False","",,"Disabled","False","Microsoft;No OAuth grants","","","0"
"svatazdc01","69537b3c-0684-4a93-975f-96d06d09ad65","pass","True","False","False","False",,"identity.azure.net","True","False",,,,"False","False","False","False","False",,"ManagedIdentity","https://identity.azure.net/UJ7D4mN2C1n4yystfe3mEd2XQm5KU8aoaIq9MU9ifBU=;69537b3c-0684-4a93-975f-96d06d09ad65","True","False","",,"Disabled","False","Microsoft;No OAuth grants","","","0"
"Azure Logic Apps","7cd684f4-8a78-49b0-91ec-6a35d38739ba","pass","True","False","False","False","Microsoft Services","logic.azure.com","True","False","Microsoft Corporation","5206095","f8cdef31-a31e-4b4a-93e4-5f571e91255a","True","True","True","False","False",,"Application","7cd684f4-8a78-49b0-91ec-6a35d38739ba;https://logic.azure.com/","True","False","",,"OpenID Connect","False","Microsoft;No OAuth grants","","","0"
"AAD Terms Of Use","d52792f4-ba38-424d-8140-ada5b883f293","pass","True","False","False","False","Microsoft Services","termsofuse.identitygovernance.azure.us","False","False",,,"f8cdef31-a31e-4b4a-93e4-5f571e91255a","True","True","False","False","False",,"Application","d52792f4-ba38-424d-8140-ada5b883f293;https://termsofuse.identitygovernance.azure.us;https://termsofuse.identitygovernance.azure.com","True","False","",,"OpenID Connect","False","Microsoft;No OAuth grants","","","0"
"Azure Smart Alerts","3af5a1e8-2459-45cb-8683-bcd6cccbcc13","pass","True","False","False","False","Microsoft Services",,"False","False",,,"f8cdef31-a31e-4b4a-93e4-5f571e91255a","True","True","False","False","False",,"Application","3af5a1e8-2459-45cb-8683-bcd6cccbcc13","False","False","",,"Disabled","False","Microsoft;No OAuth grants","","","0"
"Microsoft.Azure.DomainRegistration","ea2f600a-4980-45b7-89bf-d34da487bda1","pass","True","False","False","False","Microsoft Services",,"False","False","Microsoft Corporation","5206095","f8cdef31-a31e-4b4a-93e4-5f571e91255a","True","True","True","False","False",,"Application","ea2f600a-4980-45b7-89bf-d34da487bda1","False","False","",,"Disabled","False","Microsoft;No OAuth grants","","","0"
"Intune DiagnosticService","7f0d9978-eb2a-4974-88bd-f22a3006fe17","pass","True","False","False","False","Microsoft Services",,"False","False",,,"f8cdef31-a31e-4b4a-93e4-5f571e91255a","True","True","False","False","False",,"Application","7f0d9978-eb2a-4974-88bd-f22a3006fe17","False","False","",,"Disabled","False","Microsoft;No OAuth grants","","","0"
"Microsoft B2B Admin Portal","b33270c9-0376-4eab-8fd0-8f372edd5ad6","pass","True","False","False","False","Microsoft Services","b2b.azure.net","True","False",,,"f8cdef31-a31e-4b4a-93e4-5f571e91255a","True","True","False","False","False",,"Application","b33270c9-0376-4eab-8fd0-8f372edd5ad6;https://b2b.azure.net/","True","False","",,"Disabled","False","Microsoft;No OAuth grants","","","0"
"Agent (Microsoft Copilot Studio)","1715bcbe-8e20-41dd-9e62-a8c3f731738c","pass","False","False","True","False","Base-IT Intune.cc",,"False","False",,,"a65f6b72-abef-4f0b-88d6-3256be9a72d1","False","False","False","False","False",,"Application","1715bcbe-8e20-41dd-9e62-a8c3f731738c","False","False","AgenticApp;AIAgentBuilder;AgentCreatedBy:CopilotStudio;AgenticInstance;power-virtual-agents-f081832c-014c-1597-74a8-1007ffe32b16","This application is required to support messaging and authentication for an individual chatbot built with Power Virtual Agents. Power Platform Environment: '043be92b-06ca-e3ae-97f9-61cb35f0c75c', Bot Id: 'f081832c-014c-1597-74a8-1007ffe32b16', More information: https://go.microsoft.com/fwlink/?linkid=2096220","Disabled","False","Home Tenant;No OAuth grants","","","0"
"IDS-PROD","f36c30df-d241-4c14-a0ee-752c71e4d3da","pass","True","False","False","False","Microsoft Services","ids.api.iris.microsoft.com","True","False","Microsoft Corporation","5206095","f8cdef31-a31e-4b4a-93e4-5f571e91255a","True","True","True","False","False",,"Application","https://ids.api.iris.microsoft.com/;f36c30df-d241-4c14-a0ee-752c71e4d3da","True","False","",,"Disabled","False","Microsoft;No OAuth grants","","","0"
"Cortana at Work Bing Services","22d7579f-06c2-4baa-89d2-e844486adb9d","pass","True","False","False","False","Microsoft Services","cortana.ai","False","False",,,"f8cdef31-a31e-4b4a-93e4-5f571e91255a","True","True","False","False","False",,"Application","https://cortana.ai/internal/bing;22d7579f-06c2-4baa-89d2-e844486adb9d","False","False","",,"Disabled","False","Microsoft;No OAuth grants","","","0"
"Security Copilot API","bb3d68c2-d09e-4455-94a0-e323996dbaa3","pass","True","False","False","False","Microsoft Services","api.medeina-ppe.defender.microsoft.com","True","False",,,"f8cdef31-a31e-4b4a-93e4-5f571e91255a","True","True","False","False","False",,"Application","https://api.medeina-ppe.defender.microsoft.com;https://api.securitycopilot.microsoft.com;https://api.medeina.defender.microsoft.com;bb3d68c2-d09e-4455-94a0-e323996dbaa3","True","False","",,"OpenID Connect","False","Microsoft;No OAuth grants","","","0"
"AAD App Management","f0ae4899-d877-4d3c-ae25-679e38eea492","pass","True","False","False","False","Microsoft Services","appmanagement.activedirectory.microsoft.com","True","False",,,"f8cdef31-a31e-4b4a-93e4-5f571e91255a","True","True","False","False","False",,"Application","https://appmanagement.activedirectory.microsoft.com;f0ae4899-d877-4d3c-ae25-679e38eea492","True","False","",,"OpenID Connect","False","Microsoft;No OAuth grants","","","0"
"Zero-Test","a5245868-c37d-4440-8846-a852b3b3fc4e","pass","False","False","True","False","Base-IT Intune.cc","portal.zeronetworks.com","False","False",,,"a65f6b72-abef-4f0b-88d6-3256be9a72d1","False","False","False","True","False",,"Application","a5245868-c37d-4440-8846-a852b3b3fc4e;https://portal.zeronetworks.com/api/v1/sso/azure/metadata1","False","False","WindowsAzureActiveDirectoryIntegratedApp;WindowsAzureActiveDirectoryCustomSingleSignOnApplication",,"SAML","True","Home Tenant;staleApps;No OAuth grants","","","0"
"Frontline Worker Orchestrator Service","cd1b8394-07a3-43b1-8aba-ce6ee572d0af","pass","True","False","False","False","Microsoft Services","flworchestrator.teams.microsoft.com","True","False",,,"f8cdef31-a31e-4b4a-93e4-5f571e91255a","True","True","False","False","False",,"Application","cd1b8394-07a3-43b1-8aba-ce6ee572d0af;https://flworchestrator.teams.microsoft.com/cd1b8394-07a3-43b1-8aba-ce6ee572d0af;https://flworchestrator-int.teams.microsoft.com/cd1b8394-07a3-43b1-8aba-ce6ee572d0af;api://flworchestrator.teams.microsoft.com/cd1b8394-07a3-43b1-8aba-ce6ee572d0af","True","False","",,"Disabled","False","Microsoft;No OAuth grants","","","0"
"Cortana Runtime Service","81473081-50b9-469a-b9d8-303109583ecb","pass","True","False","False","False","Microsoft Services","cortana.ai","False","False",,,"f8cdef31-a31e-4b4a-93e4-5f571e91255a","True","True","False","False","False",,"Application","https://cortana.ai;81473081-50b9-469a-b9d8-303109583ecb","False","False","",,"Disabled","False","Microsoft;No OAuth grants","","","0"
"intunecc-vpn","ffeaebb5-0a32-49a6-bee6-e283526f03df","pass","True","False","False","False",,"identity.azure.net","True","False",,,,"False","False","False","False","False",,"ManagedIdentity","https://identity.azure.net/aFk5u973yNL0MQ4kwKZtGLZvw5uNGC6AUzf5f4Ud0bQ=;ffeaebb5-0a32-49a6-bee6-e283526f03df","True","False","",,"Disabled","False","Microsoft;No OAuth grants","","","0"
"Microsoft Teams Retail Service","75efb5bc-18a1-4e7b-8a66-2ad2503d79c6","pass","True","False","False","False","Microsoft Services","retailservices.teams.microsoft.com","True","False",,,"f8cdef31-a31e-4b4a-93e4-5f571e91255a","True","True","False","False","False",,"Application","https://retailservices.teams.microsoft.com;75efb5bc-18a1-4e7b-8a66-2ad2503d79c6","True","False","",,"Disabled","False","Microsoft;No OAuth grants","","","0"
"K8s Connectivity Status reader","c0bc53a7-fc9e-4022-a699-1ea7baa4bd40","pass","True","False","False","False","Microsoft Services",,"False","False","Microsoft Corporation","5206095","f8cdef31-a31e-4b4a-93e4-5f571e91255a","True","True","True","False","False",,"Application","c0bc53a7-fc9e-4022-a699-1ea7baa4bd40","False","False","GitCreatedApp;disableLegacyUserImpersonationResource;disableLegacyUserImpersonationClient",,"Disabled","False","Microsoft;No OAuth grants","","","0"
"Arc Public Cloud - Servers","aacceff9-8ec3-413c-83eb-cb131aaf55c6","pass","True","False","False","False","Microsoft Services","aacceff9-8ec3-413c-83eb-cb131aaf55c6","False","False",,,"f8cdef31-a31e-4b4a-93e4-5f571e91255a","True","True","False","False","False",,"Application","api://aacceff9-8ec3-413c-83eb-cb131aaf55c6;aacceff9-8ec3-413c-83eb-cb131aaf55c6","False","False","",,"Disabled","False","Microsoft;No OAuth grants","","","0"
"Azure Data Factory","0947a342-ab4a-43be-93b3-b8243fc161e5","pass","True","False","False","False","Microsoft Services","adffirstpartyapp.datamovement.azure.com","True","False",,,"f8cdef31-a31e-4b4a-93e4-5f571e91255a","True","True","False","False","False",,"Application","https://adffirstpartyapp.datamovement.azure.com;https://adffirstpartyapp.clouddatahub.net;0947a342-ab4a-43be-93b3-b8243fc161e5","True","False","disableLegacyUserImpersonationResource;disableLegacyUserImpersonationClient",,"OpenID Connect","False","Microsoft;No OAuth grants","","","0"
"Windows Azure Application Insights","11c174dc-1945-4a9a-a36b-c79a0f246b9b","pass","True","False","False","False","Microsoft Services",,"False","False",,,"f8cdef31-a31e-4b4a-93e4-5f571e91255a","True","True","False","False","False",,"Application","11c174dc-1945-4a9a-a36b-c79a0f246b9b","False","False","",,"Disabled","False","Microsoft;No OAuth grants","","","0"
"CloudPosture/securityOperators/DefenderCSPMSecurityOperator","ea2449d8-fe85-49db-b18d-38a0ca31d4a5","pass","True","False","False","False",,"identity.azure.net","True","False",,,,"False","False","False","False","False",,"ManagedIdentity","ea2449d8-fe85-49db-b18d-38a0ca31d4a5;https://identity.azure.net/TAeL9cyf/uWaoDohPeg/7G2mydySVmK+imAnsj3wfM0=","True","False","",,"Disabled","False","Microsoft;No OAuth grants","","","0"
"CosmosDB-Garnet-Cache","e9c3020c-b976-40a7-b6c2-0d56abaa82f8","pass","True","False","False","False","Microsoft Services",,"False","False",,,"f8cdef31-a31e-4b4a-93e4-5f571e91255a","True","True","False","False","False",,"Application","e9c3020c-b976-40a7-b6c2-0d56abaa82f8","False","False","disableLegacyUserImpersonationClient;disableLegacyUserImpersonationResource;GitCreatedApp",,"Disabled","False","Microsoft;No OAuth grants","","","0"
"Microsoft Azure Data Catalog","9d3e55ba-79e0-4b7c-af50-dc460b81dca1","pass","True","False","False","False","Microsoft Services","microsoft.com","True","False",,,"f8cdef31-a31e-4b4a-93e4-5f571e91255a","True","True","False","False","False",,"Application","https://microsoft.com/MicrosoftProjectTokyo;https://datacatalog.azure.com;https://api.azuredatacatalog.com;9d3e55ba-79e0-4b7c-af50-dc460b81dca1","True","False","",,"OpenID Connect","False","Microsoft;No OAuth grants","","","0"
"Microsoft_AAD_RegisteredApps","18ed3507-a475-4ccb-b669-d66bc9f2a36e","pass","True","False","False","False","Microsoft Services",,"False","False",,,"f8cdef31-a31e-4b4a-93e4-5f571e91255a","True","True","False","False","False",,"Application","18ed3507-a475-4ccb-b669-d66bc9f2a36e","False","False","",,"OpenID Connect","False","Microsoft;No OAuth grants","","","0"
"SOCGPT-Base","378fccc8-7480-4667-a39d-092bff98739b","pass","True","False","False","False",,"identity.azure.net","True","False",,,,"False","False","False","False","False",,"ManagedIdentity","https://identity.azure.net/p8Suy60mIlN8OC3nNHg6RUVmufJpVPYsjDxQDPyGgZo=;378fccc8-7480-4667-a39d-092bff98739b","True","False","",,"Disabled","False","Microsoft;No OAuth grants","","","0"
"Microsoft password reset service","93625bc8-bfe2-437a-97e0-3d0060024faa","pass","True","False","False","False","Microsoft Services","passwordreset.microsoftonline.com","True","False",,,"f8cdef31-a31e-4b4a-93e4-5f571e91255a","True","True","False","False","False",,"Application","93625bc8-bfe2-437a-97e0-3d0060024faa;https://passwordreset.microsoftonline.com/;https://passwordreset.microsoftonline.com","True","False","",,"Disabled","False","Microsoft;No OAuth grants","","","0"
"Azure Resource Manager","797f4846-ba00-4fd7-ba43-dac1f8f63013","pass","True","False","False","False","Microsoft Services","foundational.management.azure.net","True","False",,,"f8cdef31-a31e-4b4a-93e4-5f571e91255a","True","True","False","False","False",,"Application","https://foundational.management.azure.net;https://management.azure.com/;https://management.core.windows.net/;797f4846-ba00-4fd7-ba43-dac1f8f63013","True","False","",,"OpenID Connect","False","Microsoft;No OAuth grants","","","0"
"NFV Resource Provider","328fd23b-de6e-462c-9433-e207470a5727","pass","True","False","False","False","Microsoft Services",,"False","False","Microsoft Corporation","5206095","f8cdef31-a31e-4b4a-93e4-5f571e91255a","True","True","True","False","False",,"Application","328fd23b-de6e-462c-9433-e207470a5727","False","False","",,"Disabled","False","Microsoft;No OAuth grants","","","0"
"Microsoft Defender For Cloud","6b5b3617-ba00-46f6-8770-1849282a189a","pass","True","False","False","False","Microsoft Services","6b5b3617-ba00-46f6-8770-1849282a189a","False","False","Microsoft Corporation","5206095","f8cdef31-a31e-4b4a-93e4-5f571e91255a","True","True","True","False","False",,"Application","api://6b5b3617-ba00-46f6-8770-1849282a189a;6b5b3617-ba00-46f6-8770-1849282a189a","False","False","disableLegacyUserImpersonationClient;disableLegacyUserImpersonationResource;GitCreatedApp",,"Disabled","False","Microsoft;No OAuth grants","","","0"
"ATHQDC03","115a9905-148f-4ac3-bf2e-8c1bc1747724","pass","False","False","True","True","Base-IT Intune.cc","115a9905-148f-4ac3-bf2e-8c1bc1747724","False","False",,,"a65f6b72-abef-4f0b-88d6-3256be9a72d1","False","False","False","True","False",,"Application","api://115a9905-148f-4ac3-bf2e-8c1bc1747724;115a9905-148f-4ac3-bf2e-8c1bc1747724","False","False","IsAccessibleViaZTNAClient;HideApp;PrivateAccessNonWebApplication;WindowsAzureActiveDirectoryCustomSingleSignOnApplication;WindowsAzureActiveDirectoryIntegratedApp",,"Disabled","True","Home Tenant;Hidden;staleApps;No OAuth grants","","","0"
"Customer Experience Platform PROD","2220bbc4-4518-4fef-aac6-c6f32e9f9fd1","pass","True","False","False","False","Microsoft Services","prod.cxp","False","False",,,"f8cdef31-a31e-4b4a-93e4-5f571e91255a","True","True","False","False","False",,"Application","api://prod.cxp;2220bbc4-4518-4fef-aac6-c6f32e9f9fd1","False","False","",,"Disabled","False","Microsoft;No OAuth grants","","","0"
"Medeina Service PPE","c4de86e3-e322-4889-a781-968c76b6b325","pass","True","False","False","False","Microsoft Services",,"False","False",,,"f8cdef31-a31e-4b4a-93e4-5f571e91255a","True","True","False","False","False",,"Application","c4de86e3-e322-4889-a781-968c76b6b325","False","False","disableLegacyUserImpersonationResource;disableLegacyUserImpersonationClient",,"Disabled","False","Microsoft;No OAuth grants","","","0"
"My Apps","2793995e-0a7d-40d7-bd35-6968ba142197","pass","True","False","False","False","Microsoft Services",,"False","False",,,"f8cdef31-a31e-4b4a-93e4-5f571e91255a","True","True","False","False","False",,"Application","2793995e-0a7d-40d7-bd35-6968ba142197","False","False","",,"OpenID Connect","False","Microsoft;No OAuth grants","","","0"
"Power Platform Insights and Recommendations Prod","6b650392-d446-472e-a422-e47047790237","pass","True","False","False","False","Microsoft Services",,"False","False",,,"f8cdef31-a31e-4b4a-93e4-5f571e91255a","True","True","False","False","False",,"Application","6b650392-d446-472e-a422-e47047790237","False","False","disableLegacyUserImpersonationClient;disableLegacyUserImpersonationResource",,"Disabled","False","Microsoft;No OAuth grants","","","0"
"PowerPlatform-a365adminmcp-Connector","3e710f56-38f6-42a3-b32a-293205a5903c","pass","True","False","False","False","Microsoft Services",,"False","False",,,"f8cdef31-a31e-4b4a-93e4-5f571e91255a","True","True","False","False","False",,"Application","3e710f56-38f6-42a3-b32a-293205a5903c","False","False","disableLegacyUserImpersonationClient;disableLegacyUserImpersonationResource;GitCreatedApp",,"OpenID Connect","False","Microsoft;No OAuth grants","","","0"
"SQLDBControlPlaneFirstPartyApp","ceecbdd6-288c-4be9-8445-74f139e5db19","pass","True","False","False","False","Microsoft Services",,"False","False",,,"f8cdef31-a31e-4b4a-93e4-5f571e91255a","True","True","False","False","False",,"Application","ceecbdd6-288c-4be9-8445-74f139e5db19","False","False","",,"Disabled","False","Microsoft;No OAuth grants","","","0"
"OCPS Admin Service","f416c5fc-9ac4-4f66-a8e5-cb203139cbe4","pass","True","False","False","False","Microsoft Services","ocps.manage.microsoft.com","True","False",,,"f8cdef31-a31e-4b4a-93e4-5f571e91255a","True","True","False","False","False",,"Application","https://ocps.manage.microsoft.com:444;f416c5fc-9ac4-4f66-a8e5-cb203139cbe4","True","False","",,"Disabled","False","Microsoft;No OAuth grants","","","0"
"Test_python","9486beaf-8abe-4c7f-800d-7de8a56e04cc","pass","False","False","True","True","Base-IT Intune.cc",,"False","False",,,"a65f6b72-abef-4f0b-88d6-3256be9a72d1","False","False","False","True","False",,"Application","9486beaf-8abe-4c7f-800d-7de8a56e04cc","False","False","WindowsAzureActiveDirectoryIntegratedApp;HideApp",,"Disabled","True","Home Tenant;Hidden;staleApps;No OAuth grants","","","0"
"Customer Service Onboarding Agent (Microsoft Copilot Studio)","264e7a03-fe59-4b6d-80b3-de572e4ba3bf","pass","False","False","True","False","Base-IT Intune.cc",,"False","False",,,"a65f6b72-abef-4f0b-88d6-3256be9a72d1","False","False","False","False","False",,"Application","264e7a03-fe59-4b6d-80b3-de572e4ba3bf","False","False","AgenticApp;AIAgentBuilder;AgentCreatedBy:CopilotStudio;AgenticInstance;power-virtual-agents-a7edbd94-977f-8cfd-8a45-5dde7eb7b3b5","This application is required to support messaging and authentication for an individual chatbot built with Power Virtual Agents. Power Platform Environment: '19dde003-f47b-e12b-bdf6-e963eddc0758', Bot Id: 'a7edbd94-977f-8cfd-8a45-5dde7eb7b3b5', More information: https://go.microsoft.com/fwlink/?linkid=2096220","Disabled","False","Home Tenant;No OAuth grants","","","0"
"Microsoft.HybridCompute Agent Service","eec53b1f-b9a4-4479-acf5-6b247c6a49f2","pass","True","False","False","False","Microsoft Services",,"False","False",,,"f8cdef31-a31e-4b4a-93e4-5f571e91255a","True","True","False","False","False",,"Application","eec53b1f-b9a4-4479-acf5-6b247c6a49f2","False","False","",,"Disabled","False","Microsoft;No OAuth grants","","","0"
"Microsoft Teams Shifts","aa580612-c342-4ace-9055-8edee43ccb89","pass","True","False","False","False","Microsoft Services","api.staffhub.office.com","True","False",,,"f8cdef31-a31e-4b4a-93e4-5f571e91255a","True","True","False","False","False",,"Application","https://api.staffhub.office.com;https://api.manage.staffhub.office.com;https://prod.shiftr.onmicrosoft.com;aa580612-c342-4ace-9055-8edee43ccb89","True","False","",,"OpenID Connect","False","Microsoft;No OAuth grants","","","0"
"edgesuptestedgemarketplace_app","ab7591ae-15f0-43f1-ade0-23a6ee4653c7","pass","True","False","False","False","Microsoft Services",,"False","False",,,"f8cdef31-a31e-4b4a-93e4-5f571e91255a","True","True","False","False","False",,"Application","ab7591ae-15f0-43f1-ade0-23a6ee4653c7","False","False","disableLegacyUserImpersonationClient;disableLegacyUserImpersonationResource",,"Disabled","False","Microsoft;No OAuth grants","","","0"
"Microsoft Kaizala","dc3294af-4679-418f-a30c-76948e23fe1c","pass","True","False","False","False","Microsoft Services","kms-alpha.kaiza.la","False","False",,,"f8cdef31-a31e-4b4a-93e4-5f571e91255a","True","True","False","False","False",,"Application","https://kms-alpha.kaiza.la;https://kms-preprod.kaiza.la;https://kms.kaiza.la;dc3294af-4679-418f-a30c-76948e23fe1c","False","False","",,"OpenID Connect","False","Microsoft;No OAuth grants","","","0"
"ALSO CPV Partner Center App","a6c6c45d-4f8d-4e71-8ded-039b00df4c13","pass","False","True","False","False","ALSO Cloud OY",,"False","False",,,"13a16723-2a0a-4a8c-b58a-8b3e6d490a35","False","False","False","False","False",,"Application","a6c6c45d-4f8d-4e71-8ded-039b00df4c13","False","False","",,"OpenID Connect","False","3rd Party;No OAuth grants","","","0"
"Azure Service Fabric Resource Provider","74cb6831-0dbb-4be1-8206-fd4df301cdc2","pass","True","False","False","False","Microsoft Services",,"False","False",,,"f8cdef31-a31e-4b4a-93e4-5f571e91255a","True","True","False","False","False",,"Application","74cb6831-0dbb-4be1-8206-fd4df301cdc2","False","False","",,"Disabled","False","Microsoft;No OAuth grants","","","0"
"Microsoft Outlook","5d661950-3475-41cd-a2c3-d671a3162bc1","pass","True","False","False","False","Microsoft Services",,"False","False",,,"f8cdef31-a31e-4b4a-93e4-5f571e91255a","True","True","False","False","False",,"Application","5d661950-3475-41cd-a2c3-d671a3162bc1","False","False","",,"OpenID Connect","False","Microsoft;No OAuth grants","","","0"
"Microsoft Teams Settings Store","cf6c77f8-914f-4078-baef-e39a5181158b","pass","True","False","False","False","Microsoft Services","settings.infra.gov.teams.microsoft.us","True","False",,,"f8cdef31-a31e-4b4a-93e4-5f571e91255a","True","True","False","False","False",,"Application","https://settings.infra.gov.teams.microsoft.us;https://settings.infra.dod.teams.microsoft.us;https://settings.gcc.teams.microsoft.com;https://settings.teams.microsoft.com;cf6c77f8-914f-4078-baef-e39a5181158b;https://canary-settings.teams.microsoft.com;https://settings.infra.gcc.teams.microsoft.com;https://settings.teams.internal.office.com","True","False","",,"OpenID Connect","False","Microsoft;No OAuth grants","","","0"
"Azure API Management","8602e328-9b72-4f2d-a4ae-1387d013a2b3","pass","True","False","False","False","Microsoft Services",,"False","False",,,"f8cdef31-a31e-4b4a-93e4-5f571e91255a","True","True","False","False","False",,"Application","8602e328-9b72-4f2d-a4ae-1387d013a2b3","False","False","",,"OpenID Connect","False","Microsoft;No OAuth grants","","","0"
"Windows 365 IW Service","7c0a6aea-533c-458c-9f81-15568f10f6e4","pass","True","False","False","False","Microsoft Services",,"False","False",,,"f8cdef31-a31e-4b4a-93e4-5f571e91255a","True","True","False","False","False",,"Application","7c0a6aea-533c-458c-9f81-15568f10f6e4","False","False","",,"Disabled","False","Microsoft;No OAuth grants","","","0"
"ATHQMGMT01","aa605772-2a3e-4aff-8ed6-8c4b31beff10","pass","True","False","False","False",,"identity.azure.net","True","False",,,,"False","False","False","False","False",,"ManagedIdentity","aa605772-2a3e-4aff-8ed6-8c4b31beff10;https://identity.azure.net/xRYPBMqy7KBGByEJQylbikygHEzZcYVf0VwjGSDsFLg=","True","False","",,"Disabled","False","Microsoft;No OAuth grants","","","0"
"ForPe-base-IT-Info-Hub-ISO (Microsoft Copilot Studio)","065ab4a5-3e0a-43b3-a101-617fc8bc150e","pass","False","False","True","False","Base-IT Intune.cc",,"False","False",,,"a65f6b72-abef-4f0b-88d6-3256be9a72d1","False","False","False","False","False",,"Application","065ab4a5-3e0a-43b3-a101-617fc8bc150e","False","False","AgenticApp;AIAgentBuilder;AgentCreatedBy:CopilotStudio;AgenticInstance;power-virtual-agents-75406db5-d805-d6e9-3f58-dbd0df6f998a","This application is required to support messaging and authentication for an individual chatbot built with Power Virtual Agents. Power Platform Environment: '035a17de-c1e1-e6f2-abe2-ee8e69d5c556', Bot Id: '75406db5-d805-d6e9-3f58-dbd0df6f998a', More information: https://go.microsoft.com/fwlink/?linkid=2096220","Disabled","False","Home Tenant;No OAuth grants","","","0"
"Microsoft Forms Pro","19dd5b37-d116-48cb-90d2-4aa56696cba1","pass","True","False","False","False","Microsoft Services","formspro.microsoft.com","True","False",,,"f8cdef31-a31e-4b4a-93e4-5f571e91255a","True","True","False","False","False",,"Application","19dd5b37-d116-48cb-90d2-4aa56696cba1;https://formspro.microsoft.com/;https://formspro.microsoft.com","True","False","",,"OpenID Connect","False","Microsoft;No OAuth grants","","","0"
"Partner Accounts Graph","3e53edf8-185f-4fb1-b849-97faed43d817","pass","True","False","False","False","Microsoft Services","pagql.microsoft.com","True","False",,,"f8cdef31-a31e-4b4a-93e4-5f571e91255a","True","True","False","False","False",,"Application","3e53edf8-185f-4fb1-b849-97faed43d817;https://pagql.microsoft.com;https://pagql.microsoft-int.com","True","False","disableLegacyUserImpersonationClient;disableLegacyUserImpersonationResource;GitCreatedApp",,"Disabled","False","Microsoft;No OAuth grants","","","0"
"Jamf Pro","d6975746-b9c2-41b5-b863-a5f60864ed11","pass","False","False","True","False","Base-IT Intune.cc",,"False","False",,,"a65f6b72-abef-4f0b-88d6-3256be9a72d1","False","False","False","True","False",,"Application","d6975746-b9c2-41b5-b863-a5f60864ed11","False","False","WindowsAzureActiveDirectoryIntegratedApp",,"OpenID Connect","True","Home Tenant;staleApps;No OAuth grants","","","0"
"CS Case Followup and Closure (Microsoft Copilot Studio)","dad369f2-40bd-4c63-852c-a086d540720d","pass","False","False","True","False","Base-IT Intune.cc",,"False","False",,,"a65f6b72-abef-4f0b-88d6-3256be9a72d1","False","False","False","False","False",,"Application","dad369f2-40bd-4c63-852c-a086d540720d","False","False","power-virtual-agents-3102c6a9-7dc9-b28e-f7e3-f95909945492","This application is required to support messaging and authentication for an individual chatbot built with Power Virtual Agents. Power Platform Environment: '154eb044-9977-e163-9c25-59cc742e1d47', Bot Id: '3102c6a9-7dc9-b28e-f7e3-f95909945492', More information: https://go.microsoft.com/fwlink/?linkid=2096220","Disabled","False","Home Tenant;No OAuth grants","","","0"
"Azure Machine Learning Services","18a66f5f-dbdf-4c17-9dd7-1634712a9cbe","pass","True","False","False","False","Microsoft Services","ml.azure.us","False","False",,,"f8cdef31-a31e-4b4a-93e4-5f571e91255a","True","True","False","False","False",,"Application","https://ml.azure.us;https://ml.azure.com;18a66f5f-dbdf-4c17-9dd7-1634712a9cbe","True","False","",,"Disabled","False","Microsoft;No OAuth grants","","","0"
"Microsoft Support Diagnostics","5b534afd-fdc0-4b38-a77f-af25442e3149","pass","True","False","False","False","Microsoft Services",,"False","False",,,"f8cdef31-a31e-4b4a-93e4-5f571e91255a","True","True","False","False","False",,"Application","5b534afd-fdc0-4b38-a77f-af25442e3149","False","False","",,"Disabled","False","Microsoft;No OAuth grants","","","0"
"soc4052-baseit-soc-2258d92b-3982-4dae-91eb-132f27c7cd7d","31a0c09c-4453-4d5a-add9-a37fc7d500b0","pass","False","False","True","False","Base-IT Intune.cc",,"False","False",,,"a65f6b72-abef-4f0b-88d6-3256be9a72d1","False","False","False","False","False",,"Application","31a0c09c-4453-4d5a-add9-a37fc7d500b0","False","False","",,"Disabled","True","Home Tenant;staleApps;No OAuth grants","","","0"
"CAP Package Deployer Service IM","f5fe7750-c730-4d4f-8517-0b1ad5bd2bd5","pass","True","False","False","False","Microsoft Services",,"False","False",,,"f8cdef31-a31e-4b4a-93e4-5f571e91255a","True","True","False","False","False",,"Application","f5fe7750-c730-4d4f-8517-0b1ad5bd2bd5","False","False","",,"Disabled","False","Microsoft;No OAuth grants","","","0"
"wahpa-2274-tests-resource","d175c0f2-5a87-47f3-a085-09cb56afe8f0","pass","True","False","False","False",,"identity.azure.net","True","False",,,,"False","False","False","False","False",,"ManagedIdentity","d175c0f2-5a87-47f3-a085-09cb56afe8f0;https://identity.azure.net/vHi+GNx54QWx5Z3kGr20Dc3FwmCwPAkV95a0kqTSBMo=","True","False","",,"Disabled","False","Microsoft;No OAuth grants","","","0"
"EntraOps","c3366e04-3171-432b-a351-7659a1c7993e","pass","False","False","True","False","Base-IT Intune.cc",,"False","False",,,"a65f6b72-abef-4f0b-88d6-3256be9a72d1","False","False","False","False","False",,"Application","c3366e04-3171-432b-a351-7659a1c7993e","False","False","",,"Disabled","False","Home Tenant;No OAuth grants","","","0"
"MKIFiletestWebAppAuth","f184a203-6901-42c5-aaf4-320436d80039","pass","False","False","True","True","Base-IT Intune.cc",,"False","False",,,"a65f6b72-abef-4f0b-88d6-3256be9a72d1","False","False","False","True","False",,"Application","f184a203-6901-42c5-aaf4-320436d80039","False","False","HideApp;WindowsAzureActiveDirectoryIntegratedApp",,"OpenID Connect","True","Home Tenant;Hidden;staleApps;No OAuth grants","","","0"
"AR Agent Agent Prod Blueprint","5f9e56a9-4eb3-4c6e-b96c-afce766b15a4","pass","True","False","False","False","Microsoft Services",,"False","False",,,"f8cdef31-a31e-4b4a-93e4-5f571e91255a","True","True","False","False","False",,"Application","5f9e56a9-4eb3-4c6e-b96c-afce766b15a4","False","False","disableLegacyUserImpersonationClient;disableLegacyUserImpersonationResource;GitCreatedApp",,"Disabled","False","Microsoft;No OAuth grants","","","0"
"Teams ACL management service","6208afad-753e-4995-bbe1-1dfd204b3030","pass","True","False","False","False","Microsoft Services","api.teams.contacts.skype.com","False","False",,,"f8cdef31-a31e-4b4a-93e4-5f571e91255a","True","True","False","False","False",,"Application","https://api.teams.contacts.skype.com;6208afad-753e-4995-bbe1-1dfd204b3030","False","False","",,"Disabled","False","Microsoft;No OAuth grants","","","0"
"Staying Aware Service","0590cb9f-3b50-4244-8077-10bf123f5675","pass","True","False","False","False","Microsoft Services",,"False","False",,,"f8cdef31-a31e-4b4a-93e4-5f571e91255a","True","True","False","False","False",,"Application","0590cb9f-3b50-4244-8077-10bf123f5675","False","False","",,"Disabled","False","Microsoft;No OAuth grants","","","0"
"MS-PIM","01fc33a7-78ba-4d2f-a4b7-768e336e890e","pass","True","False","False","False","Microsoft Services","canaryapi.azrbac.mspim.azure.com","True","False","Microsoft Corporation","5206095","f8cdef31-a31e-4b4a-93e4-5f571e91255a","True","True","True","False","False",,"Application","https://canaryapi.azrbac.mspim.azure.com/;https://mspim.onmicrosoft.com/;https://api.azrbac.mspim.azure.com/;https://api.aadr.mspim.azure.com/;01fc33a7-78ba-4d2f-a4b7-768e336e890e","True","False","",,"OpenID Connect","False","Microsoft;No OAuth grants","","","0"
"Intune DeviceDirectory ConfidentialClient","7e313d81-57dd-4bdd-906e-337963583de3","pass","True","False","False","False","Microsoft Services",,"False","False",,,"f8cdef31-a31e-4b4a-93e4-5f571e91255a","True","True","False","False","False",,"Application","7e313d81-57dd-4bdd-906e-337963583de3","False","False","disableLegacyUserImpersonationResource;disableLegacyUserImpersonationClient",,"Disabled","False","Microsoft;No OAuth grants","","","0"
"Azure Multi-Factor Auth Connector","1f5530b3-261a-47a9-b357-ded261e17918","pass","True","False","False","False","Microsoft Services","adnotifications.windowsazure.us","False","False",,,"f8cdef31-a31e-4b4a-93e4-5f571e91255a","True","True","False","False","False",,"Application","https://adnotifications.windowsazure.us/StrongAuthenticationService.svc/Connector;https://adnotifications.windowsazure.com/StrongAuthenticationService.svc/Connector;1f5530b3-261a-47a9-b357-ded261e17918","True","False","",,"Disabled","False","Microsoft;No OAuth grants","","","0"
"Spool-Resource-Provider","632ec9eb-fad7-4cbd-993a-e72973ba2acc","pass","True","False","False","False","Microsoft Services","communications.azure.com","True","False",,,"f8cdef31-a31e-4b4a-93e4-5f571e91255a","True","True","False","False","False",,"Application","632ec9eb-fad7-4cbd-993a-e72973ba2acc;https://communications.azure.com/;https://communication.azure.com/","True","False","disableLegacyUserImpersonationResource;disableLegacyUserImpersonationClient",,"Disabled","False","Microsoft;No OAuth grants","","","0"
"Windows Notification Service","04436913-cf0d-4d2a-9cc6-2ffe7f1d3d1c","pass","True","False","False","False","Microsoft Services","wns.windows.com","True","False","Microsoft Corporation","5206095","f8cdef31-a31e-4b4a-93e4-5f571e91255a","True","True","True","False","False",,"Application","https://wns.windows.com/;04436913-cf0d-4d2a-9cc6-2ffe7f1d3d1c","True","False","",,"OpenID Connect","False","Microsoft;No OAuth grants","","","0"
"Contoso Helpdesk Agent (Microsoft Copilot Studio)","47e045ef-0ed4-4902-b856-8683c72228e2","pass","False","False","False","False",,,"False","False",,,,"False","False","False","False","False",,"ServiceIdentity","47e045ef-0ed4-4902-b856-8683c72228e2","False","False","",,"Disabled","False","No OAuth grants","","","0"
"Microsoft 365 Security and Compliance Center","80ccca67-54bd-44ab-8625-4b79c4dc7775","pass","True","False","False","False","Microsoft Services","security.microsoft.com","True","False",,,"f8cdef31-a31e-4b4a-93e4-5f571e91255a","True","True","False","False","False",,"Application","80ccca67-54bd-44ab-8625-4b79c4dc7775;https://security.microsoft.com/;https://compliance.microsoft.com/;https://protection.microsoft.com/;https://protection.microsoft365.com/;https://scc.protection.apps.mil/;https://protection.office.com/;https://scc.office365.us/","True","False","",,"OpenID Connect","False","Microsoft;No OAuth grants","","","0"
"Zero Networks - SSO","7352dcd6-68f2-47e9-8e1a-646c3842b2ad","pass","False","False","True","False","Base-IT Intune.cc","portal.zeronetworks.com","False","False",,,"a65f6b72-abef-4f0b-88d6-3256be9a72d1","False","False","False","True","False",,"Application","7352dcd6-68f2-47e9-8e1a-646c3842b2ad;https://portal.zeronetworks.com/api/v1/sso/azure/metadata","False","False","WindowsAzureActiveDirectoryIntegratedApp",,"SAML","True","Home Tenant;staleApps;No OAuth grants","","","0"
"MicrosoftApplicationMigrationFirstPartyApp","b6fb7f85-14a0-4305-b381-01c673671efb","pass","True","False","False","False","Microsoft Services",,"False","False",,,"f8cdef31-a31e-4b4a-93e4-5f571e91255a","True","True","False","False","False",,"Application","b6fb7f85-14a0-4305-b381-01c673671efb","False","False","disableLegacyUserImpersonationClient;disableLegacyUserImpersonationResource;GitCreatedApp",,"Disabled","False","Microsoft;No OAuth grants","","","0"
"AuiSe-MDE-Device-Isolation","e3b540f0-3954-4838-8a55-1f5ce1e02344","pass","True","False","False","False",,"identity.azure.net","True","False",,,,"False","False","False","False","False",,"ManagedIdentity","e3b540f0-3954-4838-8a55-1f5ce1e02344;https://identity.azure.net//chcOIyzSwGxQYgPijYx229xubaJXokC9rpn3w8+2Ww=","True","False","",,"Disabled","False","Microsoft;No OAuth grants","","","0"
"ConditionalDateTime_MailNotification","1c8e5bf4-87fa-4d32-aeea-b43be8b01b0a","pass","True","False","False","False",,"identity.azure.net","True","False",,,,"False","False","False","False","False",,"ManagedIdentity","https://identity.azure.net/UQKKIPJOzefGDuHDfWWmY2rH20Wm3MYJMrkHbkE0p0E=;1c8e5bf4-87fa-4d32-aeea-b43be8b01b0a","True","False","",,"Disabled","False","Microsoft;No OAuth grants","","","0"
"HaDa_Barracuda_CEF_to_Sentinel_Daemon","0d0d1665-42dd-46e0-b7f1-d97631ee9355","pass","False","False","True","True","Base-IT Intune.cc",,"False","False",,,"a65f6b72-abef-4f0b-88d6-3256be9a72d1","False","False","False","True","False",,"Application","0d0d1665-42dd-46e0-b7f1-d97631ee9355","False","False","HideApp;WindowsAzureActiveDirectoryIntegratedApp",,"Disabled","False","Home Tenant;Hidden;No OAuth grants","","","0"
"MAPGTest","fb315a37-da62-4f18-b715-eb6de93bd2f0","pass","True","False","False","False","Microsoft Services","m365appprotectionencypt.outlook.com","False","False",,,"f8cdef31-a31e-4b4a-93e4-5f571e91255a","True","True","False","False","False",,"Application","https://M365AppProtectionEncypt.outlook.com/usage.read.allhttps://M365AppProtectionEncypt.outlook.com/usage.read.all;fb315a37-da62-4f18-b715-eb6de93bd2f0;api://fb315a37-da62-4f18-b715-eb6de93bd2f0","False","False","",,"Disabled","False","Microsoft;No OAuth grants","","","0"
"Azure Sentinel Content Deployment App (934a467a-7825-4e1e-9b66-c0b57858713e)","6850a883-9d8c-4c23-8713-7f28b4e29c29","pass","False","False","True","False","Base-IT Intune.cc",,"False","False",,,"a65f6b72-abef-4f0b-88d6-3256be9a72d1","False","False","False","False","False",,"Application","6850a883-9d8c-4c23-8713-7f28b4e29c29","False","False","",,"Disabled","True","Home Tenant;staleApps;No OAuth grants","","","0"
"Teams EHR Connector","e97edbaf-39b2-4546-ba61-0a24e1bef890","pass","True","False","False","False","Microsoft Services","vvm-dev.teams.microsoft.com","True","False","Microsoft Corporation","5206095","f8cdef31-a31e-4b4a-93e4-5f571e91255a","True","True","True","False","False",,"Application","https://vvm-dev.teams.microsoft.com;https://vvm-int.teams.microsoft.com;https://vvm.teams.microsoft.com;https://ehrconnectorsvc.teams.microsoft.com;e97edbaf-39b2-4546-ba61-0a24e1bef890;https://ehrconnectorsvc.gcc.teams.microsoft.com","True","False","",,"OpenID Connect","False","Microsoft;No OAuth grants","","","0"
"Microsoft Copilot Studio agent identity blueprint","25664c89-cea5-4ab6-b924-a54fd8a19ae0","pass","True","False","False","False","Microsoft Services",,"False","False",,,"f8cdef31-a31e-4b4a-93e4-5f571e91255a","True","True","False","False","False",,"Application","25664c89-cea5-4ab6-b924-a54fd8a19ae0","False","False","disableLegacyUserImpersonationClient;disableLegacyUserImpersonationResource;GitCreatedApp",,"Disabled","False","Microsoft;No OAuth grants","","","0"
"Microsoft B2B Admin Worker","1e2ca66a-c176-45ea-a877-e87f7231e0ee","pass","True","False","False","False","Microsoft Services","msb2badminworker.usgovcloudapp.net","False","False",,,"f8cdef31-a31e-4b4a-93e4-5f571e91255a","True","True","False","False","False",,"Application","https://msb2badminworker.usgovcloudapp.net/;https://msb2badminworker.cloudapp.net/;1e2ca66a-c176-45ea-a877-e87f7231e0ee","False","False","",,"Disabled","False","Microsoft;No OAuth grants","","","0"
"Microsoft SharePoint Online - SharePoint Home","dcad865d-9257-4521-ad4d-bae3e137b345","pass","True","False","False","False","Microsoft Services","centralindiar-sphomep.svc.ms","False","False",,,"f8cdef31-a31e-4b4a-93e4-5f571e91255a","True","True","False","False","False",,"Application","https://centralindiaR-sphomep.svc.ms;https://centralindia4-sphomep.svc.ms;https://centralindia3-sphomep.svc.ms;https://centralindia2-sphomep.svc.ms;https://centralindia1-sphomep.svc.ms;https://centralindia0-sphomep.svc.ms;https://usgovtexasr-sphomep.svc.ms;https://usgovvirginiar-sphomep.svc.ms;https://ukwestr-sphomep.svc.ms;https://uksouth2r-sphomep.svc.ms;https://uksouthr-sphomep.svc.ms;https://uknorthr-sphomep.svc.ms;https://koreasouthr-sphomep.svc.ms;https://koreacentralr-sphomep.svc.ms;https://westindiar-sphomep.svc.ms;https://westeuroper-sphomep.svc.ms;https://southindiar-sphomep.svc.ms;https://southeastasiar-sphomep.svc.ms;https://southcentralusr-sphomep.svc.ms;https://northeuroper-sphomep.svc.ms;https://northcentralusr-sphomep.svc.ms;https://japanwestr-sphomep.svc.ms;https://japaneastr-sphomep.svc.ms;https://francesouthr-sphomep.svc.ms;https://francesouth4-sphomep.svc.ms;https://francesouth3-sphomep.svc.ms;https://francesouth2-sphomep.svc.ms;https://francesouth1-sphomep.svc.ms;https://francesouth0-sphomep.svc.ms;https://francecentralr-sphomep.svc.ms;https://francecentral4-sphomep.svc.ms;https://francecentral3-sphomep.svc.ms;https://francecentral2-sphomep.svc.ms;https://francecentral1-sphomep.svc.ms;https://francecentral0-sphomep.svc.ms;https://eastusr-sphomep.svc.ms;https://eastus2r-sphomep.svc.ms;https://eastasiar-sphomep.svc.ms;https://centralusr-sphomep.svc.ms;https://canadaeastr-sphomep.svc.ms;https://canadacentralr-sphomep.svc.ms;https://brazilsouthr-sphomep.svc.ms;https://australiasoutheastr-sphomep.svc.ms;https://australiaeastr-sphomep.svc.ms;https://usgovtexas4-sphomep.svc.ms;https://usgovtexas3-sphomep.svc.ms;https://usgovtexas2-sphomep.svc.ms;https://usgovtexas1-sphomep.svc.ms;https://usgovtexas0-sphomep.svc.ms;https://usgovvirginia4-sphomep.svc.ms;https://usgovvirginia3-sphomep.svc.ms;https://usgovvirginia2-sphomep.svc.ms;https://usgovvirginia1-sphomep.svc.ms;https://usgovvirginia0-sphomep.svc.ms;https://uksouth4-sphomep.svc.ms;https://uksouth3-sphomep.svc.ms;https://uksouth2-sphomep.svc.ms;https://uksouth1-sphomep.svc.ms;https://uksouth0-sphomep.svc.ms;https://ukwest4-sphomep.svc.ms;https://ukwest3-sphomep.svc.ms;https://ukwest2-sphomep.svc.ms;https://ukwest1-sphomep.svc.ms;https://ukwest0-sphomep.svc.ms;https://northcentralus0-sphomeb.svc.ms;https://northcentralus1-sphomeb.svc.ms;https://northcentralus2-sphomeb.svc.ms;https://northcentralus3-sphomeb.svc.ms;https://northcentralus4-sphomeb.svc.ms;https://southcentralus0-sphomeb.svc.ms;https://southcentralus1-sphomeb.svc.ms;https://southcentralus2-sphomeb.svc.ms;https://southcentralus3-sphomeb.svc.ms;https://southcentralus4-sphomeb.svc.ms;https://northcentralus0-sphomes.svc.ms;https://northcentralus1-sphomes.svc.ms;https://northcentralus2-sphomes.svc.ms;https://northcentralus3-sphomes.svc.ms;https://northcentralus4-sphomes.svc.ms;https://southcentralus0-sphomes.svc.ms;https://southcentralus1-sphomes.svc.ms;https://southcentralus2-sphomes.svc.ms;https://southcentralus3-sphomes.svc.ms;https://southcentralus4-sphomes.svc.ms;https://southeastasia0-sphomeb.svc.ms;https://southeastasia1-sphomeb.svc.ms;https://southeastasia2-sphomeb.svc.ms;https://southeastasia3-sphomeb.svc.ms;https://southeastasia4-sphomeb.svc.ms;https://eastasia0-sphomeb.svc.ms;https://eastasia1-sphomeb.svc.ms;https://eastasia2-sphomeb.svc.ms;https://eastasia3-sphomeb.svc.ms;https://eastasia4-sphomeb.svc.ms;https://australiaeast0-sphomep.svc.ms;https://australiaeast1-sphomep.svc.ms;https://australiaeast2-sphomep.svc.ms;https://australiaeast3-sphomep.svc.ms;https://australiaeast4-sphomep.svc.ms;https://australiasoutheast0-sphomep.svc.ms;https://australiasoutheast1-sphomep.svc.ms;https://australiasoutheast2-sphomep.svc.ms;https://australiasoutheast3-sphomep.svc.ms;https://australiasoutheast4-sphomep.svc.ms;https://brazilsouth0-sphomep.svc.ms;https://brazilsouth1-sphomep.svc.ms;https://brazilsouth2-sphomep.svc.ms;https://brazilsouth3-sphomep.svc.ms;https://brazilsouth4-sphomep.svc.ms;https://canadacentral0-sphomep.svc.ms;https://canadacentral1-sphomep.svc.ms;https://canadacentral2-sphomep.svc.ms;https://canadacentral3-sphomep.svc.ms;https://canadacentral4-sphomep.svc.ms;https://canadaeast0-sphomep.svc.ms;https://canadaeast1-sphomep.svc.ms;https://canadaeast2-sphomep.svc.ms;https://canadaeast3-sphomep.svc.ms;https://canadaeast4-sphomep.svc.ms;https://centralus0-sphomep.svc.ms;https://centralus1-sphomep.svc.ms;https://centralus2-sphomep.svc.ms;https://centralus3-sphomep.svc.ms;https://centralus4-sphomep.svc.ms;https://eastasia0-sphomep.svc.ms;https://eastasia1-sphomep.svc.ms;https://eastasia2-sphomep.svc.ms;https://eastasia3-sphomep.svc.ms;https://eastasia4-sphomep.svc.ms;https://eastus20-sphomep.svc.ms;https://eastus21-sphomep.svc.ms;https://eastus22-sphomep.svc.ms;https://eastus23-sphomep.svc.ms;https://eastus24-sphomep.svc.ms;https://eastus0-sphomep.svc.ms;https://eastus1-sphomep.svc.ms;https://eastus2-sphomep.svc.ms;https://eastus3-sphomep.svc.ms;https://eastus4-sphomep.svc.ms;https://japaneast0-sphomep.svc.ms;https://japaneast1-sphomep.svc.ms;https://japaneast2-sphomep.svc.ms;https://japaneast3-sphomep.svc.ms;https://japaneast4-sphomep.svc.ms;https://japanwest0-sphomep.svc.ms;https://japanwest1-sphomep.svc.ms;https://japanwest2-sphomep.svc.ms;https://japanwest3-sphomep.svc.ms;https://japanwest4-sphomep.svc.ms;https://northcentralus0-sphomep.svc.ms;https://northcentralus1-sphomep.svc.ms;https://northcentralus2-sphomep.svc.ms;https://northcentralus3-sphomep.svc.ms;https://northcentralus4-sphomep.svc.ms;https://northeurope0-sphomep.svc.ms;https://northeurope1-sphomep.svc.ms;https://northeurope2-sphomep.svc.ms;https://northeurope3-sphomep.svc.ms;https://northeurope4-sphomep.svc.ms;https://southcentralus0-sphomep.svc.ms;https://southcentralus1-sphomep.svc.ms;https://southcentralus2-sphomep.svc.ms;https://southcentralus3-sphomep.svc.ms;https://southcentralus4-sphomep.svc.ms;https://southeastasia0-sphomep.svc.ms;https://southeastasia1-sphomep.svc.ms;https://southeastasia2-sphomep.svc.ms;https://southeastasia3-sphomep.svc.ms;https://southeastasia4-sphomep.svc.ms;https://southindia0-sphomep.svc.ms;https://southindia1-sphomep.svc.ms;https://southindia2-sphomep.svc.ms;https://southindia3-sphomep.svc.ms;https://southindia4-sphomep.svc.ms;https://westeurope0-sphomep.svc.ms;https://westeurope1-sphomep.svc.ms;https://westeurope2-sphomep.svc.ms;https://westeurope3-sphomep.svc.ms;https://westeurope4-sphomep.svc.ms;https://westindia0-sphomep.svc.ms;https://westindia1-sphomep.svc.ms;https://westindia2-sphomep.svc.ms;https://westindia3-sphomep.svc.ms;https://westindia4-sphomep.svc.ms;https://koreacentral0-sphomep.svc.ms;https://koreacentral1-sphomep.svc.ms;https://koreacentral2-sphomep.svc.ms;https://koreacentral3-sphomep.svc.ms;https://koreacentral4-sphomep.svc.ms;https://koreasouth0-sphomep.svc.ms;https://koreasouth1-sphomep.svc.ms;https://koreasouth2-sphomep.svc.ms;https://koreasouth3-sphomep.svc.ms;https://koreasouth4-sphomep.svc.ms;https://uknorth0-sphomep.svc.ms;https://uknorth1-sphomep.svc.ms;https://uknorth2-sphomep.svc.ms;https://uknorth3-sphomep.svc.ms;https://uknorth4-sphomep.svc.ms;https://uksouth20-sphomep.svc.ms;https://uksouth21-sphomep.svc.ms;https://uksouth22-sphomep.svc.ms;https://uksouth23-sphomep.svc.ms;https://uksouth24-sphomep.svc.ms;dcad865d-9257-4521-ad4d-bae3e137b345;https://switzerlandwestr-sphomep.svc.ms;https://switzerlandwest4-sphomep.svc.ms;https://switzerlandwest3-sphomep.svc.ms;https://switzerlandwest2-sphomep.svc.ms;https://switzerlandwest1-sphomep.svc.ms;https://switzerlandwest0-sphomep.svc.ms;https://switzerlandnorthr-sphomep.svc.ms;https://switzerlandnorth4-sphomep.svc.ms;https://switzerlandnorth3-sphomep.svc.ms;https://switzerlandnorth2-sphomep.svc.ms;https://switzerlandnorth1-sphomep.svc.ms;https://switzerlandnorth0-sphomep.svc.ms;https://germanywestcentralr-sphomep.svc.ms;https://germanywestcentral4-sphomep.svc.ms;https://germanywestcentral3-sphomep.svc.ms;https://germanywestcentral2-sphomep.svc.ms;https://germanywestcentral1-sphomep.svc.ms;https://germanywestcentral0-sphomep.svc.ms;https://germanynorthr-sphomep.svc.ms;https://germanynorth4-sphomep.svc.ms;https://germanynorth3-sphomep.svc.ms;https://germanynorth2-sphomep.svc.ms;https://germanynorth1-sphomep.svc.ms;https://germanynorth0-sphomep.svc.ms;https://uaenorthr-sphomep.svc.ms;https://uaenorth4-sphomep.svc.ms;https://uaenorth3-sphomep.svc.ms;https://uaenorth2-sphomep.svc.ms;https://uaenorth1-sphomep.svc.ms;https://uaenorth0-sphomep.svc.ms;https://uaecentralr-sphomep.svc.ms;https://uaecentral4-sphomep.svc.ms;https://uaecentral3-sphomep.svc.ms;https://uaecentral2-sphomep.svc.ms;https://uaecentral1-sphomep.svc.ms;https://uaecentral0-sphomep.svc.ms;https://southafricawestr-sphomep.svc.ms;https://southafricawest4-sphomep.svc.ms;https://southafricawest3-sphomep.svc.ms;https://southafricawest2-sphomep.svc.ms;https://southafricawest1-sphomep.svc.ms;https://southafricawest0-sphomep.svc.ms;https://southafricanorthr-sphomep.svc.ms;https://southafricanorth4-sphomep.svc.ms;https://southafricanorth3-sphomep.svc.ms;https://southafricanorth2-sphomep.svc.ms;https://southafricanorth1-sphomep.svc.ms;https://southafricanorth0-sphomep.svc.ms;https://southcentralus0-0sf.kms.svc.ms;https://northcentralus0-0sf.kms.svc.ms;https://sdfv2-kms.svc.ms;https://swedencentral2-akamai.sphomep.svc.ms;https://swedencentral1-akamai.sphomep.svc.ms;https://swedencentralr-akamai.sphomep.svc.ms;https://swedensouth2-akamai.sphomep.svc.ms;https://swedensouth1-akamai.sphomep.svc.ms;https://swedensouthr-akamai.sphomep.svc.ms;https://swedensouth3-sphomep.svc.ms;https://swedencentral3-sphomep.svc.ms;https://swedensouthr-sphomep.svc.ms;https://swedensouth2-sphomep.svc.ms;https://swedensouth1-sphomep.svc.ms;https://swedensouth0-sphomep.svc.ms;https://swedencentralr-sphomep.svc.ms;https://swedencentral2-sphomep.svc.ms;https://swedencentral1-sphomep.svc.ms;https://swedencentral0-sphomep.svc.ms;https://ukwestr-akamai.sphomep.svc.ms;https://ukwest1-akamai.sphomep.svc.ms;https://ukwest0-akamai.sphomep.svc.ms;https://northeuroper-akamai.sphomep.svc.ms;https://northeurope1-akamai.sphomep.svc.ms;https://northeurope0-akamai.sphomep.svc.ms;https://eastus2r-akamai.sphomep.svc.ms;https://eastus21-akamai.sphomep.svc.ms;https://eastus20-akamai.sphomep.svc.ms;https://eastusr-akamai.sphomep.svc.ms;https://eastus1-akamai.sphomep.svc.ms;https://eastus0-akamai.sphomep.svc.ms;https://westeuroper-akamai.sphomep.svc.ms;https://westeurope1-akamai.sphomep.svc.ms;https://westeurope0-akamai.sphomep.svc.ms;https://uksouthr-akamai.sphomep.svc.ms;https://uksouth1-akamai.sphomep.svc.ms;https://uksouth0-akamai.sphomep.svc.ms;https://southcentralusr-akamai.sphomep.svc.ms;https://southcentralus1-akamai.sphomep.svc.ms;https://southcentralus0-akamai.sphomep.svc.ms;https://northcentralusr-akamai.sphomep.svc.ms;https://northcentralus1-akamai.sphomep.svc.ms;https://northcentralus0-akamai.sphomep.svc.ms;https://centralusr-akamai.sphomep.svc.ms;https://centralus1-akamai.sphomep.svc.ms;https://centralus0-akamai.sphomep.svc.ms;https://australiasoutheastr-akamai.sphomep.svc.ms;https://australiasoutheast1-akamai.sphomep.svc.ms;https://australiasoutheast0-akamai.sphomep.svc.ms;https://australiaeastr-akamai.sphomep.svc.ms;https://australiaeast1-akamai.sphomep.svc.ms;https://australiaeast0-akamai.sphomep.svc.ms;https://switzerlandwestr-akamai.sphomep.svc.ms;https://switzerlandwest1-akamai.sphomep.svc.ms;https://switzerlandwest0-akamai.sphomep.svc.ms;https://switzerlandnorthr-akamai.sphomep.svc.ms;https://switzerlandnorth1-akamai.sphomep.svc.ms;https://switzerlandnorth0-akamai.sphomep.svc.ms;https://southindiar-akamai.sphomep.svc.ms;https://southindia1-akamai.sphomep.svc.ms;https://southindia0-akamai.sphomep.svc.ms;https://southeastasiar-akamai.sphomep.svc.ms;https://southeastasia1-akamai.sphomep.svc.ms;https://southeastasia0-akamai.sphomep.svc.ms;https://japanwestr-akamai.sphomep.svc.ms;https://japanwest1-akamai.sphomep.svc.ms;https://japanwest0-akamai.sphomep.svc.ms;https://japaneastr-akamai.sphomep.svc.ms;https://japaneast1-akamai.sphomep.svc.ms;https://japaneast0-akamai.sphomep.svc.ms;https://francesouthr-akamai.sphomep.svc.ms;https://francesouth1-akamai.sphomep.svc.ms;https://francesouth0-akamai.sphomep.svc.ms;https://francecentralr-akamai.sphomep.svc.ms;https://francecentral1-akamai.sphomep.svc.ms;https://francecentral0-akamai.sphomep.svc.ms;https://centralindiar-akamai.sphomep.svc.ms;https://centralindia1-akamai.sphomep.svc.ms;https://centralindia0-akamai.sphomep.svc.ms;https://brazilsoutheastr-akamai.sphomep.svc.ms;https://brazilsoutheast1-akamai.sphomep.svc.ms;https://brazilsoutheast0-akamai.sphomep.svc.ms;https://brazilsouthr-akamai.sphomep.svc.ms;https://brazilsouth1-akamai.sphomep.svc.ms;https://brazilsouth0-akamai.sphomep.svc.ms;https://uaenorthr-akamai.sphomep.svc.ms;https://uaenorth1-akamai.sphomep.svc.ms;https://uaenorth0-akamai.sphomep.svc.ms;https://uaecentralr-akamai.sphomep.svc.ms;https://uaecentral1-akamai.sphomep.svc.ms;https://uaecentral0-akamai.sphomep.svc.ms;https://southafricawestr-akamai.sphomep.svc.ms;https://southafricawest1-akamai.sphomep.svc.ms;https://southafricawest0-akamai.sphomep.svc.ms;https://southafricanorthr-akamai.sphomep.svc.ms;https://southafricanorth1-akamai.sphomep.svc.ms;https://southafricanorth0-akamai.sphomep.svc.ms;https://norwaywestr-akamai.sphomep.svc.ms;https://norwaywest1-akamai.sphomep.svc.ms;https://norwaywest0-akamai.sphomep.svc.ms;https://norwayeastr-akamai.sphomep.svc.ms;https://norwayeast1-akamai.sphomep.svc.ms;https://norwayeast0-akamai.sphomep.svc.ms;https://koreasouthr-akamai.sphomep.svc.ms;https://koreasouth1-akamai.sphomep.svc.ms;https://koreasouth0-akamai.sphomep.svc.ms;https://koreacentralr-akamai.sphomep.svc.ms;https://koreacentral1-akamai.sphomep.svc.ms;https://koreacentral0-akamai.sphomep.svc.ms;https://germanywestcentralr-akamai.sphomep.svc.ms;https://germanywestcentral1-akamai.sphomep.svc.ms;https://germanywestcentral0-akamai.sphomep.svc.ms;https://germanynorthr-akamai.sphomep.svc.ms;https://germanynorth1-akamai.sphomep.svc.ms;https://germanynorth0-akamai.sphomep.svc.ms;https://westindiar-akamai.sphomep.svc.ms;https://westindia1-akamai.sphomep.svc.ms;https://westindia0-akamai.sphomep.svc.ms;https://canadaeastr-akamai.sphomep.svc.ms;https://canadaeast1-akamai.sphomep.svc.ms;https://canadaeast0-akamai.sphomep.svc.ms;https://canadacentralr-akamai.sphomep.svc.ms;https://canadacentral1-akamai.sphomep.svc.ms;https://canadacentral0-akamai.sphomep.svc.ms;https://southeastasia2-akamai.sphomeb.svc.ms;https://southeastasia1-akamai.sphomeb.svc.ms;https://southeastasia0-akamai.sphomeb.svc.ms;https://southcentralus2-akamai.sphomeb.svc.ms;https://southcentralus1-akamai.sphomeb.svc.ms;https://southcentralus0-akamai.sphomeb.svc.ms;https://northcentralus2-akamai.sphomeb.svc.ms;https://northcentralus1-akamai.sphomeb.svc.ms;https://northcentralus0-akamai.sphomeb.svc.ms;https://southcentralus4-akamai.sphomes.svc.ms;https://southcentralus3-akamai.sphomes.svc.ms;https://southcentralus2-akamai.sphomes.svc.ms;https://southcentralus1-akamai.sphomes.svc.ms;https://southcentralus0-akamai.sphomes.svc.ms;https://northcentralus4-akamai.sphomes.svc.ms;https://northcentralus3-akamai.sphomes.svc.ms;https://northcentralus2-akamai.sphomes.svc.ms;https://northcentralus1-akamai.sphomes.svc.ms;https://northcentralus0-akamai.sphomes.svc.ms;https://brazilsoutheast0-sphomep.svc.ms;https://brazilsoutheast2-sphomep.svc.ms;https://brazilsoutheast1-sphomep.svc.ms;https://brazilsoutheastr-sphomep.svc.ms;https://norwaywestR-sphomep.svc.ms;https://norwaywest2-sphomep.svc.ms;https://norwaywest1-sphomep.svc.ms;https://norwaywest0-sphomep.svc.ms;https://norwayeastR-sphomep.svc.ms;https://norwayeast2-sphomep.svc.ms;https://norwayeast1-sphomep.svc.ms;https://norwayeast0-sphomep.svc.ms;https://northcentralus0-0sf.kmb.svc.ms;https://southcentralus0-0sf.kmb.svc.ms;https://nam-kmb.svc.ms;https://zaf-kmp.svc.ms;https://nam-kmp.svc.ms;https://lam-kmp.svc.ms;https://jpn-kmp.svc.ms;https://ind-kmp.svc.ms;https://gbr-kmp.svc.ms;https://eur-kmp.svc.ms;https://aus-kmp.svc.ms;https://are-kmp.svc.ms;https://apc-kmp.svc.ms;https://edog-kmd.svc.ms;https://msai-kmd.svc.ms;https://nam.kmgcc.svc.ms;https://research-kmt.svc.ms","False","False","",,"Disabled","False","Microsoft;No OAuth grants","","","0"
"Office365 Shell SS-Server","e8bdeda8-b4a3-4eed-b307-5e2456238a77","pass","True","False","False","False","Microsoft Services","ss.wwprod.officeshell.core.microsoft","False","False","Microsoft Corporation","5206095","f8cdef31-a31e-4b4a-93e4-5f571e91255a","True","True","True","False","False",,"Application","https://ss.wwprod.officeshell.core.microsoft;https://suite.office.net;e8bdeda8-b4a3-4eed-b307-5e2456238a77","True","False","",,"Disabled","False","Microsoft;No OAuth grants","","","0"
"func-fadaosvercomp","bab50372-395a-4027-8def-ac5088c3800a","pass","True","False","False","False",,"identity.azure.net","True","False",,,,"False","False","False","False","False",,"ManagedIdentity","bab50372-395a-4027-8def-ac5088c3800a;https://identity.azure.net/oTV9zI3W38X6qUejnCK5vkKuXcOGJ22HlqvUiw0Ly/c=","True","False","",,"Disabled","False","Microsoft;No OAuth grants","","","0"
"Customer Service Copilot Bot (Microsoft Copilot Studio)","702628f8-e68f-47e2-8110-c97581985756","pass","False","False","True","False","Base-IT Intune.cc",,"False","False",,,"a65f6b72-abef-4f0b-88d6-3256be9a72d1","False","False","False","False","False",,"Application","702628f8-e68f-47e2-8110-c97581985756","False","False","power-virtual-agents-92f29164-21a2-7a8c-92ac-006764f8b9d0","This application is required to support messaging and authentication for an individual chatbot built with Power Virtual Agents. Power Platform Environment: '154eb044-9977-e163-9c25-59cc742e1d47', Bot Id: '92f29164-21a2-7a8c-92ac-006764f8b9d0', More information: https://go.microsoft.com/fwlink/?linkid=2096220","Disabled","False","Home Tenant;No OAuth grants","","","0"
"Signup","b4bddae8-ab25-483e-8670-df09b9f1d0ea","pass","True","False","False","False","Microsoft Services","scusignupprv.microsoft.com","True","False",,,"f8cdef31-a31e-4b4a-93e4-5f571e91255a","True","True","False","False","False",,"Application","https://scusignupprv.microsoft.com;https://ncusignupprv.microsoft.com;https://wjpsignup.microsoft.com;https://ejpsignup.microsoft.com;https://wussignup.microsoft.com;https://eussignup.microsoft.com;https://scusignup.microsoft.com;https://eassignup.microsoft.com;https://seasignup.microsoft.com;https://weusignup.microsoft.com;https://neusignup.microsoft.com;https://ncusignup.microsoft.com;https://signup.microsoft.com;https://signup.microsoft.com/;https://ncusignup.microsoft.com/;https://neusignup.microsoft.com/;https://weusignup.microsoft.com/;https://seasignup.microsoft.com/;https://eassignup.microsoft.com/;https://scusignup.microsoft.com/;https://eussignup.microsoft.com/;https://wussignup.microsoft.com/;https://ejpsignup.microsoft.com/;https://wjpsignup.microsoft.com/;https://ncusignupprv.microsoft.com/;https://scusignupprv.microsoft.com/;b4bddae8-ab25-483e-8670-df09b9f1d0ea;https://va.signup.microsoft.us/;https://va.signup.microsoft.us;https://az.signup.microsoft.us/;https://az.signup.microsoft.us;https://signup.microsoft.us/;https://signup.microsoft.us;https://svc.signup.microsoft.com;https://svc.signup.microsoft.com/;https://svc.prv.signup.microsoft.com;https://svc.prv.signup.microsoft.com/;https://prv.signup.microsoft.com/;https://prv.signup.microsoft.com;https://scu.prv.signup.microsoft.com/;https://scu.prv.signup.microsoft.com;https://ncu.prv.signup.microsoft.com/;https://ejp.signup.microsoft.com/;https://wus.signup.microsoft.com/;https://eus.signup.microsoft.com/;https://scu.signup.microsoft.com/;https://sea.signup.microsoft.com/;https://weu.signup.microsoft.com/;https://neu.signup.microsoft.com/;https://ncu.signup.microsoft.com/;https://ncu.signup.microsoft.com;https://neu.signup.microsoft.com;https://weu.signup.microsoft.com;https://sea.signup.microsoft.com;https://scu.signup.microsoft.com;https://eus.signup.microsoft.com;https://wus.signup.microsoft.com;https://ejp.signup.microsoft.com;https://ncu.prv.signup.microsoft.com;https://aircapi.signup.microsoft.com/;https://aircapi.signup.microsoft.com","True","False","",,"OpenID Connect","False","Microsoft;No OAuth grants","","","0"
"Logic-FraDa-EntraIDGuestLCM-MarkGuestsEligibleforRemoval-FFFFFFFF","c97fb227-dfe7-4d8c-a023-51131c4114a5","pass","True","False","False","False",,"identity.azure.net","True","False",,,,"False","False","False","False","False",,"ManagedIdentity","c97fb227-dfe7-4d8c-a023-51131c4114a5;https://identity.azure.net/wZnbBUaLe51nI3pHAo81DUi10jmDKr9nEKTce+HMFds=","True","False","",,"Disabled","False","Microsoft;No OAuth grants","","","0"
"Microsoft Defender For Cloud Discovery","ee45196f-bd15-4010-9a66-c8497a97a873","pass","True","False","False","False","Microsoft Services",,"False","False","Microsoft Corporation","5206095","f8cdef31-a31e-4b4a-93e4-5f571e91255a","True","True","True","False","False",,"Application","ee45196f-bd15-4010-9a66-c8497a97a873","False","False","disableLegacyUserImpersonationClient;disableLegacyUserImpersonationResource;GitCreatedApp",,"Disabled","False","Microsoft;No OAuth grants","","","0"
"Agent 3 (Microsoft Copilot Studio)","fed34a2e-f519-4a99-8d5c-dc3c0bc8c792","pass","False","False","True","False","Base-IT Intune.cc",,"False","False",,,"a65f6b72-abef-4f0b-88d6-3256be9a72d1","False","False","False","False","False",,"Application","fed34a2e-f519-4a99-8d5c-dc3c0bc8c792","False","False","AgenticApp;AIAgentBuilder;AgentCreatedBy:CopilotStudio;AgenticInstance;power-virtual-agents-7ba676ee-471c-c03d-c181-58a0ad260743","This application is required to support messaging and authentication for an individual chatbot built with Power Virtual Agents. Power Platform Environment: '035a17de-c1e1-e6f2-abe2-ee8e69d5c556', Bot Id: '7ba676ee-471c-c03d-c181-58a0ad260743', More information: https://go.microsoft.com/fwlink/?linkid=2096220","Disabled","False","Home Tenant;No OAuth grants","","","0"
"Microsoft Office Web Apps Service","67e3df25-268a-4324-a550-0de1c7f97287","pass","True","False","False","False","Microsoft Services",,"False","False",,,"f8cdef31-a31e-4b4a-93e4-5f571e91255a","True","True","False","False","False",,"Application","67e3df25-268a-4324-a550-0de1c7f97287","False","False","",,"Disabled","False","Microsoft;No OAuth grants","","","0"
"Microsoft Defender for Cloud Defender Kubernetes Agent","6e2cffc9-52e7-4bfa-8155-be5c1dacd81c","pass","True","False","False","False","Microsoft Services",,"False","False",,,"f8cdef31-a31e-4b4a-93e4-5f571e91255a","True","True","False","False","False",,"Application","6e2cffc9-52e7-4bfa-8155-be5c1dacd81c","False","False","GitCreatedApp;disableLegacyUserImpersonationResource;disableLegacyUserImpersonationClient",,"Disabled","False","Microsoft;No OAuth grants","","","0"
"Microsoft Teams Connector","4b55a631-6b07-4d07-a701-28f46d72f3df","pass","True","False","False","False","Microsoft Services",,"False","False",,,"f8cdef31-a31e-4b4a-93e4-5f571e91255a","True","True","False","False","False",,"Application","4b55a631-6b07-4d07-a701-28f46d72f3df","False","False","",,"OpenID Connect","False","Microsoft;No OAuth grants","","","0"
"Microsoft Dataverse Connector","02d637f4-6bed-46c2-aa72-274c8c5e0782","pass","True","False","False","False","Microsoft Services",,"False","False",,,"f8cdef31-a31e-4b4a-93e4-5f571e91255a","True","True","False","False","False",,"Application","02d637f4-6bed-46c2-aa72-274c8c5e0782","False","False","disableLegacyUserImpersonationClient;disableLegacyUserImpersonationResource;GitCreatedApp",,"OpenID Connect","False","Microsoft;No OAuth grants","","","0"
"Dynamics 365 Resource Scheduling Optimization","2f6713e6-1e21-4a83-91b4-5bf9a2378f81","pass","True","False","False","False","Microsoft Services","2f6713e6-1e21-4a83-91b4-5bf9a2378f81","False","False",,,"f8cdef31-a31e-4b4a-93e4-5f571e91255a","True","True","False","False","False",,"Application","api://2f6713e6-1e21-4a83-91b4-5bf9a2378f81;2f6713e6-1e21-4a83-91b4-5bf9a2378f81","False","False","",,"OpenID Connect","False","Microsoft;No OAuth grants","","","0"
"QualityEvaluationAgentForConversation (Microsoft Copilot Studio)","c561a44f-f0d5-4d87-a7ea-ba235e0fbb49","pass","False","False","True","False","Base-IT Intune.cc",,"False","False",,,"a65f6b72-abef-4f0b-88d6-3256be9a72d1","False","False","False","False","False",,"Application","c561a44f-f0d5-4d87-a7ea-ba235e0fbb49","False","False","AgenticApp;AIAgentBuilder;AgentCreatedBy:CopilotStudio;AgenticInstance;power-virtual-agents-82fa6193-f2e9-60dd-7943-e46993439ae4","This application is required to support messaging and authentication for an individual chatbot built with Power Virtual Agents. Power Platform Environment: '19dde003-f47b-e12b-bdf6-e963eddc0758', Bot Id: '82fa6193-f2e9-60dd-7943-e46993439ae4', More information: https://go.microsoft.com/fwlink/?linkid=2096220","Disabled","False","Home Tenant;No OAuth grants","","","0"
"Windows Update for Business Cloud Extensions PowerShell","d5097d05-956f-4ae2-b6a2-eff25f5689b3","pass","True","False","False","False","Microsoft Services",,"False","False",,,"f8cdef31-a31e-4b4a-93e4-5f571e91255a","True","True","False","False","False",,"Application","d5097d05-956f-4ae2-b6a2-eff25f5689b3","False","False","",,"OpenID Connect","False","Microsoft;No OAuth grants","","","0"
"Microsoft Workplace Search Service","f3a218b7-5c8f-460b-93af-56b072788c15","pass","True","False","False","False","Microsoft Services","f3a218b7-5c8f-460b-93af-56b072788c15","False","False","Microsoft Corporation","5206095","f8cdef31-a31e-4b4a-93e4-5f571e91255a","True","True","True","False","False",,"Application","api://f3a218b7-5c8f-460b-93af-56b072788c15;https://df.thor.aesir.office.com;https://thor.aesir.office.com/;f3a218b7-5c8f-460b-93af-56b072788c15","True","False","disableRequestingTenantedPassthroughTokens;disableAcceptingTenantedPassthroughTokens;disableLegacyUserImpersonationClient;disableLegacyUserImpersonationResource",,"OpenID Connect","False","Microsoft;No OAuth grants","","","0"
"CosmosDBMongoClusterPrivateEndpoint","e95a6071-4f90-4971-84e2-492d9323345b","pass","True","False","False","False","Microsoft Services",,"False","False",,,"f8cdef31-a31e-4b4a-93e4-5f571e91255a","True","True","False","False","False",,"Application","e95a6071-4f90-4971-84e2-492d9323345b","False","False","GitCreatedApp;disableLegacyUserImpersonationResource;disableLegacyUserImpersonationClient",,"Disabled","False","Microsoft;No OAuth grants","","","0"
"GSA-Internettrafficforwardingprofile","ec7d8df7-a65c-4867-b250-b0f2264abb05","pass","False","False","True","False","Base-IT Intune.cc",,"False","False",,,"a65f6b72-abef-4f0b-88d6-3256be9a72d1","False","False","False","False","False",,"Application","ec7d8df7-a65c-4867-b250-b0f2264abb05","False","False","",,"Disabled","False","Home Tenant;No OAuth grants","","","0"
"Azure DNS","19947cfd-0303-466c-ac3c-fcc19a7a1570","pass","True","False","False","False","Microsoft Services",,"False","False",,,"f8cdef31-a31e-4b4a-93e4-5f571e91255a","True","True","False","False","False",,"Application","19947cfd-0303-466c-ac3c-fcc19a7a1570","False","False","",,"Disabled","False","Microsoft;No OAuth grants","","","0"
"Azure Healthcare APIs RBAC","3274406e-4e0a-4852-ba4f-d7226630abb7","pass","True","False","False","False","Microsoft Services",,"False","False",,,"f8cdef31-a31e-4b4a-93e4-5f571e91255a","True","True","False","False","False",,"Application","3274406e-4e0a-4852-ba4f-d7226630abb7","False","False","",,"Disabled","False","Microsoft;No OAuth grants","","","0"
"Microsoft Defender for Cloud MultiCloud Onboarding","81172f0f-5d81-47c7-96f6-49c58b60d192","pass","True","False","False","False","Microsoft Services",,"False","False",,,"f8cdef31-a31e-4b4a-93e4-5f571e91255a","True","True","False","False","False",,"Application","81172f0f-5d81-47c7-96f6-49c58b60d192","False","False","GitCreatedApp;disableLegacyUserImpersonationResource;disableLegacyUserImpersonationClient",,"Disabled","False","Microsoft;No OAuth grants","","","0"
"ForPe-SharePointList (Microsoft Copilot Studio)","e9a684b1-ab2f-48d3-b981-847f6d0d7812","pass","False","False","True","False","Base-IT Intune.cc",,"False","False",,,"a65f6b72-abef-4f0b-88d6-3256be9a72d1","False","False","False","False","False",,"Application","e9a684b1-ab2f-48d3-b981-847f6d0d7812","False","False","AgenticApp;AIAgentBuilder;AgentCreatedBy:CopilotStudio;AgenticInstance;power-virtual-agents-7f99ccdf-e5d2-b1a5-7033-a4596e951433","This application is required to support messaging and authentication for an individual chatbot built with Power Virtual Agents. Power Platform Environment: '035a17de-c1e1-e6f2-abe2-ee8e69d5c556', Bot Id: '7f99ccdf-e5d2-b1a5-7033-a4596e951433', More information: https://go.microsoft.com/fwlink/?linkid=2096220","Disabled","False","Home Tenant;No OAuth grants","","","0"
"Common Data Service - Azure Data Lake Storage","546068c3-99b1-4890-8e93-c8aeadcfe56a","pass","True","False","False","False","Microsoft Services","cdsadlsfirstpartyprod","False","False",,,"f8cdef31-a31e-4b4a-93e4-5f571e91255a","True","True","False","False","False",,"Application","https://cdsadlsfirstpartyprod/;546068c3-99b1-4890-8e93-c8aeadcfe56a","False","False","",,"OpenID Connect","False","Microsoft;No OAuth grants","","","0"
"scom-heartbeat","a2863838-f535-43c4-81ba-2f6cc9ec9b6a","pass","True","False","False","False",,"identity.azure.net","True","False",,,,"False","False","False","False","False",,"ManagedIdentity","a2863838-f535-43c4-81ba-2f6cc9ec9b6a;https://identity.azure.net/m4lOfa3Lo4IvnAEyIwRhjeF9wsZa7APBZ5fLgXSgOGM=","True","False","",,"Disabled","False","Microsoft;No OAuth grants","","","0"
"Prod-AzureSustainability","d05a94d3-4ebf-4d16-a4b5-c5157fe79490","pass","True","False","False","False","Microsoft Services",,"False","False",,,"f8cdef31-a31e-4b4a-93e4-5f571e91255a","True","True","False","False","False",,"Application","d05a94d3-4ebf-4d16-a4b5-c5157fe79490","False","False","disableLegacyUserImpersonationClient;disableLegacyUserImpersonationResource;GitCreatedApp",,"Disabled","False","Microsoft;No OAuth grants","","","0"
"IC3 Gateway TestClone","55bdc56c-2b15-4538-aa37-d0c008c8c430","pass","True","False","False","False","Microsoft Services","ic3-testing.teams.office.com","True","False",,,"f8cdef31-a31e-4b4a-93e4-5f571e91255a","True","True","False","False","False",,"Application","https://ic3-testing.teams.office.com;55bdc56c-2b15-4538-aa37-d0c008c8c430","True","False","",,"Disabled","False","Microsoft;No OAuth grants","","","0"
"PowerPlatform-a365copilotchatmcp-Connector","822f7873-1b52-48f2-8f56-9458c3fac264","pass","True","False","False","False","Microsoft Services",,"False","False",,,"f8cdef31-a31e-4b4a-93e4-5f571e91255a","True","True","False","False","False",,"Application","822f7873-1b52-48f2-8f56-9458c3fac264","False","False","disableLegacyUserImpersonationClient;disableLegacyUserImpersonationResource;GitCreatedApp",,"OpenID Connect","False","Microsoft;No OAuth grants","","","0"
"Security Copilot Agent Management","43d7b169-1d9e-4d32-8cd8-06c5974ed90c","pass","True","False","False","False","Microsoft Services",,"False","False",,,"f8cdef31-a31e-4b4a-93e4-5f571e91255a","True","True","False","False","False",,"Application","43d7b169-1d9e-4d32-8cd8-06c5974ed90c","False","False","disableLegacyUserImpersonationClient;disableLegacyUserImpersonationResource;GitCreatedApp",,"OpenID Connect","False","Microsoft;No OAuth grants","","","0"
"Office 365 Exchange Online","00000002-0000-0ff1-ce00-000000000000","pass","True","False","False","False","Microsoft Services","outlook-tdf.office.com","True","False",,,"f8cdef31-a31e-4b4a-93e4-5f571e91255a","True","True","False","False","False",,"Application","https://outlook-tdf.office.com/;https://webmail.apps.mil/;https://ps.protection.outlook.com/;https://outlook-dod.office365.us/;https://outlook.com/;https://outlook.office365.com/;https://outlook.office.com/;https://outlook.office365.com:443/;https://outlook-sdf.office365.com/;https://outlook-sdf.office.com/;https://outlook.office365.us/;https://autodiscover-s.office365.us/;https://ps.compliance.protection.outlook.com;00000002-0000-0ff1-ce00-000000000000;00000002-0000-0ff1-ce00-000000000000/*.outlook.com;00000002-0000-0ff1-ce00-000000000000/outlook.com;00000002-0000-0ff1-ce00-000000000000/mail.office365.com;00000002-0000-0ff1-ce00-000000000000/outlook.office365.com;https://ps.outlook.com;https://outlook-tdf-2.office.com/;https://outlook.office.com","True","False","",,"OpenID Connect","False","Microsoft;No OAuth grants","","","0"
"Office 365 Client Insights Substrate Services Prod","c94526fa-9f4b-4d30-99f5-849636e4552f","pass","True","False","False","False","Microsoft Services","addinhealthservice.health.insights.office.net","False","False",,,"f8cdef31-a31e-4b4a-93e4-5f571e91255a","True","True","False","False","False",,"Application","https://addinhealthservice.health.insights.office.net;c94526fa-9f4b-4d30-99f5-849636e4552f","False","False","",,"Disabled","False","Microsoft;No OAuth grants","","","0"
"Intune.CC - Global Secure Access - RDP | 10.0.0.6","dbb4cc36-7361-4219-9d53-ef168d7c0598","pass","False","False","True","True","Base-IT Intune.cc","dbb4cc36-7361-4219-9d53-ef168d7c0598","False","False",,,"a65f6b72-abef-4f0b-88d6-3256be9a72d1","False","False","False","True","False",,"Application","dbb4cc36-7361-4219-9d53-ef168d7c0598;api://dbb4cc36-7361-4219-9d53-ef168d7c0598","False","False","WindowsAzureActiveDirectoryIntegratedApp;WindowsAzureActiveDirectoryCustomSingleSignOnApplication;PrivateAccessNonWebApplication;HideApp;IsAccessibleViaZTNAClient",,"Disabled","True","Home Tenant;Hidden;staleApps;No OAuth grants","","","0"
"Storage Data Management RP Prod FPA","3a3b6b87-84e2-4ad2-aa37-d76c339371a4","pass","True","False","False","False","Microsoft Services",,"False","False",,,"f8cdef31-a31e-4b4a-93e4-5f571e91255a","True","True","False","False","False",,"Application","3a3b6b87-84e2-4ad2-aa37-d76c339371a4","False","False","disableLegacyUserImpersonationClient;disableLegacyUserImpersonationResource;GitCreatedApp",,"Disabled","False","Microsoft;No OAuth grants","","","0"
"Customer Service Email Sentiment Generator (Microsoft Copilot Studio)","c8e265bb-233f-4351-a857-605916b6ca64","pass","False","False","True","False","Base-IT Intune.cc",,"False","False",,,"a65f6b72-abef-4f0b-88d6-3256be9a72d1","False","False","False","False","False",,"Application","c8e265bb-233f-4351-a857-605916b6ca64","False","False","AgenticApp;AIAgentBuilder;AgentCreatedBy:CopilotStudio;AgenticInstance;power-virtual-agents-0415dc58-956f-5f40-5f21-62c112d6e12e","This application is required to support messaging and authentication for an individual chatbot built with Power Virtual Agents. Power Platform Environment: '19dde003-f47b-e12b-bdf6-e963eddc0758', Bot Id: '0415dc58-956f-5f40-5f21-62c112d6e12e', More information: https://go.microsoft.com/fwlink/?linkid=2096220","Disabled","False","Home Tenant;No OAuth grants","","","0"
"Skype for Business Application Configuration Service","00f82732-f451-4a01-918c-0e9896e784f9","pass","True","False","False","False","Microsoft Services","df-noam.acs.voiceapps.infra.teams.microsoft.com","True","False",,,"f8cdef31-a31e-4b4a-93e4-5f571e91255a","True","True","False","False","False",,"Application","https://df-noam.acs.voiceapps.infra.teams.microsoft.com;https://noam.acs.voiceapps.infra.teams.microsoft.com;https://apac.acs.voiceapps.infra.teams.microsoft.com;https://emea.acs.voiceapps.infra.teams.microsoft.com;00f82732-f451-4a01-918c-0e9896e784f9","True","False","",,"OpenID Connect","False","Microsoft;No OAuth grants","","","0"
"Receipt Analyzer Agent (Microsoft Copilot Studio)","8b3017e7-79f8-4116-9e33-b05b27a16a9b","pass","False","False","True","False","Base-IT Intune.cc",,"False","False",,,"a65f6b72-abef-4f0b-88d6-3256be9a72d1","False","False","False","False","False",,"Application","8b3017e7-79f8-4116-9e33-b05b27a16a9b","False","False","AgenticApp;AIAgentBuilder;AgentCreatedBy:CopilotStudio;AgenticInstance;power-virtual-agents-eb07e17f-08c3-03e8-7cca-92535575d09f","This application is required to support messaging and authentication for an individual chatbot built with Power Virtual Agents. Power Platform Environment: 'Default-a65f6b72-abef-4f0b-88d6-3256be9a72d1', Bot Id: 'eb07e17f-08c3-03e8-7cca-92535575d09f', More information: https://go.microsoft.com/fwlink/?linkid=2096220","Disabled","False","Home Tenant;No OAuth grants","","","0"
"Azure Virtual Desktop","9cdead84-a844-4324-93f2-b2e6bb768d07","pass","True","False","False","False","Microsoft Services","www.wvd.microsoft.com","True","False","Microsoft Corporation","5206095","f8cdef31-a31e-4b4a-93e4-5f571e91255a","True","True","True","False","False",,"Application","https://www.wvd.microsoft.com;9cdead84-a844-4324-93f2-b2e6bb768d07;https://www.wvd.azure.us;ms-device-service://9cdead84-a844-4324-93f2-b2e6bb768d07;ms-device-service://host.wvd.microsoft.com","True","False","",,"OpenID Connect","False","Microsoft;No OAuth grants","","","0"
"Agent 5 (Microsoft Copilot Studio)","e1e6a6df-6738-4301-b919-9012a8f3a81a","pass","False","False","True","False","Base-IT Intune.cc",,"False","False",,,"a65f6b72-abef-4f0b-88d6-3256be9a72d1","False","False","False","False","False",,"Application","e1e6a6df-6738-4301-b919-9012a8f3a81a","False","False","AgenticApp;AIAgentBuilder;AgentCreatedBy:CopilotStudio;AgenticInstance;power-virtual-agents-736e5b16-6b83-d722-85b9-9ad281c6f597","This application is required to support messaging and authentication for an individual chatbot built with Power Virtual Agents. Power Platform Environment: '035a17de-c1e1-e6f2-abe2-ee8e69d5c556', Bot Id: '736e5b16-6b83-d722-85b9-9ad281c6f597', More information: https://go.microsoft.com/fwlink/?linkid=2096220","Disabled","False","Home Tenant;No OAuth grants","","","0"
"ClusterConfigToConnectedCluster","c699bf69-fb1d-4eaf-999b-99e6b2ae4d85","pass","True","False","False","False","Microsoft Services",,"False","False","Microsoft Corporation","5206095","f8cdef31-a31e-4b4a-93e4-5f571e91255a","True","True","True","False","False",,"Application","c699bf69-fb1d-4eaf-999b-99e6b2ae4d85","False","False","",,"Disabled","False","Microsoft;No OAuth grants","","","0"
"test_graphapi","a46b1997-3ac4-42ee-b4db-2fe441d4bce1","pass","False","False","True","True","Base-IT Intune.cc",,"False","False",,,"a65f6b72-abef-4f0b-88d6-3256be9a72d1","False","False","False","True","False",,"Application","a46b1997-3ac4-42ee-b4db-2fe441d4bce1","False","False","HideApp;WindowsAzureActiveDirectoryIntegratedApp",,"Disabled","False","Home Tenant;Hidden;No OAuth grants","","","0"
"Microsoft Azure Synapse Resource Provider","9e09aefc-b2e5-4d19-9f74-3e3e8b11a57b","pass","True","False","False","False","Microsoft Services",,"False","False",,,"f8cdef31-a31e-4b4a-93e4-5f571e91255a","True","True","False","False","False",,"Application","9e09aefc-b2e5-4d19-9f74-3e3e8b11a57b","False","False","",,"Disabled","False","Microsoft;No OAuth grants","","","0"
"CloudDevicePlatform","351add99-7ff7-4e1f-870f-f98b509209c2","pass","True","False","False","False","Microsoft Services",,"False","False",,,"f8cdef31-a31e-4b4a-93e4-5f571e91255a","True","True","False","False","False",,"Application","351add99-7ff7-4e1f-870f-f98b509209c2","False","False","disableLegacyUserImpersonationClient;disableLegacyUserImpersonationResource;GitCreatedApp",,"Disabled","False","Microsoft;No OAuth grants","","","0"
"Iris Provider EOP Web Service","61c28d8b-814f-4a57-9c7f-8cd0580aead2","pass","True","False","False","False","Microsoft Services","ps.protection.office365.us","False","False",,,"f8cdef31-a31e-4b4a-93e4-5f571e91255a","True","True","False","False","False",,"Application","https://ps.protection.office365.us/IrisProvider;61c28d8b-814f-4a57-9c7f-8cd0580aead2","False","False","",,"Disabled","False","Microsoft;No OAuth grants","","","0"
"Microsoft Mixed Reality","c7ddd9b4-5172-4e28-bd29-1e0792947d18","pass","True","False","False","False","Microsoft Services","sts.mixedreality.azure.com","True","False","Microsoft Corporation","5206095","f8cdef31-a31e-4b4a-93e4-5f571e91255a","True","True","True","False","False",,"Application","c7ddd9b4-5172-4e28-bd29-1e0792947d18;https://sts.mixedreality.azure.com","True","False","disableLegacyUserImpersonationResource;disableLegacyUserImpersonationClient",,"Disabled","False","Microsoft;No OAuth grants","","","0"
"Messaging Bot API Application for GCC","c9475445-9789-4fef-9ec5-cde4a9bcd446","pass","True","False","False","False","Microsoft Services",,"False","False",,,"f8cdef31-a31e-4b4a-93e4-5f571e91255a","True","True","False","False","False",,"Application","c9475445-9789-4fef-9ec5-cde4a9bcd446","False","False","",,"Disabled","False","Microsoft;No OAuth grants","","","0"
"MarketplaceAPI ISV","20e940b3-4c77-4b0b-9a53-9e16a1b010a7","pass","True","False","False","False","Microsoft Services",,"False","False","Microsoft Corporation","5206095","f8cdef31-a31e-4b4a-93e4-5f571e91255a","True","True","True","False","False",,"Application","20e940b3-4c77-4b0b-9a53-9e16a1b010a7","False","False","",,"Disabled","False","Microsoft;No OAuth grants","","","0"
"Media Analysis and Transformation Service","944f0bd1-117b-4b1c-af26-804ed95e767e","pass","True","False","False","False","Microsoft Services","denmarkeast-web.mediap.svc.ms","False","False",,,"f8cdef31-a31e-4b4a-93e4-5f571e91255a","True","True","False","False","False",,"Application","https://denmarkeast-web.mediap.svc.ms;https://denmarkeast1-mediap.svc.ms;https://austriaeast1-mediap.svc.ms;https://austriaeast-web.mediap.svc.ms;https://malaysiawest1-mediap.svc.ms;https://malaysiawest-web.mediap.svc.ms;https://chilecentral-web.mediap.svc.ms;https://chilecentral1-mediap.svc.ms;https://indonesiacentral1-mediap.svc.ms;https://indonesiacentral-web.mediap.svc.ms;https://newzealandnorth1-mediap.svc.ms;https://newzealandnorth-web.mediap.svc.ms;https://westus1-mediap.svc.ms;https://taiwannorth1-mediap.svc.ms;https://taiwannorth-web.mediap.svc.ms;https://taiwannorthwest-web.mediap.svc.ms;https://taiwannorthwest1-mediap.svc.ms;https://usgovarizona-web.mediap.svc.ms;https://usgovarizona1-mediap.svc.ms;https://swedencentral1-akamai.mediap.svc.ms;https://swedensouth1-akamai.mediap.svc.ms;https://swedensouth2-mediap.svc.ms;https://swedensouth1-mediap.svc.ms;https://swedensouth0-mediap.svc.ms;https://swedencentral2-mediap.svc.ms;https://swedencentral1-mediap.svc.ms;https://swedencentral0-mediap.svc.ms;https://ukwest1-akamai.mediap.svc.ms;https://northeurope1-akamai.mediap.svc.ms;https://eastus21-akamai.mediap.svc.ms;https://eastus1-akamai.mediap.svc.ms;https://westeurope1-akamai.mediap.svc.ms;https://uksouth1-akamai.mediap.svc.ms;https://southcentralus1-akamai.mediap.svc.ms;https://northcentralus1-akamai.mediap.svc.ms;https://centralus1-akamai.mediap.svc.ms;https://australiasoutheast1-akamai.mediap.svc.ms;https://australiaeast1-akamai.mediap.svc.ms;https://switzerlandwest1-akamai.mediap.svc.ms;https://switzerlandnorth1-akamai.mediap.svc.ms;https://southindia1-akamai.mediap.svc.ms;https://southeastasia1-akamai.mediap.svc.ms;https://japanwest1-akamai.mediap.svc.ms;https://japaneast1-akamai.mediap.svc.ms;https://francesouth1-akamai.mediap.svc.ms;https://francecentral1-akamai.mediap.svc.ms;https://centralindia1-akamai.mediap.svc.ms;https://brazilsoutheast1-akamai.mediap.svc.ms;https://brazilsouth1-akamai.mediap.svc.ms;https://uaenorth1-akamai.mediap.svc.ms;https://uaecentral1-akamai.mediap.svc.ms;https://southafricawest1-akamai.mediap.svc.ms;https://southafricanorth1-akamai.mediap.svc.ms;https://norwaywest1-akamai.mediap.svc.ms;https://norwayeast1-akamai.mediap.svc.ms;https://koreasouth1-akamai.mediap.svc.ms;https://koreacentral1-akamai.mediap.svc.ms;https://germanywestcentral1-akamai.mediap.svc.ms;https://germanynorth1-akamai.mediap.svc.ms;https://westindia1-akamai.mediap.svc.ms;https://canadaeast1-akamai.mediap.svc.ms;https://canadacentral1-akamai.mediap.svc.ms;https://southeastasiar-akamai.mediab.svc.ms;https://southeastasia1-akamai.mediab.svc.ms;https://southeastasia0-akamai.mediab.svc.ms;https://southcentralusr-akamai.mediab.svc.ms;https://southcentralus2-akamai.mediab.svc.ms;https://southcentralus1-akamai.mediab.svc.ms;https://southcentralus0-akamai.mediab.svc.ms;https://northcentralusr-akamai.mediab.svc.ms;https://northcentralus2-akamai.mediab.svc.ms;https://northcentralus1-akamai.mediab.svc.ms;https://northcentralus0-akamai.mediab.svc.ms;https://francesouth1-akamai.mediab.svc.ms;https://francesouth0-akamai.mediab.svc.ms;https://francecentral1-akamai.mediab.svc.ms;https://francecentral0-akamai.mediab.svc.ms;https://eastasiar-akamai.mediab.svc.ms;https://eastasia1-akamai.mediab.svc.ms;https://eastasia0-akamai.mediab.svc.ms;https://northcentralus4-akamai.medias.svc.ms;https://northcentralus3-akamai.medias.svc.ms;https://northcentralus2-akamai.medias.svc.ms;https://southcentralus4-akamai.medias.svc.ms;https://southcentralus3-akamai.medias.svc.ms;https://southcentralus2-akamai.medias.svc.ms;https://southcentralus1-akamai.medias.svc.ms;https://southcentralus0-akamai.medias.svc.ms;https://northcentralus1-akamai.medias.svc.ms;https://northcentralus0-akamai.medias.svc.ms;https://switzerlandwest4-mediap.svc.ms;https://switzerlandwest3-mediap.svc.ms;https://switzerlandwest2-mediap.svc.ms;https://switzerlandwest1-mediap.svc.ms;https://switzerlandwest0-mediap.svc.ms;https://switzerlandnorth4-mediap.svc.ms;https://switzerlandnorth3-mediap.svc.ms;https://switzerlandnorth2-mediap.svc.ms;https://switzerlandnorth1-mediap.svc.ms;https://switzerlandnorth0-mediap.svc.ms;https://germanynorth4.mediap.svc.ms;https://germanynorth3.mediap.svc.ms;https://germanynorth2.mediap.svc.ms;https://germanynorth1.mediap.svc.ms;https://germanynorth0.mediap.svc.ms;https://germanynorthR-mediap.svc.ms;https://germanynorth4-mediap.svc.ms;https://germanynorth3-mediap.svc.ms;https://germanynorth2-mediap.svc.ms;https://germanynorth1-mediap.svc.ms;https://germanynorth0-mediap.svc.ms;https://germanywestcentral4.mediap.svc.ms;https://germanywestcentral3.mediap.svc.ms;https://germanywestcentral2.mediap.svc.ms;https://germanywestcentral1.mediap.svc.ms;https://germanywestcentral0.mediap.svc.ms;https://germanywestcentralR-mediap.svc.ms;https://germanywestcentral4-mediap.svc.ms;https://germanywestcentral3-mediap.svc.ms;https://germanywestcentral2-mediap.svc.ms;https://germanywestcentral1-mediap.svc.ms;https://germanywestcentral0-mediap.svc.ms;https://brazilsoutheast4-mediap.svc.ms;https://brazilsoutheast3-mediap.svc.ms;https://brazilsoutheast2-mediap.svc.ms;https://brazilsoutheast1-mediap.svc.ms;https://brazilsoutheast0-mediap.svc.ms;https://norwaywestr-mediap.svc.ms;https://norwaywest3-mediap.svc.ms;https://norwaywest2-mediap.svc.ms;https://norwaywest1-mediap.svc.ms;https://norwaywest0-mediap.svc.ms;https://norwayeastr-mediap.svc.ms;https://norwayeast3-mediap.svc.ms;https://norwayeast2-mediap.svc.ms;https://norwayeast1-mediap.svc.ms;https://norwayeast0-mediap.svc.ms;https://uaenorthR-mediap.svc.ms;https://uaenorth4-mediap.svc.ms;https://uaenorth3-mediap.svc.ms;https://uaenorth2-mediap.svc.ms;https://uaenorth1-mediap.svc.ms;https://uaenorth0-mediap.svc.ms;https://uaecentralR-mediap.svc.ms;https://uaecentral4-mediap.svc.ms;https://uaecentral3-mediap.svc.ms;https://uaecentral2-mediap.svc.ms;https://uaecentral1-mediap.svc.ms;https://uaecentral0-mediap.svc.ms;https://southafricawestR-mediap.svc.ms;https://southafricawest4-mediap.svc.ms;https://southafricawest3-mediap.svc.ms;https://southafricawest2-mediap.svc.ms;https://southafricawest1-mediap.svc.ms;https://southafricawest0-mediap.svc.ms;https://southafricanorthR-mediap.svc.ms;https://southafricanorth4-mediap.svc.ms;https://southafricanorth3-mediap.svc.ms;https://southafricanorth2-mediap.svc.ms;https://southafricanorth1-mediap.svc.ms;https://southafricanorth0-mediap.svc.ms;https://francecentral4-mediab.svc.ms;https://francecentral3-mediab.svc.ms;https://francecentral2-mediab.svc.ms;https://francecentral1-mediab.svc.ms;https://francecentral0-mediab.svc.ms;https://francesouth4-mediab.svc.ms;https://francesouth3-mediab.svc.ms;https://francesouth2-mediab.svc.ms;https://francesouth1-mediab.svc.ms;https://francesouth0-mediab.svc.ms;https://francesouthR-mediab.svc.ms;https://francecentralR-mediab.svc.ms;https://centralindiaR-mediap.svc.ms;https://centralindia4-mediap.svc.ms;https://centralindia3-mediap.svc.ms;https://centralindia2-mediap.svc.ms;https://centralindia1-mediap.svc.ms;https://centralindia0-mediap.svc.ms;https://spdf-medias.svc.ms;https://prodbubble-mediab.svc.ms;https://prod-mediap.svc.ms;https://francesouthR-mediap.svc.ms;https://francesouth4-mediap.svc.ms;https://francesouth3-mediap.svc.ms;https://francesouth2-mediap.svc.ms;https://francesouth1-mediap.svc.ms;https://francesouth0-mediap.svc.ms;https://francecentralR-mediap.svc.ms;https://francecentral4-mediap.svc.ms;https://francecentral3-mediap.svc.ms;https://francecentral2-mediap.svc.ms;https://francecentral1-mediap.svc.ms;https://francecentral0-mediap.svc.ms;https://mediapsouthcentralus.cloudapp.net;https://mediapeastus.cloudapp.net;https://mediapcentralus.cloudapp.net;https://mediapeastus2.cloudapp.net;https://mediapaustraliaeast.cloudapp.net;https://mediapaustraliasoutheast.cloudapp.net;https://mediapbrazilsouth.cloudapp.net;https://mediapeastasia.cloudapp.net;https://mediapsoutheastasia.cloudapp.net;https://mediapnorthcentralus.cloudapp.net;https://mediapjapaneast.cloudapp.net;https://mediapnortheurope.cloudapp.net;https://mediapwesteurope.cloudapp.net;https://northcentralus0-mediab.svc.ms;https://northcentralus1-mediab.svc.ms;https://northcentralus2-mediab.svc.ms;https://southcentralus0-mediab.svc.ms;https://southcentralus1-mediab.svc.ms;https://southcentralus2-mediab.svc.ms;https://uknorth0-mediap.svc.ms;https://uknorth1-mediap.svc.ms;https://uknorth2-mediap.svc.ms;https://uknorth3-mediap.svc.ms;https://uknorth4-mediap.svc.ms;https://uksouth20-mediap.svc.ms;https://uksouth21-mediap.svc.ms;https://uksouth22-mediap.svc.ms;https://uksouth23-mediap.svc.ms;https://uksouth24-mediap.svc.ms;https://brazilsouth0-mediap.svc.ms;https://brazilsouth1-mediap.svc.ms;https://brazilsouth2-mediap.svc.ms;https://brazilsouth3-mediap.svc.ms;https://brazilsouth4-mediap.svc.ms;https://eastasia0-mediap.svc.ms;https://eastasia1-mediap.svc.ms;https://eastasia2-mediap.svc.ms;https://eastasia3-mediap.svc.ms;https://eastasia4-mediap.svc.ms;https://southeastasia0-mediap.svc.ms;https://southeastasia1-mediap.svc.ms;https://southeastasia2-mediap.svc.ms;https://southeastasia3-mediap.svc.ms;https://southeastasia4-mediap.svc.ms;https://northeurope0-mediap.svc.ms;https://northeurope1-mediap.svc.ms;https://northeurope2-mediap.svc.ms;https://northeurope3-mediap.svc.ms;https://northeurope4-mediap.svc.ms;https://westeurope0-mediap.svc.ms;https://westeurope1-mediap.svc.ms;https://westeurope2-mediap.svc.ms;https://westeurope3-mediap.svc.ms;https://westeurope4-mediap.svc.ms;https://northcentralus0-mediap.svc.ms;https://northcentralus1-mediap.svc.ms;https://northcentralus2-mediap.svc.ms;https://northcentralus3-mediap.svc.ms;https://northcentralus4-mediap.svc.ms;https://southcentralus0-mediap.svc.ms;https://southcentralus1-mediap.svc.ms;https://southcentralus2-mediap.svc.ms;https://southcentralus3-mediap.svc.ms;https://southcentralus4-mediap.svc.ms;https://eastus0-mediap.svc.ms;https://eastus1-mediap.svc.ms;https://eastus2-mediap.svc.ms;https://eastus3-mediap.svc.ms;https://eastus4-mediap.svc.ms;https://centralus0-mediap.svc.ms;https://centralus1-mediap.svc.ms;https://centralus2-mediap.svc.ms;https://centralus3-mediap.svc.ms;https://centralus4-mediap.svc.ms;https://southeastasia0-mediab.svc.ms;https://southeastasia1-mediab.svc.ms;https://southeastasia2-mediab.svc.ms;https://southeastasia3-mediab.svc.ms;https://southeastasia4-mediab.svc.ms;https://eastasia0-mediab.svc.ms;https://eastasia1-mediab.svc.ms;https://eastasia2-mediab.svc.ms;https://eastasia3-mediab.svc.ms;https://eastasia4-mediab.svc.ms;https://canadaeast0-mediap.svc.ms;https://canadaeast1-mediap.svc.ms;https://canadaeast2-mediap.svc.ms;https://canadaeast3-mediap.svc.ms;https://canadaeast4-mediap.svc.ms;https://canadacentral0-mediap.svc.ms;https://canadacentral1-mediap.svc.ms;https://canadacentral2-mediap.svc.ms;https://canadacentral3-mediap.svc.ms;https://canadacentral4-mediap.svc.ms;https://northcentralus0-medias.svc.ms;https://northcentralus1-medias.svc.ms;https://northcentralus2-medias.svc.ms;https://northcentralus3-medias.svc.ms;https://northcentralus4-medias.svc.ms;https://southcentralus0-medias.svc.ms;https://southcentralus1-medias.svc.ms;https://southcentralus2-medias.svc.ms;https://southcentralus3-medias.svc.ms;https://southcentralus4-medias.svc.ms;https://australiaeast0-mediap.svc.ms;https://australiaeast1-mediap.svc.ms;https://australiaeast2-mediap.svc.ms;https://australiaeast3-mediap.svc.ms;https://australiaeast4-mediap.svc.ms;https://australiasoutheast0-mediap.svc.ms;https://australiasoutheast1-mediap.svc.ms;https://australiasoutheast2-mediap.svc.ms;https://australiasoutheast3-mediap.svc.ms;https://australiasoutheast4-mediap.svc.ms;https://eastus20-mediap.svc.ms;https://eastus21-mediap.svc.ms;https://eastus22-mediap.svc.ms;https://eastus23-mediap.svc.ms;https://eastus24-mediap.svc.ms;https://japaneast0-mediap.svc.ms;https://japaneast1-mediap.svc.ms;https://japaneast2-mediap.svc.ms;https://japaneast3-mediap.svc.ms;https://japaneast4-mediap.svc.ms;https://japanwest0-mediap.svc.ms;https://japanwest1-mediap.svc.ms;https://japanwest2-mediap.svc.ms;https://japanwest3-mediap.svc.ms;https://japanwest4-mediap.svc.ms;https://koreacentral0-mediap.svc.ms;https://koreacentral1-mediap.svc.ms;https://koreacentral2-mediap.svc.ms;https://koreacentral3-mediap.svc.ms;https://koreacentral4-mediap.svc.ms;https://koreasouth0-mediap.svc.ms;https://koreasouth1-mediap.svc.ms;https://koreasouth2-mediap.svc.ms;https://koreasouth3-mediap.svc.ms;https://koreasouth4-mediap.svc.ms;https://southindia0-mediap.svc.ms;https://southindia1-mediap.svc.ms;https://southindia2-mediap.svc.ms;https://southindia3-mediap.svc.ms;https://southindia4-mediap.svc.ms;https://westindia0-mediap.svc.ms;https://westindia1-mediap.svc.ms;https://westindia2-mediap.svc.ms;https://westindia3-mediap.svc.ms;https://westindia4-mediap.svc.ms;https://uksouth0-mediap.svc.ms;https://uksouth1-mediap.svc.ms;https://uksouth2-mediap.svc.ms;https://uksouth3-mediap.svc.ms;https://uksouth4-mediap.svc.ms;https://ukwest0-mediap.svc.ms;https://ukwest1-mediap.svc.ms;https://ukwest2-mediap.svc.ms;https://ukwest3-mediap.svc.ms;https://ukwest4-mediap.svc.ms;https://usgovvirginia0-mediap.svc.ms;https://usgovvirginia1-mediap.svc.ms;https://usgovvirginia2-mediap.svc.ms;https://usgovvirginia3-mediap.svc.ms;https://usgovvirginia4-mediap.svc.ms;https://usgovtexas0-mediap.svc.ms;https://usgovtexas1-mediap.svc.ms;https://usgovtexas2-mediap.svc.ms;https://usgovtexas3-mediap.svc.ms;https://usgovtexas4-mediap.svc.ms;944f0bd1-117b-4b1c-af26-804ed95e767e;https://qatarcentral1-akamai.mediap.svc.ms;https://qatarcentral1-mediap.svc.ms;https://polandcentral1-akamai.mediap.svc.ms;https://polandcentral1-mediap.svc.ms;https://mexicocentral1-mediap.svc.ms;https://israelcentral1-mediap.svc.ms;https://italynorth1-mediap.svc.ms;https://mexicocentral1-akamai.mediap.svc.ms;https://israelcentral1-akamai.mediap.svc.ms;https://italynorth1-akamai.mediap.svc.ms;https://spaincentral1-mediap.svc.ms;https://westus31-mediap.svc.ms;https://westus21-mediap.svc.ms","False","False","",,"Disabled","False","Microsoft;No OAuth grants","","","0"
"Azure Storage Insights Resource Provider","b15f3d14-f6d1-4c0d-93da-d4136c97f006","pass","True","False","False","False","Microsoft Services",,"False","False",,,"f8cdef31-a31e-4b4a-93e4-5f571e91255a","True","True","False","False","False",,"Application","b15f3d14-f6d1-4c0d-93da-d4136c97f006","False","False","",,"Disabled","False","Microsoft;No OAuth grants","","","0"
"SP-ARC-Onboarding","b856b4f6-297f-443c-982b-5bce398e967a","pass","False","False","True","False","Base-IT Intune.cc",,"False","False",,,"a65f6b72-abef-4f0b-88d6-3256be9a72d1","False","False","False","False","False",,"Application","b856b4f6-297f-443c-982b-5bce398e967a","False","False","AzureArcSPN",,"Disabled","False","Home Tenant;No OAuth grants","","","0"
"Mimir","aaf3f152-fe17-487b-b671-44d3f7bad293","pass","True","False","False","False","Microsoft Services",,"False","False",,,"f8cdef31-a31e-4b4a-93e4-5f571e91255a","True","True","False","False","False",,"Application","aaf3f152-fe17-487b-b671-44d3f7bad293","False","False","",,"Disabled","False","Microsoft;No OAuth grants","","","0"
"ar-DevOpsPipeline-SC-rg-BRAMA-WFITest-dev-001","7a6560c9-b5ad-4bed-b8c6-1fb7a734f881","pass","False","False","True","True","Base-IT Intune.cc",,"False","False",,,"a65f6b72-abef-4f0b-88d6-3256be9a72d1","False","False","False","True","False",,"Application","7a6560c9-b5ad-4bed-b8c6-1fb7a734f881","False","False","HideApp;WindowsAzureActiveDirectoryIntegratedApp",,"Disabled","False","Home Tenant;Hidden;No OAuth grants","","","0"
"Intune RemoteAssistService PROD","ec4ab00e-252a-4d10-9331-f07604cc13a6","pass","True","False","False","False","Microsoft Services",,"False","False",,,"f8cdef31-a31e-4b4a-93e4-5f571e91255a","True","True","False","False","False",,"Application","ec4ab00e-252a-4d10-9331-f07604cc13a6","False","False","disableLegacyUserImpersonationResource;disableLegacyUserImpersonationClient",,"Disabled","False","Microsoft;No OAuth grants","","","0"
"GSA-Purview","2eba9957-8c82-4bfd-8025-e4a4a97a9110","pass","True","False","False","False","Microsoft Services",,"False","False",,,"f8cdef31-a31e-4b4a-93e4-5f571e91255a","True","True","False","False","False",,"Application","2eba9957-8c82-4bfd-8025-e4a4a97a9110","False","False","disableLegacyUserImpersonationClient;disableLegacyUserImpersonationResource;GitCreatedApp",,"Disabled","False","Microsoft;No OAuth grants","","","0"
"Microsoft Partner","4990cffe-04e8-4e8b-808a-1175604b879f","pass","True","False","False","False","Microsoft Services","api.partner.microsoft-int.com","False","False",,,"f8cdef31-a31e-4b4a-93e4-5f571e91255a","True","True","False","False","False",,"Application","https://api.partner.microsoft-int.com;https://api.partner.microsoft.com;https://dev.windows.com/;https://developer.windows.com/;https://developers.windows.com/;https://devcenter.microsoft.com/;https://dev.microsoft.com;https://developer.microsoft.com;4990cffe-04e8-4e8b-808a-1175604b879f","True","False","",,"Disabled","False","Microsoft;No OAuth grants","","","0"
"Dataverse Resource Provider","d6101214-691f-47d0-8ea3-dca752e62d71","pass","True","False","False","False","Microsoft Services",,"False","False",,,"f8cdef31-a31e-4b4a-93e4-5f571e91255a","True","True","False","False","False",,"Application","d6101214-691f-47d0-8ea3-dca752e62d71","False","False","",,"Disabled","False","Microsoft;No OAuth grants","","","0"
"TestErbha","947ffc54-e364-4cd0-ab90-a826c9be1cab","pass","False","False","True","True","Base-IT Intune.cc",,"False","False",,,"a65f6b72-abef-4f0b-88d6-3256be9a72d1","False","False","False","True","False",,"Application","947ffc54-e364-4cd0-ab90-a826c9be1cab","False","False","WindowsAzureActiveDirectoryIntegratedApp;HideApp",,"OpenID Connect","True","Home Tenant;Hidden;staleApps;No OAuth grants","","","0"
"Device Registration Service","01cb2876-7ebd-4aa4-9cc9-d28bd4d359a9","pass","True","False","False","False","Microsoft Services","urn:ms-drs:enterpriseregistration.windows.net","True","False",,,"f8cdef31-a31e-4b4a-93e4-5f571e91255a","True","True","False","False","False",,"Application","urn:ms-drs:enterpriseregistration.windows.net;urn:ms-drs:enterpriseregistration.microsoftonline.us;01cb2876-7ebd-4aa4-9cc9-d28bd4d359a9","True","False","",,"OpenID Connect","False","Microsoft;No OAuth grants","","","0"
"michaela-gen-testing-26-resource","fb19502e-4fbd-4800-9be5-23d390427e8f","pass","True","False","False","False",,"identity.azure.net","True","False",,,,"False","False","False","False","False",,"ManagedIdentity","fb19502e-4fbd-4800-9be5-23d390427e8f;https://identity.azure.net/gBy+lRiADAtOlPdVc5R0uSmqmRQdTaLsRGU+uiDlwdA=","True","False","",,"Disabled","False","Microsoft;No OAuth grants","","","0"
"Dynamics Provision","39e6ea5b-4aa4-4df2-808b-b6b5fb8ada6f","pass","True","False","False","False","Microsoft Services",,"False","False",,,"f8cdef31-a31e-4b4a-93e4-5f571e91255a","True","True","False","False","False",,"Application","39e6ea5b-4aa4-4df2-808b-b6b5fb8ada6f","False","False","",,"Disabled","False","Microsoft;No OAuth grants","","","0"
"Sherlock","0e282aa8-2770-4b6c-8cf8-fac26e9ebe1f","pass","True","False","False","False","Microsoft Services",,"False","False",,,"f8cdef31-a31e-4b4a-93e4-5f571e91255a","True","True","False","False","False",,"Application","0e282aa8-2770-4b6c-8cf8-fac26e9ebe1f","False","False","GitCreatedApp;disableLegacyUserImpersonationResource;disableLegacyUserImpersonationClient",,"Disabled","False","Microsoft;No OAuth grants","","","0"
"Keeper Security Connector Application","bc3c2e59-923e-4ae0-84b7-97e327f587c1","pass","False","False","True","False","Base-IT Intune.cc",,"False","False",,,"a65f6b72-abef-4f0b-88d6-3256be9a72d1","False","False","False","False","False",,"Application","bc3c2e59-923e-4ae0-84b7-97e327f587c1","False","False","",,"Disabled","True","Home Tenant;staleApps;No OAuth grants","","","0"
"Intune CMDeviceService","14452459-6fa6-4ec0-bc50-1528a1a06bf0","pass","True","False","False","False","Microsoft Services",,"False","False",,,"f8cdef31-a31e-4b4a-93e4-5f571e91255a","True","True","False","False","False",,"Application","14452459-6fa6-4ec0-bc50-1528a1a06bf0","False","False","",,"OpenID Connect","False","Microsoft;No OAuth grants","","","0"
"Microsoft Teams Chat Aggregator","b1379a75-ce5e-4fa3-80c6-89bb39bf646c","pass","True","False","False","False","Microsoft Services","chatsvcagg.gov.teams.microsoft.us","True","False",,,"f8cdef31-a31e-4b4a-93e4-5f571e91255a","True","True","False","False","False",,"Application","https://chatsvcagg.gov.teams.microsoft.us;https://chatsvcagg.dod.teams.microsoft.us;https://chatsvcagg.gcc.teams.microsoft.com;https://chatsvcagg.teams.microsoft.com;b1379a75-ce5e-4fa3-80c6-89bb39bf646c;https://csa.teams.microsoftonline.cn;api://botid-b1379a75-ce5e-4fa3-80c6-89bb39bf646c","True","False","",,"OpenID Connect","False","Microsoft;No OAuth grants","","","0"
"AlpsOpalNative","90c719d1-2849-4e57-a1d1-0c9edb406be2","pass","True","False","False","False","Microsoft Services",,"False","False",,,"f8cdef31-a31e-4b4a-93e4-5f571e91255a","True","True","False","False","False",,"Application","90c719d1-2849-4e57-a1d1-0c9edb406be2","False","False","disableLegacyUserImpersonationClient;disableLegacyUserImpersonationResource;GitCreatedApp",,"OpenID Connect","False","Microsoft;No OAuth grants","","","0"
"UntHaMasterScriptPAW","0f1d40a0-75d4-46e6-8043-22155f54e6a3","pass","False","False","True","False","Base-IT Intune.cc",,"False","False",,,"a65f6b72-abef-4f0b-88d6-3256be9a72d1","False","False","False","True","False",,"Application","0f1d40a0-75d4-46e6-8043-22155f54e6a3","False","False","WindowsAzureActiveDirectoryIntegratedApp;WindowsAzureActiveDirectoryCustomSingleSignOnApplication",,"Disabled","True","Home Tenant;staleApps;No OAuth grants","","","0"
"Office 365 Client Admin","3cf6df92-2745-4f6f-bbcf-19b59bcdb62a","pass","True","False","False","False","Microsoft Services","config.office.com","True","False",,,"f8cdef31-a31e-4b4a-93e4-5f571e91255a","True","True","False","False","False",,"Application","https://config.office.com/;https://www.config.office.com/;3cf6df92-2745-4f6f-bbcf-19b59bcdb62a","True","False","",,"OpenID Connect","False","Microsoft;No OAuth grants","","","0"
"Microsoft Teams","1fec8e78-bce4-4aaf-ab1b-5451cc387264","pass","True","False","False","False","Microsoft Services",,"False","False",,,"f8cdef31-a31e-4b4a-93e4-5f571e91255a","True","True","False","False","False",,"Application","1fec8e78-bce4-4aaf-ab1b-5451cc387264","False","False","",,"OpenID Connect","False","Microsoft;No OAuth grants","","","0"
"Microsoft Defender for Cloud Apps - Session Controls","8a0c2593-9cbc-4f86-a247-beb7aab00d83","pass","True","False","False","False","Microsoft Services","8a0c2593-9cbc-4f86-a247-beb7aab00d83","False","False","Microsoft Corporation","5206095","f8cdef31-a31e-4b4a-93e4-5f571e91255a","True","True","True","False","False",,"Application","8a0c2593-9cbc-4f86-a247-beb7aab00d83;api://8a0c2593-9cbc-4f86-a247-beb7aab00d83","False","False","",,"OpenID Connect","False","Microsoft;No OAuth grants","","","0"
"CS Case Followup and Closure (Microsoft Copilot Studio)","344b3712-1616-413f-8bf3-0f2022fa6ebf","pass","False","False","True","False","Base-IT Intune.cc",,"False","False",,,"a65f6b72-abef-4f0b-88d6-3256be9a72d1","False","False","False","False","False",,"Application","344b3712-1616-413f-8bf3-0f2022fa6ebf","False","False","AIAgentBuilder;AgentCreatedBy:CopilotStudio;AgenticApp;power-virtual-agents-0064e15e-87a7-c86f-5704-ce7d75886c22","This application is required to support messaging and authentication for an individual chatbot built with Power Virtual Agents. Power Platform Environment: '19dde003-f47b-e12b-bdf6-e963eddc0758', Bot Id: '0064e15e-87a7-c86f-5704-ce7d75886c22', More information: https://go.microsoft.com/fwlink/?linkid=2096220","Disabled","False","Home Tenant;No OAuth grants","","","0"
"GatewayRP","486c78bf-a0f7-45f1-92fd-37215929e116","pass","True","False","False","False","Microsoft Services",,"False","False","Microsoft Corporation","5206095","f8cdef31-a31e-4b4a-93e4-5f571e91255a","True","True","True","False","False",,"Application","486c78bf-a0f7-45f1-92fd-37215929e116","False","False","",,"Disabled","False","Microsoft;No OAuth grants","","","0"
"PartnerCenterCustomerServiceAppProd","34cabb34-90ae-4aca-b8c3-c457dbedf145","pass","True","False","False","False","Microsoft Services",,"False","False","Microsoft Corporation","5206095","f8cdef31-a31e-4b4a-93e4-5f571e91255a","True","True","True","False","False",,"Application","34cabb34-90ae-4aca-b8c3-c457dbedf145","False","False","",,"Disabled","False","Microsoft;No OAuth grants","","","0"
"SPNews","734b96c4-2c97-44d6-8595-cd38f20c5416","pass","True","False","False","False","Microsoft Services",,"False","False",,,"f8cdef31-a31e-4b4a-93e4-5f571e91255a","True","True","False","False","False",,"Application","734b96c4-2c97-44d6-8595-cd38f20c5416","False","False","GitCreatedApp",,"Disabled","False","Microsoft;No OAuth grants","","","0"
"asmcontainerimagescanner","918d0db8-4a38-4938-93c1-9313bdfe0272","pass","True","False","False","False","Microsoft Services",,"False","False",,,"f8cdef31-a31e-4b4a-93e4-5f571e91255a","True","True","False","False","False",,"Application","918d0db8-4a38-4938-93c1-9313bdfe0272","False","False","",,"Disabled","False","Microsoft;No OAuth grants","","","0"
"Bot Framework Composer","ce48853e-0605-4f77-8746-d70ac63cc6bc","pass","True","False","False","False","Microsoft Services",,"False","False",,,"f8cdef31-a31e-4b4a-93e4-5f571e91255a","True","True","False","False","False",,"Application","ce48853e-0605-4f77-8746-d70ac63cc6bc","False","False","",,"OpenID Connect","False","Microsoft;No OAuth grants","","","0"
"forpe-ai-shift-resource-forpe-ai-shift-AgentIdentityBlueprint","d61e92cb-1893-4f74-8781-01bb50590af3","pass","False","False","True","False","Base-IT Intune.cc",,"False","False",,,"a65f6b72-abef-4f0b-88d6-3256be9a72d1","False","False","False","False","False",,"Application","d61e92cb-1893-4f74-8781-01bb50590af3","False","False","",,"Disabled","False","Home Tenant;No OAuth grants","","","0"
"Cortana at Work Service","2a486b53-dbd2-49c0-a2bc-278bdfc30833","pass","True","False","False","False","Microsoft Services","cortana.ai","False","False",,,"f8cdef31-a31e-4b4a-93e4-5f571e91255a","True","True","False","False","False",,"Application","https://cortana.ai/api;2a486b53-dbd2-49c0-a2bc-278bdfc30833","False","False","",,"Disabled","False","Microsoft;No OAuth grants","","","0"
"identity-hunfa-linux-py-dev-24104","5f2c793a-de09-4b52-bf49-6b790b8859a0","pass","True","False","False","False",,"identity.azure.net","True","False",,,,"False","False","False","False","False",,"ManagedIdentity","5f2c793a-de09-4b52-bf49-6b790b8859a0;https://identity.azure.net/GTRBPgYRoPtOV/uQFzZU65pAL4/CTWsKfPpUdla22Mg=","True","False","",,"Disabled","False","Microsoft;No OAuth grants","","","0"
"ConnectionsService","b7912db9-aa33-4820-9d4f-709830fdd78f","pass","True","False","False","False","Microsoft Services","api.connections.ms","False","False",,,"f8cdef31-a31e-4b4a-93e4-5f571e91255a","True","True","False","False","False",,"Application","https://api.connections.ms;b7912db9-aa33-4820-9d4f-709830fdd78f","False","False","",,"OpenID Connect","False","Microsoft;No OAuth grants","","","0"
"Intune Remote Help","7e9f2fca-0cd8-4a6c-a1a0-7ffe48aec7c6","pass","True","False","False","False","Microsoft Services",,"False","False",,,"f8cdef31-a31e-4b4a-93e4-5f571e91255a","True","True","False","False","False",,"Application","7e9f2fca-0cd8-4a6c-a1a0-7ffe48aec7c6","False","False","",,"Disabled","False","Microsoft;No OAuth grants","","","0"
"Verifiable Credentials Service Request","3db474b9-6a0c-4840-96ac-1fceb342124f","pass","True","False","False","False","Microsoft Services",,"False","False","Microsoft Corporation","5206095","f8cdef31-a31e-4b4a-93e4-5f571e91255a","True","True","True","False","False",,"Application","3db474b9-6a0c-4840-96ac-1fceb342124f","False","False","",,"Disabled","False","Microsoft;No OAuth grants","","","0"
"Azure Compute","579d9c9d-4c83-4efc-8124-7eba65ed3356","pass","True","False","False","False","Microsoft Services","compute.azure.com","True","False",,,"f8cdef31-a31e-4b4a-93e4-5f571e91255a","True","True","False","False","False",,"Application","https://compute.azure.com;579d9c9d-4c83-4efc-8124-7eba65ed3356","True","False","",,"OpenID Connect","False","Microsoft;No OAuth grants","","","0"
"MAPG","cc46c2aa-d508-409b-aeb7-df7cd1e07aaa","pass","True","False","False","False","Microsoft Services","cc46c2aa-d508-409b-aeb7-df7cd1e07aaa","False","False",,,"f8cdef31-a31e-4b4a-93e4-5f571e91255a","True","True","False","False","False",,"Application","api://cc46c2aa-d508-409b-aeb7-df7cd1e07aaa;cc46c2aa-d508-409b-aeb7-df7cd1e07aaa","False","False","",,"Disabled","False","Microsoft;No OAuth grants","","","0"
"MS Learn MCP Guide (Microsoft Copilot Studio)","56bf7a48-9b64-4a0f-8bb7-0bcb047ff966","pass","False","False","False","False",,,"False","False",,,,"False","False","False","False","False",,"ServiceIdentity","56bf7a48-9b64-4a0f-8bb7-0bcb047ff966","False","False","",,"Disabled","False","No OAuth grants","","","0"
"Compute Image Registry","51b6191a-b045-44cf-8277-ee37c9fb5a06","pass","True","False","False","False","Microsoft Services",,"False","False",,,"f8cdef31-a31e-4b4a-93e4-5f571e91255a","True","True","False","False","False",,"Application","51b6191a-b045-44cf-8277-ee37c9fb5a06","False","False","disableLegacyUserImpersonationClient;disableLegacyUserImpersonationResource;GitCreatedApp",,"Disabled","False","Microsoft;No OAuth grants","","","0"
"Azure Spring Apps Domain-Management Dogfood","584a29b4-7876-4445-921e-71e427d4f4b3","pass","True","False","False","False","Microsoft Services",,"False","False",,,"f8cdef31-a31e-4b4a-93e4-5f571e91255a","True","True","False","False","False",,"Application","584a29b4-7876-4445-921e-71e427d4f4b3","False","False","",,"Disabled","False","Microsoft;No OAuth grants","","","0"
"Compute Artifacts Publishing Service","a8b6bf88-1d1a-4626-b040-9a729ea93c65","pass","True","False","False","False","Microsoft Services",,"False","False",,,"f8cdef31-a31e-4b4a-93e4-5f571e91255a","True","True","False","False","False",,"Application","a8b6bf88-1d1a-4626-b040-9a729ea93c65","False","False","",,"Disabled","False","Microsoft;No OAuth grants","","","0"
"AuiSe_SP","c5e78dc2-422b-4995-b92e-e42895cd6aa7","pass","False","False","True","False","Base-IT Intune.cc",,"False","False",,,"a65f6b72-abef-4f0b-88d6-3256be9a72d1","False","False","False","False","False",,"Application","c5e78dc2-422b-4995-b92e-e42895cd6aa7","False","False","AzureArcSPN",,"Disabled","True","Home Tenant;staleApps;No OAuth grants","","","0"
"O365SBRM Service","9d06afd9-66c9-49a6-b385-ea7509332b0b","pass","True","False","False","False","Microsoft Services","xrmserviceprod.cloudapp.net","False","False",,,"f8cdef31-a31e-4b4a-93e4-5f571e91255a","True","True","False","False","False",,"Application","http://xrmserviceprod.cloudapp.net;9d06afd9-66c9-49a6-b385-ea7509332b0b;https://ocm-api.outlookapps.com","False","False","",,"OpenID Connect","False","Microsoft;No OAuth grants","","","0"
"KnowledgeServing","322422d3-3e0e-4873-a6c9-d3b4a4c83c0f","pass","True","False","False","False","Microsoft Services","substrate.office.com","True","False",,,"f8cdef31-a31e-4b4a-93e4-5f571e91255a","True","True","False","False","False",,"Application","322422d3-3e0e-4873-a6c9-d3b4a4c83c0f;https://substrate.office.com/knowledgemanagement;https://substrate.office.com/knowledgeserving;https://substrate.office.com/knowledgegraph","True","False","",,"OpenID Connect","False","Microsoft;No OAuth grants","","","0"
"Customer Service Copilot Bot (Microsoft Copilot Studio)","2f2158f5-3d5c-4313-894b-6f654597098f","pass","False","False","True","False","Base-IT Intune.cc",,"False","False",,,"a65f6b72-abef-4f0b-88d6-3256be9a72d1","False","False","False","False","False",,"Application","2f2158f5-3d5c-4313-894b-6f654597098f","False","False","AIAgentBuilder;AgentCreatedBy:CopilotStudio;AgenticApp;power-virtual-agents-4bd0c6a0-a33a-9661-8771-b2268898023f","This application is required to support messaging and authentication for an individual chatbot built with Power Virtual Agents. Power Platform Environment: '19dde003-f47b-e12b-bdf6-e963eddc0758', Bot Id: '4bd0c6a0-a33a-9661-8771-b2268898023f', More information: https://go.microsoft.com/fwlink/?linkid=2096220","Disabled","False","Home Tenant;No OAuth grants","","","0"
"Power Query Online GCC-L2","939fe80f-2eef-464f-b0cf-705d254a2cf2","pass","True","False","False","False","Microsoft Services","gov.powerquery.microsoft.us","True","False","Microsoft Corporation","5206095","f8cdef31-a31e-4b4a-93e4-5f571e91255a","True","True","True","False","False",,"Application","https://gov.powerquery.microsoft.us;939fe80f-2eef-464f-b0cf-705d254a2cf2","True","False","",,"OpenID Connect","False","Microsoft;No OAuth grants","","","0"
"Dynamics 365 collaboration with Microsoft Teams","a8adde6c-aeb4-4fd6-9d8f-c2dfdecac60a","pass","True","False","False","False","Microsoft Services",,"False","False",,,"f8cdef31-a31e-4b4a-93e4-5f571e91255a","True","True","False","False","False",,"Application","a8adde6c-aeb4-4fd6-9d8f-c2dfdecac60a","False","False","",,"OpenID Connect","False","Microsoft;No OAuth grants","","","0"
"Office Change Management","601d4e27-7bb3-4dee-8199-90d47d527e1c","pass","True","False","False","False","Microsoft Services","changemgmt.admin.office.net","False","False",,,"f8cdef31-a31e-4b4a-93e4-5f571e91255a","True","True","False","False","False",,"Application","601d4e27-7bb3-4dee-8199-90d47d527e1c;601d4e27-7bb3-4dee-8199-90d47d527e1c/changemgmt.admin.Office.net","False","False","",,"Disabled","False","Microsoft;No OAuth grants","","","0"
"Azure Spring Cloud Service Runtime Auth","366cbfa5-46b3-47fb-9d70-55fb923b4833","pass","True","False","False","False","Microsoft Services",,"False","False",,,"f8cdef31-a31e-4b4a-93e4-5f571e91255a","True","True","False","False","False",,"Application","366cbfa5-46b3-47fb-9d70-55fb923b4833","False","False","",,"Disabled","False","Microsoft;No OAuth grants","","","0"
"SEAL SNI","c10f411a-874c-485c-9d66-6e0b34202c41","pass","True","False","False","False","Microsoft Services","seal-sni","False","False",,,"f8cdef31-a31e-4b4a-93e4-5f571e91255a","True","True","False","False","False",,"Application","https://seal-sni;c10f411a-874c-485c-9d66-6e0b34202c41","False","False","",,"Disabled","False","Microsoft;No OAuth grants","","","0"
"Microsoft Invoicing","b6b84568-6c01-4981-a80f-09da9a20bbed","pass","True","False","False","False","Microsoft Services","b6b84568-6c01-4981-a80f-09da9a20bbed","False","False",,,"f8cdef31-a31e-4b4a-93e4-5f571e91255a","True","True","False","False","False",,"Application","api://b6b84568-6c01-4981-a80f-09da9a20bbed;https://msinvoicing.com;b6b84568-6c01-4981-a80f-09da9a20bbed","False","False","",,"OpenID Connect","False","Microsoft;No OAuth grants","","","0"
"Gebäcksverkaufsassistent (Microsoft Copilot Studio)","5866b9bb-2f0c-40c9-a0e5-4c4c0948b53e","pass","False","False","False","False",,,"False","False",,,,"False","False","False","False","False",,"ServiceIdentity","5866b9bb-2f0c-40c9-a0e5-4c4c0948b53e","False","False","",,"Disabled","False","No OAuth grants","","","0"
"Microsoft Azure Container Apps - Control Plane","7e3bc4fd-85a3-4192-b177-5b8bfc87f42c","pass","True","False","False","False","Microsoft Services",,"False","False","Microsoft Corporation","5206095","f8cdef31-a31e-4b4a-93e4-5f571e91255a","True","True","True","False","False",,"Application","7e3bc4fd-85a3-4192-b177-5b8bfc87f42c","False","False","",,"Disabled","False","Microsoft;No OAuth grants","","","0"
"Hybrid Container Service - Admin App","29fc0361-21b9-4ddf-a007-4b6900c3e8ba","pass","True","False","False","False","Microsoft Services",,"False","False",,,"f8cdef31-a31e-4b4a-93e4-5f571e91255a","True","True","False","False","False",,"Application","29fc0361-21b9-4ddf-a007-4b6900c3e8ba","False","False","disableLegacyUserImpersonationClient;disableLegacyUserImpersonationResource;GitCreatedApp",,"Disabled","False","Microsoft;No OAuth grants","","","0"
"Universal Print PS Module","aad98258-6bb0-44ed-a095-21506dfb68fe","pass","True","False","False","False","Microsoft Services",,"False","False",,,"f8cdef31-a31e-4b4a-93e4-5f571e91255a","True","True","False","False","False",,"Application","aad98258-6bb0-44ed-a095-21506dfb68fe","False","False","",,"OpenID Connect","False","Microsoft;No OAuth grants","","","0"
"Diagnostic Services Trusted Storage Access","562db366-1b96-45d2-aa4a-f2148cef2240","pass","True","False","False","False","Microsoft Services",,"False","False","Microsoft Corporation","5206095","f8cdef31-a31e-4b4a-93e4-5f571e91255a","True","True","True","False","False",,"Application","562db366-1b96-45d2-aa4a-f2148cef2240","False","False","",,"Disabled","False","Microsoft;No OAuth grants","","","0"
"Microsoft Exchange Online Protection","00000007-0000-0ff1-ce00-000000000000","pass","True","False","False","False","Microsoft Services","ps.protection.office365.us","False","False",,,"f8cdef31-a31e-4b4a-93e4-5f571e91255a","True","True","False","False","False",,"Application","https://ps.protection.office365.us;00000007-0000-0ff1-ce00-000000000000;00000007-0000-0ff1-ce00-000000000000/*.dataservice.protection.outlook.com;00000007-0000-0ff1-ce00-000000000000/*.protection.outlook.com;00000007-0000-0ff1-ce00-000000000000/admin.protection.beta.outlook.com;00000007-0000-0ff1-ce00-000000000000/admin.protection.outlook.com;https://*.dataservice.protection.outlook.com;https://*.protection.outlook.com;https://substrate.office.com/CompliancePolicy/api/v1.0/ClientSyncFileV2","True","False","",,"OpenID Connect","False","Microsoft;No OAuth grants","","","0"
"Azure CosmosDB for PostgreSQL AAD Authentication","b4fa09d8-5da5-4352-83d9-05c2a44cf431","pass","True","False","False","False","Microsoft Services","postgres.cosmos.azure.com","True","False",,,"f8cdef31-a31e-4b4a-93e4-5f571e91255a","True","True","False","False","False",,"Application","b4fa09d8-5da5-4352-83d9-05c2a44cf431;https://postgres.cosmos.azure.com","True","False","disableLegacyUserImpersonationClient;disableLegacyUserImpersonationResource",,"Disabled","False","Microsoft;No OAuth grants","","","0"
"Meru19 MySQL First Party App","e6f9f783-1fdb-4755-acaf-abed6c642885","pass","True","False","False","False","Microsoft Services",,"False","False",,,"f8cdef31-a31e-4b4a-93e4-5f571e91255a","True","True","False","False","False",,"Application","e6f9f783-1fdb-4755-acaf-abed6c642885","False","False","",,"Disabled","False","Microsoft;No OAuth grants","","","0"
"Azure Maps","ba1ea022-5807-41d5-bbeb-292c7e1cf5f6","pass","True","False","False","False","Microsoft Services","atlas.microsoft.com","True","False","Microsoft Corporation","5206095","f8cdef31-a31e-4b4a-93e4-5f571e91255a","True","True","True","False","False",,"Application","ba1ea022-5807-41d5-bbeb-292c7e1cf5f6;https://atlas.microsoft.com/","True","False","",,"Disabled","False","Microsoft;No OAuth grants","","","0"
"Azure Managed Grafana SSO","6f2d169c-08f3-4a4c-a982-bcaf2d038c45","pass","True","False","False","False","Microsoft Services",,"False","False","Microsoft Corporation","5206095","f8cdef31-a31e-4b4a-93e4-5f571e91255a","True","True","True","False","False",,"Application","6f2d169c-08f3-4a4c-a982-bcaf2d038c45","False","False","disableLegacyUserImpersonationResource;disableLegacyUserImpersonationClient",,"OpenID Connect","False","Microsoft;No OAuth grants","","","0"
"Data Export Service for Microsoft Dynamics 365","b861dbcc-a7ef-4219-a005-0e4de4ea7dcf","pass","True","False","False","False","Microsoft Services","dataexportserviceformicrosoftdynamics365.com","False","False",,,"f8cdef31-a31e-4b4a-93e4-5f571e91255a","True","True","False","False","False",,"Application","b861dbcc-a7ef-4219-a005-0e4de4ea7dcf;https://dataexportserviceformicrosoftdynamics365.com/","True","False","",,"OpenID Connect","False","Microsoft;No OAuth grants","","","0"
"MayJo-KSEngineering-Sandbox","22622040-5597-44f7-8222-86c2e0688d45","pass","False","False","True","True","Base-IT Intune.cc",,"False","False",,,"a65f6b72-abef-4f0b-88d6-3256be9a72d1","False","False","False","True","False",,"Application","22622040-5597-44f7-8222-86c2e0688d45","False","False","HideApp;WindowsAzureActiveDirectoryIntegratedApp",,"Disabled","False","Home Tenant;Hidden;No OAuth grants","","","0"
"MSAI Substrate Meeting Intelligence ","038187f5-ca69-4382-8c0b-8d87708d099f","pass","True","False","False","False","Microsoft Services","038187f5-ca69-4382-8c0b-8d87708d099f","False","False","Microsoft Corporation","5206095","f8cdef31-a31e-4b4a-93e4-5f571e91255a","True","True","True","False","False",,"Application","api://038187f5-ca69-4382-8c0b-8d87708d099f;https://msai.meetingintelligence.ai;https://MsaiMeetingIntelligence.substrate.office.com;038187f5-ca69-4382-8c0b-8d87708d099f","True","False","",,"Disabled","False","Microsoft;No OAuth grants","","","0"
"AVDWE-0","d58a1254-6ad1-4567-a800-3fc1f55afd72","pass","True","False","False","False",,"identity.azure.net","True","False",,,,"False","False","False","False","False",,"ManagedIdentity","https://identity.azure.net/RA2DrBJySjE5MKIye19JwG4xN+9mry7aNGxFRURMXo8=;d58a1254-6ad1-4567-a800-3fc1f55afd72","True","False","",,"Disabled","False","Microsoft;No OAuth grants","","","0"
"Microsoft Policy Insights Provider Data Plane","8cae6e77-e04e-42ce-b5cb-50d82bce26b1","pass","True","False","False","False","Microsoft Services",,"False","False",,,"f8cdef31-a31e-4b4a-93e4-5f571e91255a","True","True","False","False","False",,"Application","8cae6e77-e04e-42ce-b5cb-50d82bce26b1","False","False","",,"Disabled","False","Microsoft;No OAuth grants","","","0"
"AzureMonitor Client for SIGNL4","c16e28b7-7c95-482c-9837-d3f3bfeebfb8","pass","False","False","True","False","Base-IT Intune.cc","azuremonitorclientforsignl4","False","False",,,"a65f6b72-abef-4f0b-88d6-3256be9a72d1","False","False","False","False","False",,"Application","c16e28b7-7c95-482c-9837-d3f3bfeebfb8;api://AzureMonitorClientforSIGNL4","False","False","",,"Disabled","True","Home Tenant;staleApps;No OAuth grants","","","0"
"Azure Reserved Instance Application","4d0ad6c7-f6c3-46d8-ab0d-1406d5e6c86b","pass","True","False","False","False","Microsoft Services",,"False","False",,,"f8cdef31-a31e-4b4a-93e4-5f571e91255a","True","True","False","False","False",,"Application","4d0ad6c7-f6c3-46d8-ab0d-1406d5e6c86b","False","False","",,"Disabled","False","Microsoft;No OAuth grants","","","0"
"Skype Teams Firehose","cdccd920-384b-4a25-897d-75161a4b74c1","pass","True","False","False","False","Microsoft Services","webhook.gcc.teams.microsoft.com","True","False",,,"f8cdef31-a31e-4b4a-93e4-5f571e91255a","True","True","False","False","False",,"Application","https://webhook.gcc.teams.microsoft.com;https://firehose.teams.microsoft.com;cdccd920-384b-4a25-897d-75161a4b74c1;https://webhook.infra.gov.teams.microsoft.us;https://webhook.infra.dod.teams.microsoft.us","True","False","",,"OpenID Connect","False","Microsoft;No OAuth grants","","","0"
"31dccc524f8143748fec085b","fc15b35c-0896-4e9a-b8f5-c7f69c9e56b3","pass","True","False","False","False",,"identity.azure.net","True","False",,,,"False","False","False","False","False",,"ManagedIdentity","https://identity.azure.net/Rj2hI7KRPc+NpiMD1QvyUo7FV5xQsFtB2p8HD7D7ltc=;fc15b35c-0896-4e9a-b8f5-c7f69c9e56b3","True","False","",,"Disabled","False","Microsoft;No OAuth grants","","","0"
"agentcon2026-foundry-resource-agentcon2026_foundry-AgentIdentity","5be80f83-2115-429d-bfea-baeb5633ca92","pass","False","False","False","False",,,"False","False",,,,"False","False","False","False","False",,"ServiceIdentity","5be80f83-2115-429d-bfea-baeb5633ca92","False","False","",,"Disabled","False","No OAuth grants","","","0"
"Office365 Shell WCSS-Server Default","a68e1e61-ad4f-45b6-897d-0a1ea8786345","pass","True","False","False","False","Microsoft Services",,"False","False","Microsoft Corporation","5206095","f8cdef31-a31e-4b4a-93e4-5f571e91255a","True","True","True","False","False",,"Application","a68e1e61-ad4f-45b6-897d-0a1ea8786345","False","False","disableRequestingTenantedPassthroughTokens;disableAcceptingTenantedPassthroughTokens;disableLegacyUserImpersonationResource;disableLegacyUserImpersonationClient",,"Disabled","False","Microsoft;No OAuth grants","","","0"
"Microsoft Activity Feed Service","d32c68ad-72d2-4acb-a0c7-46bb2cf93873","pass","True","False","False","False","Microsoft Services","enterprise.activity.windows.com","True","False",,,"f8cdef31-a31e-4b4a-93e4-5f571e91255a","True","True","False","False","False",,"Application","https://enterprise.activity.windows.com;https://activity.microsoft.com;https://activity.windows.com;d32c68ad-72d2-4acb-a0c7-46bb2cf93873;https://graph-enterprise.activity.windows.com;https://graph.activity.windows.com;https://graph-enterprise-beta.activity.windows.com;https://graph-beta.activity.windows.com","True","False","",,"Disabled","False","Microsoft;No OAuth grants","","","0"
"ubuntu-auise","a3b21a3c-5400-45fe-8969-bab4471f43a7","pass","True","False","False","False",,"identity.azure.net","True","False",,,,"False","False","False","False","False",,"ManagedIdentity","a3b21a3c-5400-45fe-8969-bab4471f43a7;https://identity.azure.net/jn5dxGMwvYvc9lsUWdYM8/AAzCcS5Ga1s7FU+MABLjM=","True","False","",,"Disabled","False","Microsoft;No OAuth grants","","","0"
"Modern Workplace Management","789997c7-d888-4475-a0a0-35014494de85","pass","True","False","False","False","Microsoft Services",,"False","False",,,"f8cdef31-a31e-4b4a-93e4-5f571e91255a","True","True","False","False","False",,"Application","789997c7-d888-4475-a0a0-35014494de85","False","False","",,"Disabled","False","Microsoft;No OAuth grants","","","0"
"K8 Bridge","319f651f-7ddb-4fc6-9857-7aef9250bd05","pass","True","False","False","False","Microsoft Services",,"False","False",,,"f8cdef31-a31e-4b4a-93e4-5f571e91255a","True","True","False","False","False",,"Application","319f651f-7ddb-4fc6-9857-7aef9250bd05","False","False","",,"Disabled","False","Microsoft;No OAuth grants","","","0"
"Microsoft Stream Mobile Native","844cca35-0656-46ce-b636-13f48b0eecbd","pass","True","False","False","False","Microsoft Services",,"False","False",,,"f8cdef31-a31e-4b4a-93e4-5f571e91255a","True","True","False","False","False",,"Application","844cca35-0656-46ce-b636-13f48b0eecbd","False","False","",,"OpenID Connect","False","Microsoft;No OAuth grants","","","0"
"Microsoft To-Do","2087bd82-7206-4c0a-b305-1321a39e5926","pass","True","False","False","False","Microsoft Services","outlook.office365.com","True","False",,,"f8cdef31-a31e-4b4a-93e4-5f571e91255a","True","True","False","False","False",,"Application","https://outlook.office365.com/todo;2087bd82-7206-4c0a-b305-1321a39e5926","True","False","",,"OpenID Connect","False","Microsoft;No OAuth grants","","","0"
"Helene Musterfrau (Microsoft Copilot Studio)","8392a806-84cf-4ea3-97f9-e6b81869a9f8","pass","False","False","True","False","Base-IT Intune.cc",,"False","False",,,"a65f6b72-abef-4f0b-88d6-3256be9a72d1","False","False","False","False","False",,"Application","8392a806-84cf-4ea3-97f9-e6b81869a9f8","False","False","AgenticApp;AIAgentBuilder;AgentCreatedBy:CopilotStudio;AgenticInstance;power-virtual-agents-af29af18-adae-870c-6e08-ae7165268f95","This application is required to support messaging and authentication for an individual chatbot built with Power Virtual Agents. Power Platform Environment: 'Default-a65f6b72-abef-4f0b-88d6-3256be9a72d1', Bot Id: 'af29af18-adae-870c-6e08-ae7165268f95', More information: https://go.microsoft.com/fwlink/?linkid=2096220","Disabled","False","Home Tenant;No OAuth grants","","","0"
"svatadfs","c442b88c-2159-4688-9f28-09511cdcd06f","pass","True","False","False","False",,"identity.azure.net","True","False",,,,"False","False","False","False","False",,"ManagedIdentity","https://identity.azure.net/+W6LBSsAhWnLb8K6/9xmlqR/a4C0muTMq8Co7uEhkd8=;c442b88c-2159-4688-9f28-09511cdcd06f","True","False","",,"Disabled","False","Microsoft;No OAuth grants","","","0"
"pb-Block-EntraIDUser-EntityTrigger","7e68e2f8-36e6-48ab-bb98-5e815eaf34fb","pass","True","False","False","False",,"identity.azure.net","True","False",,,,"False","False","False","False","False",,"ManagedIdentity","7e68e2f8-36e6-48ab-bb98-5e815eaf34fb;https://identity.azure.net/t27Xse8FKGMNFm46NcpUdZ/WTRWWlH5u6bK1tKVGhvw=","True","False","",,"Disabled","False","Microsoft;No OAuth grants","","","0"
"heimi-pptx-0001-resource","44b0aaf4-0d99-44bc-ab81-27435ee803a1","pass","True","False","False","False",,"identity.azure.net","True","False",,,,"False","False","False","False","False",,"ManagedIdentity","44b0aaf4-0d99-44bc-ab81-27435ee803a1;https://identity.azure.net/Q4Djv21KgyPd8y+L6NjNyZiUJAZ3Idv98kTQu8KqFCc=","True","False","",,"Disabled","False","Microsoft;No OAuth grants","","","0"
"Microsoft Azure Alerts Management","161a339d-b9f5-41c5-8856-6a6669acac64","pass","True","False","False","False","Microsoft Services",,"False","False","Microsoft Corporation","5206095","f8cdef31-a31e-4b4a-93e4-5f571e91255a","True","True","True","False","False",,"Application","161a339d-b9f5-41c5-8856-6a6669acac64","False","False","",,"Disabled","False","Microsoft;No OAuth grants","","","0"
"Microsoft Azure","15689b28-1333-4213-bb64-38407dde8a5e","pass","True","False","False","False","Microsoft Services",,"False","False",,,"f8cdef31-a31e-4b4a-93e4-5f571e91255a","True","True","False","False","False",,"Application","15689b28-1333-4213-bb64-38407dde8a5e","False","False","",,"OpenID Connect","False","Microsoft;No OAuth grants","","","0"
"Microsoft Teams RetentionHook Service","f5aeb603-2a64-4f37-b9a8-b544f3542865","pass","True","False","False","False","Microsoft Services","retentionhook.infra.dod.teams.microsoft.us","True","False",,,"f8cdef31-a31e-4b4a-93e4-5f571e91255a","True","True","False","False","False",,"Application","https://retentionhook.infra.dod.teams.microsoft.us;https://retentionhook.teams.microsoft.com;f5aeb603-2a64-4f37-b9a8-b544f3542865;https://retentionhook.infra.gov.teams.microsoft.us;https://substratesync.infra.gov.teams.microsoft.us;https://substratesync.infra.dod.teams.microsoft.us;https://substratesync.teams.microsoft.com","True","False","",,"Disabled","False","Microsoft;No OAuth grants","","","0"
"Azure Migrate AI Assistant","2511e1ef-691c-47f3-bdc8-9b0d66ce6f31","pass","True","False","False","False","Microsoft Services",,"False","False",,,"f8cdef31-a31e-4b4a-93e4-5f571e91255a","True","True","False","False","False",,"Application","2511e1ef-691c-47f3-bdc8-9b0d66ce6f31","False","False","disableLegacyUserImpersonationClient;disableLegacyUserImpersonationResource;GitCreatedApp",,"Disabled","False","Microsoft;No OAuth grants","","","0"
"soc4052-baseit-soc-2258d92b-3982-4dae-91eb-132f27c7cd7d","bc2bd929-0d4f-4539-ba82-efc434141fd4","pass","False","False","True","False","Base-IT Intune.cc",,"False","False",,,"a65f6b72-abef-4f0b-88d6-3256be9a72d1","False","False","False","False","False",,"Application","bc2bd929-0d4f-4539-ba82-efc434141fd4","False","False","",,"Disabled","True","Home Tenant;staleApps;No OAuth grants","","","0"
"Microsoft Teams Partner Tenant Administration ","0c708d37-30b2-4f22-8168-5d0cba6f37be","pass","True","False","False","False","Microsoft Services",,"False","False",,,"f8cdef31-a31e-4b4a-93e4-5f571e91255a","True","True","False","False","False",,"Application","0c708d37-30b2-4f22-8168-5d0cba6f37be","False","False","",,"Disabled","False","Microsoft;No OAuth grants","","","0"
"Defender for Storage Advanced Threat Protection Resource Provider","080765e3-9336-4461-b934-310acccb907d","pass","True","False","False","False","Microsoft Services",,"False","False","Microsoft Corporation","5206095","f8cdef31-a31e-4b4a-93e4-5f571e91255a","True","True","True","False","False",,"Application","080765e3-9336-4461-b934-310acccb907d","False","False","disableLegacyUserImpersonationClient;disableLegacyUserImpersonationResource;GitCreatedApp",,"Disabled","False","Microsoft;No OAuth grants","","","0"
"Dynamic Alerts","707be275-6b9d-4ee7-88f9-c0c2bd646e0f","pass","True","False","False","False","Microsoft Services",,"False","False","Microsoft Corporation","5206095","f8cdef31-a31e-4b4a-93e4-5f571e91255a","True","True","True","False","False",,"Application","707be275-6b9d-4ee7-88f9-c0c2bd646e0f","False","False","",,"Disabled","False","Microsoft;No OAuth grants","","","0"
"Teams Work Report","ea62c1c6-550b-4238-8ea7-c55a85d86be8","pass","True","False","False","False","Microsoft Services","updates.teams.cloud.microsoft","False","False",,,"f8cdef31-a31e-4b4a-93e4-5f571e91255a","True","True","False","False","False",,"Application","https://updates.teams.cloud.microsoft;https://ppe.updates.teams.cloud.microsoft;https://gcc.updates.teams.cloud.microsoft;https://reports.teams.microsoft.com;https://reports-ppe.teams.microsoft.com;https://reports-int.teams.microsoft.com;ea62c1c6-550b-4238-8ea7-c55a85d86be8;api://flworchestrator-int.teams.microsoft.com/ea62c1c6-550b-4238-8ea7-c55a85d86be8;api://flworchestrator-ppe.teams.microsoft.com/ea62c1c6-550b-4238-8ea7-c55a85d86be8;api://flworchestrator.teams.microsoft.com/ea62c1c6-550b-4238-8ea7-c55a85d86be8","True","False","",,"OpenID Connect","False","Microsoft;No OAuth grants","","","0"
"Application Insights API","f5c26e74-f226-4ae8-85f0-b4af0080ac9e","pass","True","False","False","False","Microsoft Services","api5.applicationinsights.io","False","False","Microsoft Corporation","5206095","f8cdef31-a31e-4b4a-93e4-5f571e91255a","True","True","True","False","False",,"Application","https://api5.applicationinsights.io;https://api4.applicationinsights.io;https://api3.applicationinsights.io;https://api2.applicationinsights.io;https://api1.applicationinsights.io;https://api5.aimon.applicationinsights.io;https://api4.aimon.applicationinsights.io;https://api3.aimon.applicationinsights.io;https://api2.aimon.applicationinsights.io;https://api1.aimon.applicationinsights.io;https://api.aimon.applicationinsights.io/;https://api.applicationinsights.io/;https://api.applicationinsights.io;https://api.aimon.applicationinsights.io;f5c26e74-f226-4ae8-85f0-b4af0080ac9e","False","False","",,"OpenID Connect","False","Microsoft;No OAuth grants","","","0"
"D365 Sales Agent - Competitor (Microsoft Copilot Studio)","19f65e7b-679c-4ca8-80e7-9fb513f22e55","pass","False","False","True","False","Base-IT Intune.cc",,"False","False",,,"a65f6b72-abef-4f0b-88d6-3256be9a72d1","False","False","False","False","False",,"Application","19f65e7b-679c-4ca8-80e7-9fb513f22e55","False","False","AgenticApp;AIAgentBuilder;AgentCreatedBy:CopilotStudio;AgenticInstance;power-virtual-agents-035a7eed-8a20-a306-66aa-a50b878bebcb","This application is required to support messaging and authentication for an individual chatbot built with Power Virtual Agents. Power Platform Environment: '19dde003-f47b-e12b-bdf6-e963eddc0758', Bot Id: '035a7eed-8a20-a306-66aa-a50b878bebcb', More information: https://go.microsoft.com/fwlink/?linkid=2096220","Disabled","False","Home Tenant;No OAuth grants","","","0"
"Kaizala Sync Service","d82073ec-4d7c-4851-9c5d-5d97a911d71d","pass","True","False","False","False","Microsoft Services",,"False","False",,,"f8cdef31-a31e-4b4a-93e4-5f571e91255a","True","True","False","False","False",,"Application","d82073ec-4d7c-4851-9c5d-5d97a911d71d","False","False","",,"Disabled","False","Microsoft;No OAuth grants","","","0"
"CA-Export-Test","4cbbbde2-8f72-4c49-8dcd-76aa3305dcc8","pass","False","False","True","True","Base-IT Intune.cc",,"False","False",,,"a65f6b72-abef-4f0b-88d6-3256be9a72d1","False","False","False","True","False",,"Application","4cbbbde2-8f72-4c49-8dcd-76aa3305dcc8","False","False","WindowsAzureActiveDirectoryIntegratedApp;HideApp",,"Disabled","True","Home Tenant;Hidden;staleApps;No OAuth grants","","","0"
"Azure Security for IoT","cfbd4387-1a16-4945-83c0-ec10e46cd4da","pass","True","False","False","False","Microsoft Services",,"False","False",,,"f8cdef31-a31e-4b4a-93e4-5f571e91255a","True","True","False","False","False",,"Application","cfbd4387-1a16-4945-83c0-ec10e46cd4da","False","False","",,"Disabled","False","Microsoft;No OAuth grants","","","0"
"Defender for IoT - Management","3157152d-b5ae-4606-a145-6c660069bc5e","pass","True","False","False","False","Microsoft Services",,"False","False",,,"f8cdef31-a31e-4b4a-93e4-5f571e91255a","True","True","False","False","False",,"Application","3157152d-b5ae-4606-a145-6c660069bc5e","False","False","GitCreatedApp;disableLegacyUserImpersonationResource;disableLegacyUserImpersonationClient",,"Disabled","False","Microsoft;No OAuth grants","","","0"
"Azure Multi-Factor Auth Client","981f26a1-7f43-403b-a875-f8b09b8cd720","pass","True","False","False","False","Microsoft Services",,"False","False",,,"f8cdef31-a31e-4b4a-93e4-5f571e91255a","True","True","False","False","False",,"Application","981f26a1-7f43-403b-a875-f8b09b8cd720","False","False","disableLegacyUserImpersonationClient;disableLegacyUserImpersonationResource",,"OpenID Connect","False","Microsoft;No OAuth grants","","","0"
"heimi-pptx-0001-resource/projects/heimi-pptx-0001","804bfdeb-592c-4bfe-a70f-250bfe30db92","pass","True","False","False","False",,"identity.azure.net","True","False",,,,"False","False","False","False","False",,"ManagedIdentity","804bfdeb-592c-4bfe-a70f-250bfe30db92;https://identity.azure.net/doVKbf/l888e7gKUzU0Hgrf4eMg2QUX7Py8N83nHLyQ=","True","False","AgentCreatedBy:Foundry;AgenticInstance",,"Disabled","False","Microsoft;No OAuth grants","","","0"
"IntuneCC-Kali","948fd96d-2428-4b81-990a-3aa1d8cef629","pass","True","False","False","False",,"identity.azure.net","True","False",,,,"False","False","False","False","False",,"ManagedIdentity","https://identity.azure.net/etWmSy2D5hkvWH+gCOE2C8JP11ceJ6XE0s2EHP7Fbdc=;948fd96d-2428-4b81-990a-3aa1d8cef629","True","False","",,"Disabled","False","Microsoft;No OAuth grants","","","0"
"Agent (Microsoft Copilot Studio)","095c42cb-9d4e-4ac5-a4b1-adec0b8926da","pass","False","False","True","False","Base-IT Intune.cc",,"False","False",,,"a65f6b72-abef-4f0b-88d6-3256be9a72d1","False","False","False","False","False",,"Application","095c42cb-9d4e-4ac5-a4b1-adec0b8926da","False","False","AgenticApp;AIAgentBuilder;AgentCreatedBy:CopilotStudio;AgenticInstance;power-virtual-agents-289cb4ef-67c7-dc6b-69a4-f4020f9e8659","This application is required to support messaging and authentication for an individual chatbot built with Power Virtual Agents. Power Platform Environment: '043be92b-06ca-e3ae-97f9-61cb35f0c75c', Bot Id: '289cb4ef-67c7-dc6b-69a4-f4020f9e8659', More information: https://go.microsoft.com/fwlink/?linkid=2096220","Disabled","False","Home Tenant;No OAuth grants","","","0"
"Azure HDInsight Service","9191c4da-09fe-49d9-a5f1-d41cbe92ad95","pass","True","False","False","False","Microsoft Services","management.azurehdinsight.net","False","False","Microsoft Corporation","5206095","f8cdef31-a31e-4b4a-93e4-5f571e91255a","True","True","True","False","False",,"Application","9191c4da-09fe-49d9-a5f1-d41cbe92ad95;https://management.azurehdinsight.net","False","False","disableLegacyUserImpersonationResource;disableLegacyUserImpersonationClient",,"Disabled","False","Microsoft;No OAuth grants","","","0"
"AVD001-0","89cdebec-17da-4bea-8ae0-abf454015b32","pass","True","False","False","False",,"identity.azure.net","True","False",,,,"False","False","False","False","False",,"ManagedIdentity","https://identity.azure.net/QrYunwh3so3/fidbikHjqVi6OqKAUI2z9yciitb2YAY=;89cdebec-17da-4bea-8ae0-abf454015b32","True","False","",,"Disabled","False","Microsoft;No OAuth grants","","","0"
"BasZi-SC-Intune.cc","0cf5361f-f28b-4187-baae-7c32adb8267e","pass","False","False","True","True","Base-IT Intune.cc",,"False","False",,,"a65f6b72-abef-4f0b-88d6-3256be9a72d1","False","False","False","True","False",,"Application","0cf5361f-f28b-4187-baae-7c32adb8267e","False","False","HideApp;WindowsAzureActiveDirectoryIntegratedApp",,"Disabled","True","Home Tenant;Hidden;staleApps;No OAuth grants","","","0"
"ProductsLifecycleApp","c09dc6d6-3bff-482b-8e40-68b3ad65f3fa","pass","True","False","False","False","Microsoft Services",,"False","False",,,"f8cdef31-a31e-4b4a-93e4-5f571e91255a","True","True","False","False","False",,"Application","c09dc6d6-3bff-482b-8e40-68b3ad65f3fa","False","False","",,"Disabled","False","Microsoft;No OAuth grants","","","0"
"Azure App Configuration","35ffadb3-7fc1-497e-b61b-381d28e744cc","pass","True","False","False","False","Microsoft Services","azconfig.io","False","False","Microsoft Corporation","5206095","f8cdef31-a31e-4b4a-93e4-5f571e91255a","True","True","True","False","False",,"Application","https://azconfig.io;35ffadb3-7fc1-497e-b61b-381d28e744cc","False","False","",,"OpenID Connect","False","Microsoft;No OAuth grants","","","0"
"Azure Monitor Restricted","035f9e1d-4f00-4419-bf50-bf2d87eb4878","pass","True","False","False","False","Microsoft Services","monitoring.azure.us","False","False",,,"f8cdef31-a31e-4b4a-93e4-5f571e91255a","True","True","False","False","False",,"Application","https://monitoring.azure.us/;https://monitoring.azure.com/;https://ingestion.monitor.azure.com/;035f9e1d-4f00-4419-bf50-bf2d87eb4878","True","False","",,"Disabled","False","Microsoft;No OAuth grants","","","0"
"Agent Details Retreival (Microsoft Copilot Studio)","62da6445-33de-4003-972c-226dd7ca9d36","pass","False","False","False","False",,,"False","False",,,,"False","False","False","False","False",,"ServiceIdentity","62da6445-33de-4003-972c-226dd7ca9d36","False","False","",,"Disabled","False","No OAuth grants","","","0"
"ismar-test","beb7d98e-7b22-4eab-9af4-9df35bbf0a88","pass","False","False","True","True","Base-IT Intune.cc",,"False","False",,,"a65f6b72-abef-4f0b-88d6-3256be9a72d1","False","False","False","True","False",,"Application","beb7d98e-7b22-4eab-9af4-9df35bbf0a88","False","False","HideApp;WindowsAzureActiveDirectoryIntegratedApp",,"Disabled","False","Home Tenant;Hidden;No OAuth grants","","","0"
"Security Copilot","bb5ffd56-39eb-458c-a53a-775ba21277da","pass","True","False","False","False","Microsoft Services",,"False","False",,,"f8cdef31-a31e-4b4a-93e4-5f571e91255a","True","True","False","False","False",,"Application","bb5ffd56-39eb-458c-a53a-775ba21277da","False","False","",,"OpenID Connect","False","Microsoft;No OAuth grants","","","0"
"Outlook Web App Widgets","87223343-80b1-4097-be13-2332ffa1d666","pass","True","False","False","False","Microsoft Services",,"False","False",,,"f8cdef31-a31e-4b4a-93e4-5f571e91255a","True","True","False","False","False",,"Application","87223343-80b1-4097-be13-2332ffa1d666","False","False","disableRequestingTenantedPassthroughTokens;disableAcceptingTenantedPassthroughTokens",,"OpenID Connect","False","Microsoft;No OAuth grants","","","0"
"KaizalaActionsPlatform","9bb724a5-4639-438c-969b-e184b2b1e264","pass","True","False","False","False","Microsoft Services","actions-perf.kaiza.la","False","False",,,"f8cdef31-a31e-4b4a-93e4-5f571e91255a","True","True","False","False","False",,"Application","https://actions-perf.kaiza.la;https://actionsplatform-alpha.kaiza.la;https://actionsplatform-preprod.kaiza.la;https://actionsplatform.kaiza.la;9bb724a5-4639-438c-969b-e184b2b1e264;https://actionsplatform-fasttrack.kaiza.la;https://edog.actions.office365.com;https://actions.office365.com;https://fasttrack.edog.actions.office365.com;https://int.actions.office365.com;https://gcc.actions.office365.us","True","False","",,"OpenID Connect","False","Microsoft;No OAuth grants","","","0"
"Microsoft Edge management service","ff846ae4-7ec9-42f4-8576-eb14198ad5e1","pass","True","False","False","False","Microsoft Services",,"False","False",,,"f8cdef31-a31e-4b4a-93e4-5f571e91255a","True","True","False","False","False",,"Application","ff846ae4-7ec9-42f4-8576-eb14198ad5e1","False","False","disableLegacyUserImpersonationResource;disableLegacyUserImpersonationClient",,"Disabled","False","Microsoft;No OAuth grants","","","0"
"Mite Test","bedb3bd3-7fe5-43fb-b3e0-2f008add9f71","pass","False","False","True","False","Base-IT Intune.cc",,"False","False",,,"a65f6b72-abef-4f0b-88d6-3256be9a72d1","False","False","False","True","False",,"Application","bedb3bd3-7fe5-43fb-b3e0-2f008add9f71","False","False","WindowsAzureActiveDirectoryIntegratedApp;WindowsAzureActiveDirectoryCustomSingleSignOnApplication",,"Password (legacy)","True","Home Tenant;staleApps;No OAuth grants","","","0"
"HCI updates status reader","d4192bbf-4879-4216-b70e-0a8ab3612023","pass","True","False","False","False","Microsoft Services",,"False","False","Microsoft Corporation","5206095","f8cdef31-a31e-4b4a-93e4-5f571e91255a","True","True","True","False","False",,"Application","d4192bbf-4879-4216-b70e-0a8ab3612023","False","False","GitCreatedApp;disableLegacyUserImpersonationResource;disableLegacyUserImpersonationClient",,"Disabled","False","Microsoft;No OAuth grants","","","0"
"MicrosoftEntraIDReputationManagementServices","81ca2f57-06b8-4597-9eee-ad8f700c5106","pass","True","False","False","False","Microsoft Services",,"False","False",,,"f8cdef31-a31e-4b4a-93e4-5f571e91255a","True","True","False","False","False",,"Application","81ca2f57-06b8-4597-9eee-ad8f700c5106","False","False","disableLegacyUserImpersonationClient;disableLegacyUserImpersonationResource;GitCreatedApp",,"Disabled","False","Microsoft;No OAuth grants","","","0"
"Skype For Business Powershell Server Application","39624784-6cbe-4a60-afbe-9f46d10fdb27","pass","True","False","False","False","Microsoft Services","teamsconfigapi-int.trafficmanager.net","False","False",,,"f8cdef31-a31e-4b4a-93e4-5f571e91255a","True","True","False","False","False",,"Application","39624784-6cbe-4a60-afbe-9f46d10fdb27;https://teamsconfigapi-int.trafficmanager.net/;https://adminSN44A.infra.lync.com/OcsPowershellOAuth;https://adminCO24A.infra.lync.com/OcsPowershellOAuth;https://admin4A.online.lync.com/OcsPowershellOAuth;https://admin4A.online.lync.com/OcsPowershellWebservice;https://admin4A.online.lync.com/HostedMigration;https://adminSN44A.infra.lync.com/HostedMigration;https://adminCO24A.infra.lync.com/HostedMigration;https://adminDB50E.infra.lync.com/HostedMigration;https://adminDB50E.infra.lync.com/OcsPowershellOAuth;https://admincy12G.infra.gov.skypeforbusiness.us/OcsPowershellWebservice;https://adminBN32G.infra.gov.skypeforbusiness.us/OcsPowershellWebservice;https://admin2G.online.gov.skypeforbusiness.us/OcsPowershellWebservice;https://adminSN21G.infra.dod.skypeforbusiness.us/OcsPowershellWebservice;https://adminch11G.infra.dod.skypeforbusiness.us/OcsPowershellWebservice;https://admin1G.online.dod.skypeforbusiness.us/OcsPowershellWebservice;https://admincu00m.online.lync.com/HostedMigration;https://admincu00m.infra.lync.com/HostedMigration;https://admineu00m03.online.lync.com/HostedMigration;https://admineu00m03.infra.lync.com/HostedMigration;https://admincu00m03.online.lync.com/HostedMigration;https://admincu00m03.infra.lync.com/HostedMigration;https://admincu00m02.online.lync.com/HostedMigration;https://admincu00m02.infra.lync.com/HostedMigration;https://admincu00m01.online.lync.com/HostedMigration;https://admincu00m01.infra.lync.com/HostedMigration;https://admincy12G.infra.gov.skypeforbusiness.us/HostedMigration;https://adminBN32G.infra.gov.skypeforbusiness.us/HostedMigration;https://admin2G.online.gov.skypeforbusiness.us/HostedMigration;https://adminSN21G.infra.dod.skypeforbusiness.us/HostedMigration;https://adminch11G.infra.dod.skypeforbusiness.us/HostedMigration;https://admin1G.online.dod.skypeforbusiness.us/HostedMigration;https://adminytoca1.infra.lync.com/HostedMigration;https://adminyqbca1.infra.lync.com/HostedMigration;https://adminty1jp1.infra.lync.com/HostedMigration;https://adminsy3au1.infra.lync.com/HostedMigration;https://adminSN23A.infra.lync.com/HostedMigration;https://adminSN20B.infra.lync.com/HostedMigration;https://adminSN20A.infra.lync.com/HostedMigration;https://adminSG20F.infra.lync.com/HostedMigration;https://adminpnqin1.infra.lync.com/HostedMigration;https://adminos2jp1.infra.lync.com/HostedMigration;https://adminme1au1.infra.lync.com/HostedMigration;https://adminmaaIN1.infra.lync.com/HostedMigration;https://adminHKN0F.infra.lync.com/HostedMigration;https://adminDM21b.infra.lync.com/HostedMigration;https://adminDM21A.infra.lync.com/HostedMigration;https://adminDM20M.infra.lync.com/HostedMigration;https://admindm12a.infra.lync.com/HostedMigration;https://adminDM10B.infra.lync.com/HostedMigration;https://admindm10a.infra.lync.com/HostedMigration;https://adminDB41M.infra.lync.com/HostedMigration;https://adminDB41E.infra.lync.com/HostedMigration;https://adminDB40E.infra.lync.com/HostedMigration;https://adminBN11b.infra.lync.com/HostedMigration;https://adminBN11A.infra.lync.com/HostedMigration;https://adminBN10M.infra.lync.com/HostedMigration;https://adminblu3a.infra.lync.com/HostedMigration;https://adminblu2a.infra.lync.com/HostedMigration;https://adminBLU0B.infra.lync.com/HostedMigration;https://adminBL20B.infra.lync.com/HostedMigration;https://adminBL20A.infra.lync.com/HostedMigration;https://adminAM41M.infra.lync.com/HostedMigration;https://adminAM41E.infra.lync.com/HostedMigration;https://adminAM30E.infra.lync.com/HostedMigration;https://adminjp1.online.lync.com/HostedMigration;https://adminIN1.online.lync.com/HostedMigration;https://adminca1.online.lync.com/HostedMigration;https://adminau1.online.lync.com/HostedMigration;https://admin3a.online.lync.com/HostedMigration;https://admin1M.online.lync.com/HostedMigration;https://admin1E.online.lync.com/HostedMigration;https://admin1A.online.lync.com/HostedMigration;https://admin0M.online.lync.com/HostedMigration;https://admin0F.online.lync.com/HostedMigration;https://admin0E.online.lync.com/HostedMigration;https://admin0B.online.lync.com/HostedMigration;https://admin0A.online.lync.com/HostedMigration;https://admin1b.online.lync.com/HostedMigration;https://admin2a.online.lync.com/HostedMigration;https://admineu00m02.infra.lync.com/HostedMigration;https://admineu00m02.online.lync.com/HostedMigration;https://admineu00m02.online.lync.com/OcsPowershellOAuth;https://admineu00m02.online.lync.com/OcsPowershellWebservice;https://admineu00m02.infra.lync.com/OcsPowershellOAuth;https://admineu00m02.infra.lync.com/OcsPowershellWebservice;https://admin2a.online.lync.com/OcsPowershellOAuth;https://admin1b.online.lync.com/OcsPowershellOAuth;https://admin1e.online.lync.com/OcsPowershellWebservice;https://admin0e.online.lync.com/OcsPowershellWebservice;https://admin1b.online.lync.com/OcsPowershellWebservice;https://admin0b.online.lync.com/OcsPowershellWebservice;https://admin2a.online.lync.com/OcsPowershellWebservice;https://admin1a.online.lync.com/OcsPowershellWebservice;https://admin0a.online.lync.com/OcsPowershellWebservice;https://admin0m.online.lync.com/OcsPowershellWebservice;https://admin1m.online.lync.com/OcsPowershellWebservice;https://admin0A.online.lync.com/OcsPowershellOAuth;https://admin0B.online.lync.com/OcsPowershellOAuth;https://admin0E.online.lync.com/OcsPowershellOAuth;https://admin0F.online.lync.com/OcsPowershellOAuth;https://admin0M.online.lync.com/OcsPowershellOAuth;https://admin1A.online.lync.com/OcsPowershellOAuth;https://admin1E.online.lync.com/OcsPowershellOAuth;https://admin1M.online.lync.com/OcsPowershellOAuth;https://admin3a.online.lync.com/OcsPowershellOAuth;https://adminau1.online.lync.com/OcsPowershellOAuth;https://adminca1.online.lync.com/OcsPowershellOAuth;https://adminIN1.online.lync.com/OcsPowershellOAuth;https://adminjp1.online.lync.com/OcsPowershellOAuth;https://adminAM30E.infra.lync.com/OcsPowershellOAuth;https://adminAM41E.infra.lync.com/OcsPowershellOAuth;https://adminAM41M.infra.lync.com/OcsPowershellOAuth;https://adminBL20A.infra.lync.com/OcsPowershellOAuth;https://adminBL20B.infra.lync.com/OcsPowershellOAuth;https://adminBLU0B.infra.lync.com/OcsPowershellOAuth;https://adminblu2a.infra.lync.com/OcsPowershellOAuth;https://adminblu3a.infra.lync.com/OcsPowershellOAuth;https://adminBN10M.infra.lync.com/OcsPowershellOAuth;https://adminBN11A.infra.lync.com/OcsPowershellOAuth;https://adminBN11b.infra.lync.com/OcsPowershellOAuth;https://adminDB40E.infra.lync.com/OcsPowershellOAuth;https://adminDB41E.infra.lync.com/OcsPowershellOAuth;https://adminDB41M.infra.lync.com/OcsPowershellOAuth;https://admindm10a.infra.lync.com/OcsPowershellOAuth;https://adminDM10B.infra.lync.com/OcsPowershellOAuth;https://admindm12a.infra.lync.com/OcsPowershellOAuth;https://adminDM20M.infra.lync.com/OcsPowershellOAuth;https://adminDM21A.infra.lync.com/OcsPowershellOAuth;https://adminDM21b.infra.lync.com/OcsPowershellOAuth;https://adminHKN0F.infra.lync.com/OcsPowershellOAuth;https://adminmaaIN1.infra.lync.com/OcsPowershellOAuth;https://adminme1au1.infra.lync.com/OcsPowershellOAuth;https://adminos2jp1.infra.lync.com/OcsPowershellOAuth;https://adminpnqin1.infra.lync.com/OcsPowershellOAuth;https://adminSG20F.infra.lync.com/OcsPowershellOAuth;https://adminSN20A.infra.lync.com/OcsPowershellOAuth;https://adminSN20B.infra.lync.com/OcsPowershellOAuth;https://adminSN23A.infra.lync.com/OcsPowershellOAuth;https://adminsy3au1.infra.lync.com/OcsPowershellOAuth;https://adminty1jp1.infra.lync.com/OcsPowershellOAuth;https://adminyqbca1.infra.lync.com/OcsPowershellOAuth;https://adminytoca1.infra.lync.com/OcsPowershellOAuth;https://admin1G.online.dod.skypeforbusiness.us/OcsPowershellOAuth;https://adminch11G.infra.dod.skypeforbusiness.us/OcsPowershellOAuth;https://adminSN21G.infra.dod.skypeforbusiness.us/OcsPowershellOAuth;https://admin2G.online.gov.skypeforbusiness.us/OcsPowershellOAuth;https://adminBN32G.infra.gov.skypeforbusiness.us/OcsPowershellOAuth;https://admincy12G.infra.gov.skypeforbusiness.us/OcsPowershellOAuth;https://admincu00m01.infra.lync.com/OcsPowershellWebservice;https://admincu00m01.infra.lync.com/OcsPowershellOAuth;https://admincu00m01.online.lync.com/OcsPowershellWebservice;https://admincu00m01.online.lync.com/OcsPowershellOAuth;https://admincu00m02.infra.lync.com/OcsPowershellWebservice;https://admincu00m02.infra.lync.com/OcsPowershellOAuth;https://admincu00m02.online.lync.com/OcsPowershellWebservice;https://admincu00m02.online.lync.com/OcsPowershellOAuth;https://admincu00m03.infra.lync.com/OcsPowershellWebservice;https://admincu00m03.infra.lync.com/OcsPowershellOAuth;https://admincu00m03.online.lync.com/OcsPowershellWebservice;https://admincu00m03.online.lync.com/OcsPowershellOAuth;https://admineu00m03.infra.lync.com/OcsPowershellWebservice;https://admineu00m03.infra.lync.com/OcsPowershellOAuth;https://admineu00m03.online.lync.com/OcsPowershellWebservice;https://admineu00m03.online.lync.com/OcsPowershellOAuth;https://admincu00m.infra.lync.com/OcsPowershellWebservice;https://admincu00m.infra.lync.com/OcsPowershellOAuth;https://admincu00m.online.lync.com/OcsPowershellWebservice;https://admincu00m.online.lync.com/OcsPowershellOAuth","False","False","",,"Disabled","False","Microsoft;No OAuth grants","","","0"
"Office365 Zoom","0d38933a-0bbd-41ca-9ebd-28c4b5ba7cb7","pass","True","False","False","False","Microsoft Services","aedsdf.trafficmanager.net","False","False",,,"f8cdef31-a31e-4b4a-93e4-5f571e91255a","True","True","False","False","False",,"Application","https://aedsdf.trafficmanager.net;https://aedglobal.trafficmanager.net;https://l5office365zoom.usgovcloudapp.net;https://l4office365zoom.usgovcloudapp.net;https://aedrouting.ediscovery.office.com;https://office365zoom.cloudapp.net;https://zoom-ppe.cloudapp.net;0d38933a-0bbd-41ca-9ebd-28c4b5ba7cb7;https://cpfdwebservicecloudapp.net;https://graphservice.ediscovery.office365.com;https://dod.graphservice.ediscovery.office365.us;https://gcch.graphservice.ediscovery.office365.us","True","False","",,"OpenID Connect","False","Microsoft;No OAuth grants","","","0"
"Policy Administration Service","0469d4cd-df37-4d93-8a61-f8c75b809164","pass","True","False","False","False","Microsoft Services","pas.windows.net","True","False",,,"f8cdef31-a31e-4b4a-93e4-5f571e91255a","True","True","False","False","False",,"Application","0469d4cd-df37-4d93-8a61-f8c75b809164;https://pas.windows.net;https://pas.windows.net/;https://authorization.microsoft.com","True","False","",,"OpenID Connect","False","Microsoft;No OAuth grants","","","0"
"AzNS EventHub Action","58ef1dbd-684c-47d6-8ffc-61ea7a197b95","pass","True","False","False","False","Microsoft Services",,"False","False","Microsoft Corporation","5206095","f8cdef31-a31e-4b4a-93e4-5f571e91255a","True","True","True","False","False",,"Application","58ef1dbd-684c-47d6-8ffc-61ea7a197b95","False","False","",,"Disabled","False","Microsoft;No OAuth grants","","","0"
"aks-hunfa-8ks-pod-agentpool","c9e49362-bf48-49ef-86c4-6932dbd3d85b","pass","True","False","False","False",,"identity.azure.net","True","False",,,,"False","False","False","False","False",,"ManagedIdentity","c9e49362-bf48-49ef-86c4-6932dbd3d85b;https://identity.azure.net/Wpi3dLbFU0n3EoeQUE2MoZ5KsvgFmYS8Y1qLgdojGiY=","True","False","",,"Disabled","False","Microsoft;No OAuth grants","","","0"
"Microsoft Teams Copilot Bot","8e55a7b1-6766-4f0a-8610-ecacfe3d569a","pass","True","False","False","False","Microsoft Services","botid-8e55a7b1-6766-4f0a-8610-ecacfe3d569a","False","False",,,"f8cdef31-a31e-4b4a-93e4-5f571e91255a","True","True","False","False","False",,"Application","8e55a7b1-6766-4f0a-8610-ecacfe3d569a;api://botid-8e55a7b1-6766-4f0a-8610-ecacfe3d569a;https://tgcb.teams.core.microsoft","True","False","disableLegacyUserImpersonationClient;disableLegacyUserImpersonationResource;GitCreatedApp",,"OpenID Connect","False","Microsoft;No OAuth grants","","","0"
"Internal_AccessScope","3f9bd1ee-5a72-4ad3-b67d-cb016f935bcf","pass","True","False","False","False","Microsoft","featureconfiguration.onmicrosoft.com","False","False",,,"0d2db716-b331-4d7b-aa37-7f1ac9d35dae","False","True","False","False","False",,"Application","3f9bd1ee-5a72-4ad3-b67d-cb016f935bcf;http://featureconfiguration.onmicrosoft.com/Internal_AccessScope","True","False","",,"OpenID Connect","False","Microsoft;No OAuth grants","","","0"
"Audit GraphAPI Application","4bfd5d66-9285-44a1-bb14-14953e8cdf5e","pass","True","False","False","False","Microsoft Services",,"False","False",,,"f8cdef31-a31e-4b4a-93e4-5f571e91255a","True","True","False","False","False",,"Application","4bfd5d66-9285-44a1-bb14-14953e8cdf5e","False","False","",,"Disabled","False","Microsoft;No OAuth grants","","","0"
"CompliancePolicy","644c1b11-f63f-45fa-826b-a9d2801db711","pass","True","False","False","False","Microsoft Services","substrate.office.com","True","False",,,"f8cdef31-a31e-4b4a-93e4-5f571e91255a","True","True","False","False","False",,"Application","https://substrate.office.com/CompliancePolicySyncService;https://substrate.office.com/CompliancePolicy;644c1b11-f63f-45fa-826b-a9d2801db711","True","False","",,"Disabled","False","Microsoft;No OAuth grants","","","0"
"Bot Service Token Store","5b404cf4-a79d-4cfe-b866-24bf8e1a4921","pass","True","False","False","False","Microsoft Services",,"False","False","Microsoft Corporation","5206095","f8cdef31-a31e-4b4a-93e4-5f571e91255a","True","True","True","False","False",,"Application","5b404cf4-a79d-4cfe-b866-24bf8e1a4921","False","False","",,"Disabled","False","Microsoft;No OAuth grants","","","0"
"AuiSe-Block-EntraIDUser-Incident","9cd30986-19c9-4195-becb-bcd56c771bad","pass","True","False","False","False",,"identity.azure.net","True","False",,,,"False","False","False","False","False",,"ManagedIdentity","9cd30986-19c9-4195-becb-bcd56c771bad;https://identity.azure.net/rzNNt9brXNTZJ1wsfKCByJFRq1ls+HLddCzKtroUsqE=","True","False","",,"Disabled","False","Microsoft;No OAuth grants","","","0"
"Microsoft SaaS Hub Resource Provider AirCapi","b513474b-6307-4686-b541-ed4d130cdf84","pass","True","False","False","False","Microsoft Services",,"False","False",,,"f8cdef31-a31e-4b4a-93e4-5f571e91255a","True","True","False","False","False",,"Application","b513474b-6307-4686-b541-ed4d130cdf84","False","False","disableLegacyUserImpersonationClient;disableLegacyUserImpersonationResource;GitCreatedApp",,"Disabled","False","Microsoft;No OAuth grants","","","0"
"Bot Framework Dev Portal","f3723d34-6ff5-4ceb-a148-d99dcd2511fc","pass","True","False","False","False","Microsoft Services","dev.botframework.com","False","False","Microsoft Corporation","5206095","f8cdef31-a31e-4b4a-93e4-5f571e91255a","True","True","True","False","False",,"Application","https://dev.botframework.com/;https://scratch.botframework.com/;https://ppe.botframework.com/;https://local.botframework.com/;f3723d34-6ff5-4ceb-a148-d99dcd2511fc","False","False","",,"OpenID Connect","False","Microsoft;No OAuth grants","","","0"
"Designer","5e2795e3-ce8c-4cfb-b302-35fe5cd01597","pass","True","False","False","False","Microsoft Services","designerappservice.officeapps.live.com","True","False",,,"f8cdef31-a31e-4b4a-93e4-5f571e91255a","True","True","False","False","False",,"Application","5e2795e3-ce8c-4cfb-b302-35fe5cd01597;https://designerappservice.officeapps.live.com;api://botid-5e2795e3-ce8c-4cfb-b302-35fe5cd01597;api://designer.microsoft.com/botid-5e2795e3-ce8c-4cfb-b302-35fe5cd01597","True","False","",,"OpenID Connect","False","Microsoft;No OAuth grants","","","0"
"Microsoft Discovery Service","6f82282e-0070-4e78-bc23-e6320c5fa7de","pass","True","False","False","False","Microsoft Services","api.office.com","True","False",,,"f8cdef31-a31e-4b4a-93e4-5f571e91255a","True","True","False","False","False",,"Application","https://api.office.com/discovery/;https://api.office.com/discovery;6f82282e-0070-4e78-bc23-e6320c5fa7de;6f82282e-0070-4e78-bc23-e6320c5fa7de/odc.officeapps.live.com;6f82282e-0070-4e78-bc23-e6320c5fa7de/api.office.com","True","False","",,"Disabled","False","Microsoft;No OAuth grants","","","0"
"TISAX-Richtlinienagent (Kopie) (Microsoft Copilot Studio)","4a82b801-0044-4a9d-8dfa-067575e59172","pass","False","False","True","False","Base-IT Intune.cc",,"False","False",,,"a65f6b72-abef-4f0b-88d6-3256be9a72d1","False","False","False","False","False",,"Application","4a82b801-0044-4a9d-8dfa-067575e59172","False","False","AgenticApp;AIAgentBuilder;AgentCreatedBy:CopilotStudio;AgenticInstance;power-virtual-agents-15c8ac2e-735b-1498-5acc-0c0defd660d7","This application is required to support messaging and authentication for an individual chatbot built with Power Virtual Agents. Power Platform Environment: '035a17de-c1e1-e6f2-abe2-ee8e69d5c556', Bot Id: '15c8ac2e-735b-1498-5acc-0c0defd660d7', More information: https://go.microsoft.com/fwlink/?linkid=2096220","Disabled","False","Home Tenant;No OAuth grants","","","0"
"Microsoft Dynamics 365 Apps Integration","44a02aaa-7145-4925-9dcd-79e6e1b94eff","pass","True","False","False","False","Microsoft Services","msteamstabservicedailybrijshah.com","False","False",,,"f8cdef31-a31e-4b4a-93e4-5f571e91255a","True","True","False","False","False",,"Application","44a02aaa-7145-4925-9dcd-79e6e1b94eff;api://msteamstabservicedailybrijshah.com/botid-8343b7d7-29b0-406a-afda-90b3dc33f2be/access_as_user;api://msteamstabservicedailybrijshah.com/botid-8343b7d7-29b0-406a-afda-90b3dc33f2be;api://msteamstabintegration.dynamics.com/botid-f6c75af1-3843-4ef7-b85d-7d42c2e10ee5;api://msteamstabservice.crmlivetie.com/botid-47969696-3844-491d-bfa5-f0ca0fe05bf1;api://msteamstabintegration.dynamics.com/botid-bb7dc610-6d2a-4ad2-8a9f-f56280ced4e4;api://msteamstabservice.crmlivetie.com/botid-1b2678a6-0997-4541-b5d3-8c6978e15f3a;api://msteamstabservicedailybrijshah.com/botid-4cc5928c-082f-403e-9e57-e4605d48b63a/access_as_user;api://msteamstabservicedailybrijshah.com/botid-4cc5928c-082f-403e-9e57-e4605d48b63a","False","False","",,"OpenID Connect","False","Microsoft;No OAuth grants","","","0"
"Microsoft Information Protection Sync Service","870c4f2e-85b6-4d43-bdda-6ed9a579b725","pass","True","False","False","False","Microsoft Services","psor.o365syncservice.com","False","False",,,"f8cdef31-a31e-4b4a-93e4-5f571e91255a","True","True","False","False","False",,"Application","https://psor.o365syncservice.com;https://syncservice.o365syncservice.com;870c4f2e-85b6-4d43-bdda-6ed9a579b725","False","False","",,"Disabled","False","Microsoft;No OAuth grants","","","0"
"Log Analytics API","ca7f3f0b-7d91-482c-8e09-c5d840d0eac5","pass","True","False","False","False","Microsoft Services","westus2.api.loganalytics.io","False","False","Microsoft Corporation","5206095","f8cdef31-a31e-4b4a-93e4-5f571e91255a","True","True","True","False","False",,"Application","https://westus2.api.loganalytics.io;https://westus2.api.loganalytics.io/;https://southeastasia.api.loganalytics.io/;https://australiasoutheast.api.loganalytics.io/;https://westeurope.api.loganalytics.io/;https://westcentralus.api.loganalytics.io/;https://eastus.api.loganalytics.io/;https://api.loganalytics.io/;https://eastus.api.loganalytics.io;https://westcentralus.api.loganalytics.io;https://westeurope.api.loganalytics.io;https://australiasoutheast.api.loganalytics.io;https://southeastasia.api.loganalytics.io;https://api.loganalytics.io;ca7f3f0b-7d91-482c-8e09-c5d840d0eac5","False","False","",,"OpenID Connect","False","Microsoft;No OAuth grants","","","0"
"Universal Store Entitlements Service","bf7b96b3-68e4-4fd9-b697-637f0f1e778c","pass","True","False","False","False","Microsoft Services",,"False","False",,,"f8cdef31-a31e-4b4a-93e4-5f571e91255a","True","True","False","False","False",,"Application","bf7b96b3-68e4-4fd9-b697-637f0f1e778c","False","False","",,"Disabled","False","Microsoft;No OAuth grants","","","0"
"Hybrid Connectivity RP","e18cedde-9458-482f-9dd1-558c597ac42e","pass","True","False","False","False","Microsoft Services","e18cedde-9458-482f-9dd1-558c597ac42e","False","False",,,"f8cdef31-a31e-4b4a-93e4-5f571e91255a","True","True","False","False","False",,"Application","api://e18cedde-9458-482f-9dd1-558c597ac42e;e18cedde-9458-482f-9dd1-558c597ac42e","False","False","",,"Disabled","False","Microsoft;No OAuth grants","","","0"
"Enhanced Restore","08b89459-9692-4538-a815-43d03cc127eb","pass","True","False","False","False","Microsoft Services",,"False","False",,,"f8cdef31-a31e-4b4a-93e4-5f571e91255a","True","True","False","False","False",,"Application","08b89459-9692-4538-a815-43d03cc127eb","False","False","",,"Disabled","False","Microsoft;No OAuth grants","","","0"
"Microsoft Office Licensing Service","8d3a7d3c-c034-4f19-a2ef-8412952a9671","pass","True","False","False","False","Microsoft Services",,"False","False",,,"f8cdef31-a31e-4b4a-93e4-5f571e91255a","True","True","False","False","False",,"Application","8d3a7d3c-c034-4f19-a2ef-8412952a9671","False","False","",,"Disabled","False","Microsoft;No OAuth grants","","","0"
"DiscoveryBridgeApp","169d49bb-58d1-468d-a819-12c6e14750aa","pass","True","False","False","False","Microsoft Services",,"False","False",,,"f8cdef31-a31e-4b4a-93e4-5f571e91255a","True","True","False","False","False",,"Application","169d49bb-58d1-468d-a819-12c6e14750aa","False","False","disableLegacyUserImpersonationClient;disableLegacyUserImpersonationResource;GitCreatedApp",,"Disabled","False","Microsoft;No OAuth grants","","","0"
"Dynamics Lifecycle services","913c6de4-2a4a-4a61-a9ce-945d2b2ce2e0","pass","True","False","False","False","Microsoft Services","lcsapi.gov.lcs.microsoftdynamics.us","False","False","Microsoft Corporation","5206095","f8cdef31-a31e-4b4a-93e4-5f571e91255a","True","True","True","False","False",,"Application","https://lcsapi.gov.lcs.microsoftdynamics.us;https://lcsapi.no.lcs.dynamics.com;https://lcsapi.ch.lcs.dynamics.com;https://lcsapi.uae.lcs.dynamics.com;https://lcsapi.sa.lcs.dynamics.com;https://lcsapi.fr.lcs.dynamics.com;https://lcsapi.eu.lcs.dynamics.com;https://lcsapi.p2.lcs.int.dynamics.com;https://lcsapi.p2.lcs.dynamics.com;https://lcsapi.lcs.dynamics.com;https://lcsapi.lcs.int.dynamics.com;https://eu.lcs.int.dynamics.com;https://eu.lcs.dynamics.com;https://lcs.dynamics.com;https://lcs.int.dynamics.com;913c6de4-2a4a-4a61-a9ce-945d2b2ce2e0;https://fr.lcs.dynamics.com;https://uae.lcs.dynamics.com;https://sa.lcs.dynamics.com;https://no.lcs.dynamics.com;https://gov.lcs.microsoftdynamics.us;https://ch.lcs.dynamics.com;https://high.lcs.microsoftdynamics.us","True","False","",,"OpenID Connect","False","Microsoft;No OAuth grants","","","0"
"Azure Storage Actions Resource Provider Service","7d3471e1-ec8b-4655-92f3-bb331362b5ae","pass","True","False","False","False","Microsoft Services",,"False","False",,,"f8cdef31-a31e-4b4a-93e4-5f571e91255a","True","True","False","False","False",,"Application","7d3471e1-ec8b-4655-92f3-bb331362b5ae","False","False","disableLegacyUserImpersonationClient;disableLegacyUserImpersonationResource;GitCreatedApp",,"Disabled","False","Microsoft;No OAuth grants","","","0"
"Microsoft Intune","0000000a-0000-0000-c000-000000000000","pass","True","False","False","False","Microsoft Services","fef.msub09.manage.microsoft.com","True","False",,,"f8cdef31-a31e-4b4a-93e4-5f571e91255a","True","True","False","False","False",,"Application","https://fef.msub09.manage.microsoft.com;https://warehouse.manage.microsoft.com;https://warehouse.manage-beta.microsoft.com;https://warehouse.manage-selfhost.microsoft.com;https://fef.fxbasu01.manage.microsoft.us;https://fef.amsub0302.manage.microsoft.com;https://fef.amsub0202.manage.microsoft.com;https://fef.amsua0202.manage.microsoft.com;https://fef.amsua0402.manage.microsoft.com;https://fef.fxpasu01.manage.microsoft.us;https://manage-beta.microsoft.com;https://manage.microsoft.com;https://manage-beta.microsoft.com/;https://manage.microsoft.com/;https://manage-ppe.microsoft.us;https://manage.microsoft.us;https://manage-selfhost.microsoft.com;https://fef.tamsua02.manage-selfhost.microsoft.com;https://fef.shmsua01.manage-selfhost.microsoft.com;https://fef.bmsua01.manage-beta.microsoft.com;https://fef.bmsub01.manage-beta.microsoft.com;https://fef.msua07.manage.microsoft.com;https://fef.msub05.manage.microsoft.com;https://fef.msub03.manage.microsoft.com;https://fef.msub02.manage.microsoft.com;https://FEF.amsub0102.manage.microsoft.com;https://fef.msub01.manage.microsoft.com;https://fef.msuc05.manage.microsoft.com;https://fef.msuc03.manage.microsoft.com;https://fef.msuc02.manage.microsoft.com;https://fef.msuc01.manage.microsoft.com;https://fef.amsua0602.manage.microsoft.com;https://fef.msua06.manage.microsoft.com;https://fef.amsua0502.manage.microsoft.com;https://fef.msua05.manage.microsoft.com;https://fef.msua04.manage.microsoft.com;https://fef.msua02.manage.microsoft.com;https://fef.msua01.manage.microsoft.com;0000000a-0000-0000-c000-000000000000;0000000a-0000-0000-c000-000000000000/manage.microsoft.com;0000000a-0000-0000-c000-000000000000/manage-beta.microsoft.com;https://fef.shmsua02.manage-selfhost.microsoft.com;https://fef.amsub0502.manage.microsoft.com;https://fef.amsua0702.manage.microsoft.com;https://fef.amsua0102.manage.microsoft.com;https://fef.msud01.manage.microsoft.com;https://fef.fxbasu01.manage-ppe.microsoft.us;https://fef.msub06.manage.microsoft.com;https://fef.msua08.manage.microsoft.com;https://fef.msub07.manage.microsoft.com;https://manage-mig.microsoft.com;https://fef.migsu01.manage-mig.microsoft.com;https://fef.migsu02.manage-mig.microsoft.com;https://fef.amsuin01.manage.microsoft.com;https://fef.msuc06.manage.microsoft.com;https://fef.msua09.manage.microsoft.com","True","False","",,"OpenID Connect","False","Microsoft;No OAuth grants","","","0"
"OneDrive for Business Connector","969ec24d-a136-4cc5-85a8-363e8cef1973","pass","True","False","False","False","Microsoft Services",,"False","False",,,"f8cdef31-a31e-4b4a-93e4-5f571e91255a","True","True","False","False","False",,"Application","969ec24d-a136-4cc5-85a8-363e8cef1973","False","False","disableLegacyUserImpersonationClient;disableLegacyUserImpersonationResource;GitCreatedApp",,"OpenID Connect","False","Microsoft;No OAuth grants","","","0"
"Azure Marketplace Container Management API","737d58c1-397a-46e7-9d12-7d8c830883c2","pass","True","False","False","False","Microsoft Services","marketplacecms.azure.com","True","False",,,"f8cdef31-a31e-4b4a-93e4-5f571e91255a","True","True","False","False","False",,"Application","https://marketplacecms.azure.com;737d58c1-397a-46e7-9d12-7d8c830883c2","True","False","",,"OpenID Connect","False","Microsoft;No OAuth grants","","","0"
"ForPe-201001-AllOrganization-NoM365Copilot (Microsoft Copilot Studio)","e60aa376-50e4-4780-9649-39377232910b","pass","False","False","True","False","Base-IT Intune.cc",,"False","False",,,"a65f6b72-abef-4f0b-88d6-3256be9a72d1","False","False","False","False","False",,"Application","e60aa376-50e4-4780-9649-39377232910b","False","False","AgenticApp;AIAgentBuilder;AgentCreatedBy:CopilotStudio;AgenticInstance;power-virtual-agents-3eaf3cb7-35e8-6f3f-adb9-5d41aa216950","This application is required to support messaging and authentication for an individual chatbot built with Power Virtual Agents. Power Platform Environment: '035a17de-c1e1-e6f2-abe2-ee8e69d5c556', Bot Id: '3eaf3cb7-35e8-6f3f-adb9-5d41aa216950', More information: https://go.microsoft.com/fwlink/?linkid=2096220","Disabled","False","Home Tenant;No OAuth grants","","","0"
"sp-lanja-arc","76f230dc-1cce-49f4-b429-fc3b97282590","pass","False","False","True","False","Base-IT Intune.cc",,"False","False",,,"a65f6b72-abef-4f0b-88d6-3256be9a72d1","False","False","False","False","False",,"Application","76f230dc-1cce-49f4-b429-fc3b97282590","False","False","AzureArcSPN",,"Disabled","True","Home Tenant;staleApps;No OAuth grants","","","0"
"Microsoft Teams Analytics","5a128dfa-2ded-4deb-b088-fb73a9472488","pass","True","False","False","False","Microsoft Services","analytics.teams.microsoft.com","True","False",,,"f8cdef31-a31e-4b4a-93e4-5f571e91255a","True","True","False","False","False",,"Application","5a128dfa-2ded-4deb-b088-fb73a9472488;https://analytics.teams.microsoft.com;https://tas.teams.microsoft.com;https://tas.gcc.teams.microsoft.com;https://tas.gov.teams.microsoft.us;https://int.tas.teams.microsoft.com;https://tas-dogfood.teams.microsoft.com;https://msft.tas.teams.microsoft.com","True","False","disableLegacyUserImpersonationResource;disableLegacyUserImpersonationClient",,"OpenID Connect","False","Microsoft;No OAuth grants","","","0"
"Azure Information Protection","5b20c633-9a48-4a5f-95f6-dae91879051f","pass","True","False","False","False","Microsoft Services","api.informationprotection.azure.com","True","False",,,"f8cdef31-a31e-4b4a-93e4-5f571e91255a","True","True","False","False","False",,"Application","5b20c633-9a48-4a5f-95f6-dae91879051f;https://api.informationprotection.azure.com;https://audit.informationprotection.azure.com","True","False","",,"Disabled","False","Microsoft;No OAuth grants","","","0"
"Microsoft.ServiceBus","80a10ef9-8168-493d-abf9-3297c4ef6e3c","pass","True","False","False","False","Microsoft Services","servicebus.azure.net","True","False",,,"f8cdef31-a31e-4b4a-93e4-5f571e91255a","True","True","False","False","False",,"Application","https://servicebus.azure.net;80a10ef9-8168-493d-abf9-3297c4ef6e3c","True","False","",,"Disabled","False","Microsoft;No OAuth grants","","","0"
"CPIM Service","bb2a2e3a-c5e7-4f0a-88e0-8e01fd3fc1f4","pass","True","False","False","False","Microsoft Services",,"False","False",,,"f8cdef31-a31e-4b4a-93e4-5f571e91255a","True","True","False","False","False",,"Application","bb2a2e3a-c5e7-4f0a-88e0-8e01fd3fc1f4;https://*.cpim.windows.net/","True","False","",,"OpenID Connect","False","Microsoft;No OAuth grants","","","0"
"Microsoft Information Protection API","40775b29-2688-46b6-a3b5-b256bd04df9f","pass","True","False","False","False","Microsoft Services","api.mipwebservice.com","False","False",,,"f8cdef31-a31e-4b4a-93e4-5f571e91255a","True","True","False","False","False",,"Application","https://api.mipwebservice.com;40775b29-2688-46b6-a3b5-b256bd04df9f","False","False","",,"Disabled","False","Microsoft;No OAuth grants","","","0"
"Teams Admin Monitoring Alerting Platform","f2537abf-644e-4a0d-9f7b-c91c45c643db","pass","True","False","False","False","Microsoft Services","monitoringplatform.teams.microsoft.com","True","False",,,"f8cdef31-a31e-4b4a-93e4-5f571e91255a","True","True","False","False","False",,"Application","f2537abf-644e-4a0d-9f7b-c91c45c643db;https://monitoringplatform.teams.microsoft.com","True","False","disableLegacyUserImpersonationResource;disableLegacyUserImpersonationClient",,"OpenID Connect","False","Microsoft;No OAuth grants","","","0"
"Microsoft Graph Change Tracking","0bf30f3b-4a52-48df-9a82-234910c4a086","pass","True","False","False","False","Microsoft Services","cny.publishercritical.notifications.msidentity.com","False","False",,,"f8cdef31-a31e-4b4a-93e4-5f571e91255a","True","True","False","False","False",,"Application","https://cny.publishercritical.notifications.msidentity.com;https://prd.publishercritical.notifications.msidentity.com;https://eu.prd.publishercritical.notifications.msidentity.com;https://as.prd.publishercritical.notifications.msidentity.com;https://jp.prd.publishercritical.notifications.msidentity.com;https://publisher.usgovcloudapi.net;https://subscriptionstore.usgovcloudapi.net;https://subscriptionstore-cny.msidentity.com;https://publisher-cny.msidentity.com;https://publisher-cny.msidentity.net;https://publisher-eu.windows.net;https://pub-prod-neu.notifications.trafficmanager.net;https://publisher.windows.net;https://subscriptionstore.windows.net;https://subscriptionstore-prod.cloudapp.net;0bf30f3b-4a52-48df-9a82-234910c4a086;https://publisher-as.windows.net;https://publisher-jp.windows.net;https://dod.publisherx.notifications.msidentity.us;https://publisherx.notifications.msidentity.us;https://jp.prd.publisherx.notifications.msidentity.com;https://as.prd.publisherx.notifications.msidentity.com;https://eu.prd.publisherx.notifications.msidentity.com;https://prd.publisherx.notifications.msidentity.com;https://cny.publisherx.notifications.msidentity.com;https://subscriptionstore-dod.usgovcloudapi.net;https://publisher-dod.usgovcloudapi.net;https://prd.publisherhub.notifications.msidentity.com;https://cny.publisherhub.notifications.msidentity.com;https://jp.prd.publisherhub.notifications.msidentity.com;https://as.prd.publisherhub.notifications.msidentity.com;https://eu.prd.publisherhub.notifications.msidentity.com","True","False","",,"OpenID Connect","False","Microsoft;No OAuth grants","","","0"
"Arc Data Billing Worker","63723724-9638-4104-bad5-3591f1aafccc","pass","True","False","False","False","Microsoft Services",,"False","False",,,"f8cdef31-a31e-4b4a-93e4-5f571e91255a","True","True","False","False","False",,"Application","63723724-9638-4104-bad5-3591f1aafccc","False","False","disableLegacyUserImpersonationClient;disableLegacyUserImpersonationResource;GitCreatedApp",,"Disabled","False","Microsoft;No OAuth grants","","","0"
"RDP - 10.10.10.10","f558f5d3-eec0-45b6-9dc8-bb2a6f2ef216","pass","False","False","True","True","Base-IT Intune.cc","f558f5d3-eec0-45b6-9dc8-bb2a6f2ef216","False","False",,,"a65f6b72-abef-4f0b-88d6-3256be9a72d1","False","False","False","True","False",,"Application","api://f558f5d3-eec0-45b6-9dc8-bb2a6f2ef216;f558f5d3-eec0-45b6-9dc8-bb2a6f2ef216","False","False","IsAccessibleViaZTNAClient;HideApp;PrivateAccessNonWebApplication;WindowsAzureActiveDirectoryCustomSingleSignOnApplication;WindowsAzureActiveDirectoryIntegratedApp",,"Disabled","True","Home Tenant;Hidden;staleApps;No OAuth grants","","","0"
"Office 365 Enterprise Insights","f9d02341-e7aa-456d-926d-4a0ca599fbee","pass","True","False","False","False","Microsoft Services","insights.office.net","False","False",,,"f8cdef31-a31e-4b4a-93e4-5f571e91255a","True","True","False","False","False",,"Application","https://insights.office.net/;f9d02341-e7aa-456d-926d-4a0ca599fbee;https://accessibilityreport.office.net/","False","False","",,"OpenID Connect","False","Microsoft;No OAuth grants","","","0"
"Microsoft Device Management EMM API","8ae6a0b1-a07f-4ec9-927a-afb8d39da81c","pass","True","False","False","False","Microsoft Services","api.dm-mig.microsoft.com","True","False",,,"f8cdef31-a31e-4b4a-93e4-5f571e91255a","True","True","False","False","False",,"Application","https://api.dm-mig.microsoft.com;https://api.dm.microsoft.com;https://api.dm-beta.microsoft.com;https://api.dm-selfhost.microsoft.com;8ae6a0b1-a07f-4ec9-927a-afb8d39da81c","True","False","",,"Disabled","False","Microsoft;No OAuth grants","","","0"
"Windows Store for Business","45a330b1-b1ec-4cc1-9161-9f03992aa49f","pass","True","False","False","False","Microsoft Services","onestore-df.microsoft.com","True","False",,,"f8cdef31-a31e-4b4a-93e4-5f571e91255a","True","True","False","False","False",,"Application","https://onestore-df.microsoft.com;https://onestore.corp.microsoft.com;https://onestore.dev.microsoft.com;https://onestore.microsoft.com;45a330b1-b1ec-4cc1-9161-9f03992aa49f","True","False","",,"OpenID Connect","False","Microsoft;No OAuth grants","","","0"
"Business Central to Common Data Service","88c57617-94ff-4043-a396-8a85a8d38922","pass","True","False","False","False","Microsoft Services",,"False","False",,,"f8cdef31-a31e-4b4a-93e4-5f571e91255a","True","True","False","False","False",,"Application","88c57617-94ff-4043-a396-8a85a8d38922","False","False","",,"OpenID Connect","False","Microsoft;No OAuth grants","","","0"
"sport.orf.at","811e2baa-a71f-452b-a411-f1d7fbc6dcd2","pass","False","False","True","False","Base-IT Intune.cc",,"False","False",,,"a65f6b72-abef-4f0b-88d6-3256be9a72d1","False","False","False","True","False",,"Application","811e2baa-a71f-452b-a411-f1d7fbc6dcd2","False","False","WindowsAzureActiveDirectoryIntegratedApp",,"OpenID Connect","True","Home Tenant;staleApps;No OAuth grants","","","0"
"Liftr Elastic Whale Worker","5b81a823-5f67-4fb3-8d0f-4c92b5044fe4","pass","True","False","False","False","Microsoft Services",,"False","False","Microsoft Corporation","5206095","f8cdef31-a31e-4b4a-93e4-5f571e91255a","True","True","True","False","False",,"Application","5b81a823-5f67-4fb3-8d0f-4c92b5044fe4","False","False","",,"Disabled","False","Microsoft;No OAuth grants","","","0"
"Azure Machine Learning Authorization App 2","bf283ae6-5efd-44a8-b56a-2a7939982d60","pass","True","False","False","False","Microsoft Services",,"False","False",,,"f8cdef31-a31e-4b4a-93e4-5f571e91255a","True","True","False","False","False",,"Application","bf283ae6-5efd-44a8-b56a-2a7939982d60","False","False","",,"Disabled","False","Microsoft;No OAuth grants","","","0"
"Azure Security Insights Management","5f6aefe1-a8d4-4a7d-a461-6c70cb361014","pass","True","False","False","False","Microsoft Services","usx.management.microsoftsiem.com","False","False",,,"f8cdef31-a31e-4b4a-93e4-5f571e91255a","True","True","False","False","False",,"Application","5f6aefe1-a8d4-4a7d-a461-6c70cb361014;https://usx.management.microsoftsiem.com","True","False","disableLegacyUserImpersonationClient;disableLegacyUserImpersonationResource;GitCreatedApp",,"Disabled","False","Microsoft;No OAuth grants","","","0"
"Kemp LoadMaster Azure AD integration","ca8c949b-66c1-4c03-9d3c-f10386be89ea","pass","False","False","True","False","Base-IT Intune.cc",,"False","False",,,"a65f6b72-abef-4f0b-88d6-3256be9a72d1","False","False","False","True","False",,"Application","ca8c949b-66c1-4c03-9d3c-f10386be89ea","False","False","WindowsAzureActiveDirectoryIntegratedApp",,"OpenID Connect","True","Home Tenant;staleApps;No OAuth grants","","","0"
"CustomerServiceKnowledgeHarvest (Microsoft Copilot Studio)","2b32941b-f08b-4f3f-8c1b-af426e2984ac","pass","False","False","True","False","Base-IT Intune.cc",,"False","False",,,"a65f6b72-abef-4f0b-88d6-3256be9a72d1","False","False","False","False","False",,"Application","2b32941b-f08b-4f3f-8c1b-af426e2984ac","False","False","power-virtual-agents-ff5a6721-0a80-605a-0942-753d456c164f","This application is required to support messaging and authentication for an individual chatbot built with Power Virtual Agents. Power Platform Environment: '154eb044-9977-e163-9c25-59cc742e1d47', Bot Id: 'ff5a6721-0a80-605a-0942-753d456c164f', More information: https://go.microsoft.com/fwlink/?linkid=2096220","Disabled","False","Home Tenant;No OAuth grants","","","0"
"Microsoft Managed Policy Manager","87e86b91-9ae3-4679-b68a-471fe50be746","pass","True","False","False","False","Microsoft Services",,"False","False",,,"f8cdef31-a31e-4b4a-93e4-5f571e91255a","True","True","False","False","False",,"Application","87e86b91-9ae3-4679-b68a-471fe50be746","False","False","GitCreatedApp;disableLegacyUserImpersonationResource;disableLegacyUserImpersonationClient",,"Disabled","False","Microsoft;No OAuth grants","","","0"
"Domain Controller Services","443155a6-77f3-45e3-882b-22b3a8d431fb","pass","True","False","False","False","Microsoft Services",,"False","False","Microsoft Corporation","5206095","f8cdef31-a31e-4b4a-93e4-5f571e91255a","True","True","True","False","False",,"Application","443155a6-77f3-45e3-882b-22b3a8d431fb","False","False","disableLegacyUserImpersonationClient;disableLegacyUserImpersonationResource",,"Disabled","False","Microsoft;No OAuth grants","","","0"
"AzNet Security Guard","38808189-fa7a-4d8a-807f-eba01edacca6","pass","True","False","False","False","Microsoft Services",,"False","False",,,"f8cdef31-a31e-4b4a-93e4-5f571e91255a","True","True","False","False","False",,"Application","38808189-fa7a-4d8a-807f-eba01edacca6","False","False","",,"Disabled","False","Microsoft;No OAuth grants","","","0"
"Common Job Provider","a99783bc-5466-4cef-82eb-ebf285d77131","pass","True","False","False","False","Microsoft Services",,"False","False","Microsoft Corporation","5206095","f8cdef31-a31e-4b4a-93e4-5f571e91255a","True","True","True","False","False",,"Application","a99783bc-5466-4cef-82eb-ebf285d77131","False","False","",,"Disabled","False","Microsoft;No OAuth grants","","","0"
"Teams Events Service","8dbc8778-c907-4aa5-9957-811dc069d9bd","pass","True","False","False","False","Microsoft Services","teams-events.prod.azure.net","True","False",,,"f8cdef31-a31e-4b4a-93e4-5f571e91255a","True","True","False","False","False",,"Application","8dbc8778-c907-4aa5-9957-811dc069d9bd;https://teams-events.prod.azure.net","True","False","",,"Disabled","False","Microsoft;No OAuth grants","","","0"
"Azure Credential Configuration Endpoint Service","ea890292-c8c8-4433-b5ea-b09d0668e1a6","pass","True","False","False","False","Microsoft Services","mface.windowsazure.com","False","False",,,"f8cdef31-a31e-4b4a-93e4-5f571e91255a","True","True","False","False","False",,"Application","https://mface.windowsazure.com/;ea890292-c8c8-4433-b5ea-b09d0668e1a6","True","False","",,"OpenID Connect","False","Microsoft;No OAuth grants","","","0"
"Azure Files","69dda2a9-33ca-4ed0-83fb-a9b7b8973ff4","pass","True","False","False","False","Microsoft Services",,"False","False",,,"f8cdef31-a31e-4b4a-93e4-5f571e91255a","True","True","False","False","False",,"Application","69dda2a9-33ca-4ed0-83fb-a9b7b8973ff4","False","False","disableLegacyUserImpersonationResource;disableLegacyUserImpersonationClient",,"Disabled","False","Microsoft;No OAuth grants","","","0"
"Agent (Microsoft Copilot Studio)","bfd54d98-1e26-429c-bffe-038754ac95c6","pass","False","False","True","False","Base-IT Intune.cc",,"False","False",,,"a65f6b72-abef-4f0b-88d6-3256be9a72d1","False","False","False","False","False",,"Application","bfd54d98-1e26-429c-bffe-038754ac95c6","False","False","AgenticApp;AIAgentBuilder;AgentCreatedBy:CopilotStudio;AgenticInstance;power-virtual-agents-960949db-d8e4-8fc9-3260-25fdf9e5f95a","This application is required to support messaging and authentication for an individual chatbot built with Power Virtual Agents. Power Platform Environment: '035a17de-c1e1-e6f2-abe2-ee8e69d5c556', Bot Id: '960949db-d8e4-8fc9-3260-25fdf9e5f95a', More information: https://go.microsoft.com/fwlink/?linkid=2096220","Disabled","False","Home Tenant;No OAuth grants","","","0"
"Agent 1 (Microsoft Copilot Studio)","a4f6aab4-9b92-4c0f-aea3-74441cbe738d","pass","False","False","True","False","Base-IT Intune.cc",,"False","False",,,"a65f6b72-abef-4f0b-88d6-3256be9a72d1","False","False","False","False","False",,"Application","a4f6aab4-9b92-4c0f-aea3-74441cbe738d","False","False","AgenticApp;AIAgentBuilder;AgentCreatedBy:CopilotStudio;AgenticInstance;power-virtual-agents-a7ea5c36-ddb6-64d8-0ec7-dbce7f15107a","This application is required to support messaging and authentication for an individual chatbot built with Power Virtual Agents. Power Platform Environment: '035a17de-c1e1-e6f2-abe2-ee8e69d5c556', Bot Id: 'a7ea5c36-ddb6-64d8-0ec7-dbce7f15107a', More information: https://go.microsoft.com/fwlink/?linkid=2096220","Disabled","False","Home Tenant;No OAuth grants","","","0"
"Sales Copilot Power Virtual Agents Bot (Microsoft Copilot Studio)","b077e3a4-3f23-4ecc-80bf-b5237e7dae28","pass","False","False","True","False","Base-IT Intune.cc",,"False","False",,,"a65f6b72-abef-4f0b-88d6-3256be9a72d1","False","False","False","False","False",,"Application","b077e3a4-3f23-4ecc-80bf-b5237e7dae28","False","False","power-virtual-agents-9a861e0b-6839-7318-4b5f-61ec0d49882f","This application is required to support messaging and authentication for an individual chatbot built with Power Virtual Agents. Power Platform Environment: '154eb044-9977-e163-9c25-59cc742e1d47', Bot Id: '9a861e0b-6839-7318-4b5f-61ec0d49882f', More information: https://go.microsoft.com/fwlink/?linkid=2096220","Disabled","False","Home Tenant;No OAuth grants","","","0"
"Agent 2 (Microsoft Copilot Studio)","276c9402-7baa-48b8-991d-43807b03129c","pass","False","False","True","False","Base-IT Intune.cc",,"False","False",,,"a65f6b72-abef-4f0b-88d6-3256be9a72d1","False","False","False","False","False",,"Application","276c9402-7baa-48b8-991d-43807b03129c","False","False","AgenticApp;AIAgentBuilder;AgentCreatedBy:CopilotStudio;AgenticInstance;power-virtual-agents-06945963-6691-68e1-87be-e4fc50d61594","This application is required to support messaging and authentication for an individual chatbot built with Power Virtual Agents. Power Platform Environment: 'Default-a65f6b72-abef-4f0b-88d6-3256be9a72d1', Bot Id: '06945963-6691-68e1-87be-e4fc50d61594', More information: https://go.microsoft.com/fwlink/?linkid=2096220","Disabled","False","Home Tenant;No OAuth grants","","","0"
"Outlook Lite","e9b154d0-7658-433b-bb25-6b8e0a8a7c59","pass","True","False","False","False","Microsoft Services",,"False","False",,,"f8cdef31-a31e-4b4a-93e4-5f571e91255a","True","True","False","False","False",,"Application","e9b154d0-7658-433b-bb25-6b8e0a8a7c59","False","False","",,"OpenID Connect","False","Microsoft;No OAuth grants","","","0"
"Defender for IoT","df77edef-903d-416b-bcc0-cc8b91af54ea","pass","True","False","False","False","Microsoft Services","security.microsoft.com","True","False","Microsoft Corporation","5206095","f8cdef31-a31e-4b4a-93e4-5f571e91255a","True","True","True","False","False",,"Application","df77edef-903d-416b-bcc0-cc8b91af54ea;https://security.microsoft.com/mdiot","True","False","disableLegacyUserImpersonationResource;disableLegacyUserImpersonationClient",,"Disabled","False","Microsoft;No OAuth grants","","","0"
"Microsoft Azure Signup Portal","8e0e8db5-b713-4e91-98e6-470fed0aa4c2","pass","True","False","False","False","Microsoft Services","signup.azure.com","True","False",,,"f8cdef31-a31e-4b4a-93e4-5f571e91255a","True","True","False","False","False",,"Application","https://signup.azure.com/;https://signup.azure.com;8e0e8db5-b713-4e91-98e6-470fed0aa4c2","True","False","",,"OpenID Connect","False","Microsoft;No OAuth grants","","","0"
"Azure Cloud Shell","2233b157-f44d-4812-b777-036cdaf9a96e","pass","True","False","False","False","Microsoft Services",,"False","False",,,"f8cdef31-a31e-4b4a-93e4-5f571e91255a","True","True","False","False","False",,"Application","2233b157-f44d-4812-b777-036cdaf9a96e","False","False","",,"Disabled","False","Microsoft;No OAuth grants","","","0"
"IpAddressManager","60b2e7d5-a27f-426d-a6b1-acced0846fdf","pass","True","False","False","False","Microsoft Services",,"False","False","Microsoft Corporation","5206095","f8cdef31-a31e-4b4a-93e4-5f571e91255a","True","True","True","False","False",,"Application","60b2e7d5-a27f-426d-a6b1-acced0846fdf","False","False","GitCreatedApp;disableLegacyUserImpersonationResource;disableLegacyUserImpersonationClient",,"Disabled","False","Microsoft;No OAuth grants","","","0"
"MicrosoftGuestConfiguration","e935b4a5-8968-416d-8414-caed51c782a9","pass","True","False","False","False","Microsoft Services",,"False","False","Microsoft Corporation","5206095","f8cdef31-a31e-4b4a-93e4-5f571e91255a","True","True","True","False","False",,"Application","e935b4a5-8968-416d-8414-caed51c782a9","False","False","",,"Disabled","False","Microsoft;No OAuth grants","","","0"
"Auto Sales Assistant (Microsoft Copilot Studio)","417a36ba-92f4-468f-87fb-533817706b87","pass","False","False","True","False","Base-IT Intune.cc",,"False","False",,,"a65f6b72-abef-4f0b-88d6-3256be9a72d1","False","False","False","False","False",,"Application","417a36ba-92f4-468f-87fb-533817706b87","False","False","AIAgentBuilder;AgentCreatedBy:CopilotStudio;AgenticApp;power-virtual-agents-a182804a-6b32-ed72-115c-c251e89485b2","This application is required to support messaging and authentication for an individual chatbot built with Power Virtual Agents. Power Platform Environment: 'Default-a65f6b72-abef-4f0b-88d6-3256be9a72d1', Bot Id: 'a182804a-6b32-ed72-115c-c251e89485b2', More information: https://go.microsoft.com/fwlink/?linkid=2096220","Disabled","False","Home Tenant;No OAuth grants","","","0"
"OneProfile Service","b2cc270f-563e-4d8a-af47-f00963a71dcd","pass","True","False","False","False","Microsoft Services","substrate.office.com","True","False",,,"f8cdef31-a31e-4b4a-93e4-5f571e91255a","True","True","False","False","False",,"Application","https://substrate.office.com/profile/;b2cc270f-563e-4d8a-af47-f00963a71dcd","True","False","",,"OpenID Connect","False","Microsoft;No OAuth grants","","","0"
"Emma - the car dealer (Microsoft Copilot Studio)","0c4e88cc-fe88-4d51-880e-970e7c4af9ac","pass","False","False","True","False","Base-IT Intune.cc",,"False","False",,,"a65f6b72-abef-4f0b-88d6-3256be9a72d1","False","False","False","False","False",,"Application","0c4e88cc-fe88-4d51-880e-970e7c4af9ac","False","False","AgenticApp;AIAgentBuilder;AgentCreatedBy:CopilotStudio;AgenticInstance;power-virtual-agents-2d591491-5853-e743-0d9c-80f6388ace8f","This application is required to support messaging and authentication for an individual chatbot built with Power Virtual Agents. Power Platform Environment: '035a17de-c1e1-e6f2-abe2-ee8e69d5c556', Bot Id: '2d591491-5853-e743-0d9c-80f6388ace8f', More information: https://go.microsoft.com/fwlink/?linkid=2096220","Disabled","False","Home Tenant;No OAuth grants","","","0"
"WeveEngine","3c896ded-22c5-450f-91f6-3d1ef0848f6e","pass","True","False","False","False","Microsoft Services","outlook.office365.com","True","False","Microsoft Corporation","5206095","f8cdef31-a31e-4b4a-93e4-5f571e91255a","True","True","True","False","False",,"Application","3c896ded-22c5-450f-91f6-3d1ef0848f6e;https://outlook.office365.com/wevengine;https://outlook.office365.com/weve;https://substrate.office.com/weve","True","False","disableLegacyUserImpersonationResource;disableLegacyUserImpersonationClient",,"Disabled","False","Microsoft;No OAuth grants","","","0"
"Domain Controller Services","d87dcbc6-a371-462e-88e3-28ad15ec4e64","pass","True","False","False","False","Microsoft Services",,"False","False","Microsoft Corporation","5206095","f8cdef31-a31e-4b4a-93e4-5f571e91255a","True","True","True","False","False",,"Application","d87dcbc6-a371-462e-88e3-28ad15ec4e64","False","False","disableLegacyUserImpersonationResource;disableLegacyUserImpersonationClient",,"Disabled","False","Microsoft;No OAuth grants","","","0"
"jiraaudit3nfrpa5nwotlu","9ba43a40-5f3d-4102-ab6e-bebf1baeaafa","pass","True","False","False","False",,"identity.azure.net","True","False",,,,"False","False","False","False","False",,"ManagedIdentity","https://identity.azure.net/80N6P5cwDu4Hmojy3guctb0vKfEuyYcqrfMw4AvDDjA=;9ba43a40-5f3d-4102-ab6e-bebf1baeaafa","True","False","",,"Disabled","False","Microsoft;No OAuth grants","","","0"
"Emma Car Dealer Assistant (Microsoft Copilot Studio)","60ad0683-9152-4e35-bcfd-5ff7e6c8a217","pass","False","False","True","False","Base-IT Intune.cc",,"False","False",,,"a65f6b72-abef-4f0b-88d6-3256be9a72d1","False","False","False","False","False",,"Application","60ad0683-9152-4e35-bcfd-5ff7e6c8a217","False","False","AgenticApp;AIAgentBuilder;AgentCreatedBy:CopilotStudio;AgenticInstance;power-virtual-agents-4de43a5d-9a29-3296-2fa2-18d06b38929c","This application is required to support messaging and authentication for an individual chatbot built with Power Virtual Agents. Power Platform Environment: 'Default-a65f6b72-abef-4f0b-88d6-3256be9a72d1', Bot Id: '4de43a5d-9a29-3296-2fa2-18d06b38929c', More information: https://go.microsoft.com/fwlink/?linkid=2096220","Disabled","False","Home Tenant;No OAuth grants","","","0"
"SalesInsightsWebApp","b20d0d3a-dc90-485b-ad11-6031e769e221","pass","True","False","False","False","Microsoft Services","sales.ai.dynamics.com","False","False",,,"f8cdef31-a31e-4b4a-93e4-5f571e91255a","True","True","False","False","False",,"Application","b20d0d3a-dc90-485b-ad11-6031e769e221;https://sales.ai.dynamics.com;https://sales.ai.dynamics.com/;https://tip.sales.ai.dynamics.com;https://tip.sales.ai.dynamics.com/;api://b20d0d3a-dc90-485b-ad11-6031e769e221","False","False","",,"OpenID Connect","False","Microsoft;No OAuth grants","","","0"
"All private resources with Global Secure Access","e92b9b37-1b47-4c01-9fbc-91d84450870e","pass","True","False","False","False","Microsoft Services",,"False","False",,,"f8cdef31-a31e-4b4a-93e4-5f571e91255a","True","True","False","False","False",,"Application","e92b9b37-1b47-4c01-9fbc-91d84450870e","False","False","disableLegacyUserImpersonationClient;disableLegacyUserImpersonationResource;GitCreatedApp",,"Disabled","False","Microsoft;No OAuth grants","","","0"
"Azure Cost Management Scheduled Actions","6b3368c6-61d2-4a72-854c-42d1c4e71fed","pass","True","False","False","False","Microsoft Services","6b3368c6-61d2-4a72-854c-42d1c4e71fed","False","False",,,"f8cdef31-a31e-4b4a-93e4-5f571e91255a","True","True","False","False","False",,"Application","api://6b3368c6-61d2-4a72-854c-42d1c4e71fed;6b3368c6-61d2-4a72-854c-42d1c4e71fed","False","False","",,"Disabled","False","Microsoft;No OAuth grants","","","0"
"LanJa","1022b557-1381-4ef3-83a3-69cae0d29b3d","pass","False","False","True","False","Base-IT Intune.cc",,"False","False",,,"a65f6b72-abef-4f0b-88d6-3256be9a72d1","False","False","False","True","False",,"Application","1022b557-1381-4ef3-83a3-69cae0d29b3d","False","False","WindowsAzureActiveDirectoryCustomSingleSignOnApplication;WindowsAzureActiveDirectoryIntegratedApp",,"Disabled","True","Home Tenant;staleApps;No OAuth grants","","","0"
"Dropbox for Business","5e3792f1-3ddb-4a06-a4d9-5e73c87e3c25","pass","False","False","True","False","Base-IT Intune.cc","dropbox","False","False",,,"a65f6b72-abef-4f0b-88d6-3256be9a72d1","False","False","False","True","True",,"Application","http://dropbox/3e9f63b5-b809-4584-a3d2-a7b3dbb7cacf;5e3792f1-3ddb-4a06-a4d9-5e73c87e3c25","False","False","WindowsAzureActiveDirectoryIntegratedApp;WindowsAzureActiveDirectoryGalleryApplicationPrimaryV1;97e0a159-74ec-4db1-918a-c03a9c3b6b81",,"OpenID Connect","True","Home Tenant;staleApps;No OAuth grants","","","0"
"M365CommunicationCompliance","b8d56525-1fd0-4121-a640-e0ede64f74b5","pass","True","False","False","False","Microsoft Services","commcompakssvc.gcc.microsoft.us","True","False",,,"f8cdef31-a31e-4b4a-93e4-5f571e91255a","True","True","False","False","False",,"Application","https://commcompakssvc.gcc.microsoft.us;https://commcompakssvc.prod.microsoft.com;https://commcompakssvc.sdf.microsoft.com;b8d56525-1fd0-4121-a640-e0ede64f74b5","True","False","",,"Disabled","False","Microsoft;No OAuth grants","","","0"
"Surface Dashboard","507a7586-da5c-4e86-80f2-2bc2e55ae394","pass","True","False","False","False","Microsoft Services",,"False","False","Microsoft Corporation","5206095","f8cdef31-a31e-4b4a-93e4-5f571e91255a","True","True","True","False","False",,"Application","507a7586-da5c-4e86-80f2-2bc2e55ae394","False","False","",,"OpenID Connect","False","Microsoft;No OAuth grants","","","0"
"frada-laps1234-prod-func","1115123b-b1da-4de0-b737-3ea8ab5b81bd","pass","True","False","False","False",,"identity.azure.net","True","False",,,,"False","False","False","False","False",,"ManagedIdentity","1115123b-b1da-4de0-b737-3ea8ab5b81bd;https://identity.azure.net//7yGOffEp1QjR6TS6jFHEF/yzzfFEkI8ZUlZe5Fe3CQ=","True","False","",,"Disabled","False","Microsoft;No OAuth grants","","","0"
"CommComplianceApp","87251ad4-d513-4246-8138-b40d418b9005","pass","True","False","False","False","Microsoft Services","substrate.office.com","True","False",,,"f8cdef31-a31e-4b4a-93e4-5f571e91255a","True","True","False","False","False",,"Application","87251ad4-d513-4246-8138-b40d418b9005;https://substrate.office.com/CommComplianceApp;https://substrate.office.com/CommsComplianceService","True","False","",,"Disabled","False","Microsoft;No OAuth grants","","","0"
"Agent 4 (Microsoft Copilot Studio)","f095dee3-2abc-4f5a-b0bb-c2cad5c32a29","pass","False","False","True","False","Base-IT Intune.cc",,"False","False",,,"a65f6b72-abef-4f0b-88d6-3256be9a72d1","False","False","False","False","False",,"Application","f095dee3-2abc-4f5a-b0bb-c2cad5c32a29","False","False","AgenticApp;AIAgentBuilder;AgentCreatedBy:CopilotStudio;AgenticInstance;power-virtual-agents-faf0656a-0aa1-8187-5c13-fc70fc9e630a","This application is required to support messaging and authentication for an individual chatbot built with Power Virtual Agents. Power Platform Environment: '035a17de-c1e1-e6f2-abe2-ee8e69d5c556', Bot Id: 'faf0656a-0aa1-8187-5c13-fc70fc9e630a', More information: https://go.microsoft.com/fwlink/?linkid=2096220","Disabled","False","Home Tenant;No OAuth grants","","","0"
"HCI updates status reader","5f158998-ffba-4137-8314-a4ae13dcf3c8","pass","True","False","False","False","Microsoft Services",,"False","False","Microsoft Corporation","5206095","f8cdef31-a31e-4b4a-93e4-5f571e91255a","True","True","True","False","False",,"Application","5f158998-ffba-4137-8314-a4ae13dcf3c8","False","False","GitCreatedApp;disableLegacyUserImpersonationResource;disableLegacyUserImpersonationClient",,"Disabled","False","Microsoft;No OAuth grants","","","0"
"Azure DevOps WIKI Agent (Microsoft Copilot Studio)","739a55da-75da-40a8-ad99-484c5e236ddc","pass","False","False","False","False",,,"False","False",,,,"False","False","False","False","False",,"ServiceIdentity","739a55da-75da-40a8-ad99-484c5e236ddc","False","False","",,"Disabled","False","No OAuth grants","","","0"
"Microsoft Service Trust","d6fdaa33-e821-4211-83d0-cf74736489e1","pass","True","False","False","False","Microsoft Services","ppe.nonprod.complianceposturemanagement.office.net","False","False",,,"f8cdef31-a31e-4b4a-93e4-5f571e91255a","True","True","False","False","False",,"Application","https://ppe.nonprod.complianceposturemanagement.office.net;https://int.nonprod.complianceposturemanagement.office.net;api://d6fdaa33-e821-4211-83d0-cf74736489e1;https://sov.complianceposturemanagement.office.net;https://servicetrust.microsoft.com;d6fdaa33-e821-4211-83d0-cf74736489e1;https://int.complianceposturemanagement.office.net;https://ppe.complianceposturemanagement.office.net;https://apc.complianceposturemanagement.office.net;https://eur.complianceposturemanagement.office.net;https://nam.complianceposturemanagement.office.net;https://aus.complianceposturemanagement.office.net;https://are.complianceposturemanagement.office.net;https://bra.complianceposturemanagement.office.net;https://can.complianceposturemanagement.office.net;https://che.complianceposturemanagement.office.net;https://deu.complianceposturemanagement.office.net;https://fra.complianceposturemanagement.office.net;https://gbr.complianceposturemanagement.office.net;https://ind.complianceposturemanagement.office.net;https://jpn.complianceposturemanagement.office.net;https://kor.complianceposturemanagement.office.net;https://lam.complianceposturemanagement.office.net;https://nor.complianceposturemanagement.office.net;https://pol.complianceposturemanagement.office.net;https://prv.complianceposturemanagement.office.net;https://qat.complianceposturemanagement.office.net;https://sgp.complianceposturemanagement.office.net;https://swe.complianceposturemanagement.office.net;https://zaf.complianceposturemanagement.office.net;https://ita.complianceposturemanagement.office.net;https://gccm.complianceposturemanagement.office365.us;https://isr.complianceposturemanagement.office.net;https://gccm.complianceposturemanagement.office.net","True","False","",,"OpenID Connect","False","Microsoft;No OAuth grants","","","0"
"AzureBackup_WBCM_Service","c505e273-0ba0-47e7-a0bd-f48042b4524d","pass","True","False","False","False","Microsoft Services",,"False","False",,,"f8cdef31-a31e-4b4a-93e4-5f571e91255a","True","True","False","False","False",,"Application","c505e273-0ba0-47e7-a0bd-f48042b4524d","False","False","",,"Disabled","False","Microsoft;No OAuth grants","","","0"
"Azure Deployments","3b990c8b-9607-4c2a-8b04-1d41985facca","pass","True","False","False","False","Microsoft Services",,"False","False",,,"f8cdef31-a31e-4b4a-93e4-5f571e91255a","True","True","False","False","False",,"Application","3b990c8b-9607-4c2a-8b04-1d41985facca","False","False","",,"Disabled","False","Microsoft;No OAuth grants","","","0"
"API Connectors 1st Party","972bb84a-1d27-4bd3-8306-6b8e57679e8c","pass","True","False","False","False","Microsoft Services",,"False","False",,,"f8cdef31-a31e-4b4a-93e4-5f571e91255a","True","True","False","False","False",,"Application","972bb84a-1d27-4bd3-8306-6b8e57679e8c","False","False","GitCreatedApp;disableLegacyUserImpersonationResource;disableLegacyUserImpersonationClient",,"Disabled","False","Microsoft;No OAuth grants","","","0"
"OneNote","2d4d3d8e-2be3-4bef-9f87-7875a61c29de","pass","True","False","False","False","Microsoft Services","onenote.com","False","False",,,"f8cdef31-a31e-4b4a-93e4-5f571e91255a","True","True","False","False","False",,"Application","2d4d3d8e-2be3-4bef-9f87-7875a61c29de;2d4d3d8e-2be3-4bef-9f87-7875a61c29de/onenote.com;https://onenote.com/","False","False","",,"Disabled","False","Microsoft;No OAuth grants","","","0"
"Azure API for DICOM","75e725bf-66ce-4cea-9b9a-5c4caae57f33","pass","True","False","False","False","Microsoft Services","dicom.healthcareapis.azure.com","True","False",,,"f8cdef31-a31e-4b4a-93e4-5f571e91255a","True","True","False","False","False",,"Application","75e725bf-66ce-4cea-9b9a-5c4caae57f33;https://dicom.healthcareapis.azure.com;https://dicom.healthcareapis.azure.com/","True","False","",,"Disabled","False","Microsoft;No OAuth grants","","","0"
"Office Scripts Service","62fd1447-0ef3-4ab7-a956-7dd05232ecc1","pass","True","False","False","False","Microsoft Services","officescripting.microsoft.com","True","False",,,"f8cdef31-a31e-4b4a-93e4-5f571e91255a","True","True","False","False","False",,"Application","https://officescripting.microsoft.com;62fd1447-0ef3-4ab7-a956-7dd05232ecc1","True","False","",,"Disabled","False","Microsoft;No OAuth grants","","","0"
"ServiceNowConnector","cd6b10e0-1787-41ab-9d11-5e45d8f06384","pass","False","False","True","True","Base-IT Intune.cc",,"False","False",,,"a65f6b72-abef-4f0b-88d6-3256be9a72d1","False","False","False","True","False",,"Application","cd6b10e0-1787-41ab-9d11-5e45d8f06384","False","False","HideApp;WindowsAzureActiveDirectoryIntegratedApp",,"Disabled","True","Home Tenant;Hidden;staleApps;No OAuth grants","","","0"
"Safelinks","85eced78-2127-4b24-9418-95f0bbe3d145","pass","True","False","False","False","Microsoft Services","prdtrs01.onmicrosoft.com","False","False",,,"f8cdef31-a31e-4b4a-93e4-5f571e91255a","True","True","False","False","False",,"Application","85eced78-2127-4b24-9418-95f0bbe3d145;https://prdtrs01.onmicrosoft.com/safelinks","True","False","",,"Disabled","False","Microsoft;No OAuth grants","","","0"
"IntuneCC-Win11","b8604585-db87-4474-820f-65116bf5586c","pass","True","False","False","False",,"identity.azure.net","True","False",,,,"False","False","False","False","False",,"ManagedIdentity","b8604585-db87-4474-820f-65116bf5586c;https://identity.azure.net/+rcGl017nk2v3EcpQLpxUpx1nPS6rw6tGs5Dp1y9TP8=","True","False","",,"Disabled","False","Microsoft;No OAuth grants","","","0"
"Power BI Premium","cb4dc29f-0bf4-402a-8b30-7511498ed654","pass","True","False","False","False","Microsoft Services",,"False","False",,,"f8cdef31-a31e-4b4a-93e4-5f571e91255a","True","True","False","False","False",,"Application","cb4dc29f-0bf4-402a-8b30-7511498ed654","False","False","",,"OpenID Connect","False","Microsoft;No OAuth grants","","","0"
"Microsoft Defender for Cloud for AI","1efb1569-5fd6-4938-8b8d-9f3aa07c658d","pass","True","False","False","False","Microsoft Services",,"False","False","Microsoft Corporation","5206095","f8cdef31-a31e-4b4a-93e4-5f571e91255a","True","True","True","False","False",,"Application","1efb1569-5fd6-4938-8b8d-9f3aa07c658d","False","False","GitCreatedApp;disableLegacyUserImpersonationResource;disableLegacyUserImpersonationClient",,"Disabled","False","Microsoft;No OAuth grants","","","0"
"SQL Copilot PPE","0fc12b9a-5463-4b87-8f10-765fecb39990","pass","True","False","False","False","Microsoft Services",,"False","False",,,"f8cdef31-a31e-4b4a-93e4-5f571e91255a","True","True","False","False","False",,"Application","0fc12b9a-5463-4b87-8f10-765fecb39990","False","False","GitCreatedApp;disableLegacyUserImpersonationResource;disableLegacyUserImpersonationClient",,"OpenID Connect","False","Microsoft;No OAuth grants","","","0"
"Microsoft Teams - Device Admin Agent","87749df4-7ccf-48f8-aa87-704bad0e0e16","pass","True","False","False","False","Microsoft Services",,"False","False",,,"f8cdef31-a31e-4b4a-93e4-5f571e91255a","True","True","False","False","False",,"Application","87749df4-7ccf-48f8-aa87-704bad0e0e16","False","False","",,"OpenID Connect","False","Microsoft;No OAuth grants","","","0"
"azstbridge_prdedgemarketplace_app","7cfa6200-d899-4a5b-831e-9490efbd37b8","pass","True","False","False","False","Microsoft Services",,"False","False",,,"f8cdef31-a31e-4b4a-93e4-5f571e91255a","True","True","False","False","False",,"Application","7cfa6200-d899-4a5b-831e-9490efbd37b8","False","False","disableLegacyUserImpersonationClient;disableLegacyUserImpersonationResource",,"Disabled","False","Microsoft;No OAuth grants","","","0"
"Agent 4 (Microsoft Copilot Studio)","eef3cca1-119a-44d1-a830-edaab7fd80a0","pass","False","False","True","False","Base-IT Intune.cc",,"False","False",,,"a65f6b72-abef-4f0b-88d6-3256be9a72d1","False","False","False","False","False",,"Application","eef3cca1-119a-44d1-a830-edaab7fd80a0","False","False","AgenticApp;AIAgentBuilder;AgentCreatedBy:CopilotStudio;AgenticInstance;power-virtual-agents-66e42860-2587-7a50-b9fc-6551e99d6235","This application is required to support messaging and authentication for an individual chatbot built with Power Virtual Agents. Power Platform Environment: 'Default-a65f6b72-abef-4f0b-88d6-3256be9a72d1', Bot Id: '66e42860-2587-7a50-b9fc-6551e99d6235', More information: https://go.microsoft.com/fwlink/?linkid=2096220","Disabled","False","Home Tenant;No OAuth grants","","","0"
"BasZiTestApp","f280bd40-5383-404c-8941-cfb49d229839","pass","False","False","True","True","Base-IT Intune.cc",,"False","False",,,"a65f6b72-abef-4f0b-88d6-3256be9a72d1","False","False","False","True","False",,"Application","f280bd40-5383-404c-8941-cfb49d229839","False","False","WindowsAzureActiveDirectoryIntegratedApp;HideApp",,"OpenID Connect","True","Home Tenant;Hidden;staleApps;No OAuth grants","","","0"
"aaazurealerting","c6581098-a00e-4aa7-941f-ba2e27d74af3","pass","True","False","False","False",,"identity.azure.net","True","False",,,,"False","False","False","False","False",,"ManagedIdentity","https://identity.azure.net/9UKlmAlufrjWk3NpRB/9HWDktyEU9h1OqSF8mYE1qXU=;c6581098-a00e-4aa7-941f-ba2e27d74af3","True","False","",,"Disabled","False","Microsoft;No OAuth grants","","","0"
"IpLicensingService","189cf920-d3d8-4133-9145-23adcc6824fa","pass","True","False","False","False","Microsoft Services","substrate.office.com","True","False",,,"f8cdef31-a31e-4b4a-93e4-5f571e91255a","True","True","False","False","False",,"Application","189cf920-d3d8-4133-9145-23adcc6824fa;https://substrate.office.com/IpLicensingService;https://substrate.office365.us/IpLicensingService;https://substrate-dod.office365.us/IpLicensingService","True","False","",,"Disabled","False","Microsoft;No OAuth grants","","","0"
"Permission Service O365","6d32b7f8-782e-43e0-ac47-aaad9f4eb839","pass","True","False","False","False","Microsoft Services",,"False","False",,,"f8cdef31-a31e-4b4a-93e4-5f571e91255a","True","True","False","False","False",,"Application","6d32b7f8-782e-43e0-ac47-aaad9f4eb839","False","False","",,"Disabled","False","Microsoft;No OAuth grants","","","0"
"DeploymentScheduler","8bbf8725-b3ca-4468-a217-7c8da873186e","pass","True","False","False","False","Microsoft Services",,"False","False",,,"f8cdef31-a31e-4b4a-93e4-5f571e91255a","True","True","False","False","False",,"Application","8bbf8725-b3ca-4468-a217-7c8da873186e","False","False","",,"Disabled","False","Microsoft;No OAuth grants","","","0"
"GSA-Privateaccesstrafficforwardingprofile","59634ccf-e119-4c96-8fcf-b167fa066ced","pass","False","False","True","False","Base-IT Intune.cc",,"False","False",,,"a65f6b72-abef-4f0b-88d6-3256be9a72d1","False","False","False","False","False",,"Application","59634ccf-e119-4c96-8fcf-b167fa066ced","False","False","",,"Disabled","False","Home Tenant;No OAuth grants","","","0"
"Azure Virtual Desktop Client","a85cf173-4192-42f8-81fa-777a763e6e2c","pass","True","False","False","False","Microsoft Services",,"False","False","Microsoft Corporation","5206095","f8cdef31-a31e-4b4a-93e4-5f571e91255a","True","True","True","False","False",,"Application","a85cf173-4192-42f8-81fa-777a763e6e2c","False","False","",,"OpenID Connect","False","Microsoft;No OAuth grants","","","0"
"M365 Pillar Diagnostics Service","58ea322b-940c-4d98-affb-345ec4cccb92","pass","True","False","False","False","Microsoft Services","pillardiagnostics.microsoft.com","True","False","Microsoft Corporation","5206095","f8cdef31-a31e-4b4a-93e4-5f571e91255a","True","True","True","False","False",,"Application","https://pillardiagnostics.microsoft.com;api://58ea322b-940c-4d98-affb-345ec4cccb92;58ea322b-940c-4d98-affb-345ec4cccb92","True","False","",,"Disabled","False","Microsoft;No OAuth grants","","","0"
"M365DataAtRestEncryption","c066d759-24ae-40e7-a56f-027002b5d3e4","pass","True","False","False","False","Microsoft Services","substrate.office365.us","False","False",,,"f8cdef31-a31e-4b4a-93e4-5f571e91255a","True","True","False","False","False",,"Application","https://substrate.office365.us/CustomerKeyEncryptionService;https://substrate-dod.office365.us/CustomerKeyEncryptionService;https://outlook-dod.office365.us/CustomerKeyEncryptionService;https://outlook.office365.us/CustomerKeyEncryptionService;https://outlook-sdf.office365.com/CustomerKeyEncryptionService;https://substrate.office.com/CustomerKeyEncryptionService;https://outlook.office365.com/CustomerKeyEncryptionService;https://outlook.office.com/CustomerKeyEncryptionService;c066d759-24ae-40e7-a56f-027002b5d3e4","True","False","",,"Disabled","False","Microsoft;No OAuth grants","","","0"
"Microsoft Teams ADL","30e31aeb-977f-4f4f-a483-b61e8377b302","pass","True","False","False","False","Microsoft Services","datalayer.teams.microsoft.com","True","False",,,"f8cdef31-a31e-4b4a-93e4-5f571e91255a","True","True","False","False","False",,"Application","30e31aeb-977f-4f4f-a483-b61e8377b302;https://datalayer.teams.microsoft.com","True","False","",,"OpenID Connect","False","Microsoft;No OAuth grants","","","0"
"Microsoft Intune API","c161e42e-d4df-4a3d-9b42-e7a3c31f59d4","pass","True","False","False","False","Microsoft Services","api.manage-beta.microsoft.com","True","False",,,"f8cdef31-a31e-4b4a-93e4-5f571e91255a","True","True","False","False","False",,"Application","https://api.manage-beta.microsoft.com/;https://api.manage.microsoft.com/;https://api.manage.microsoft.us/;https://api.manage-test.microsoft.us/;https://api.manage-ppe.microsoft.us/;https://api.manage-selfhost.microsoft.com/;c161e42e-d4df-4a3d-9b42-e7a3c31f59d4;https://api.manage-mig.microsoft.com/","True","False","",,"Disabled","False","Microsoft;No OAuth grants","","","0"
"CCM_Pricing_PROD","91a53dc4-b25b-482c-8e83-8d7ac7065b17","pass","True","False","False","False","Microsoft Services",,"False","False","Microsoft Corporation","5206095","f8cdef31-a31e-4b4a-93e4-5f571e91255a","True","True","True","False","False",,"Application","91a53dc4-b25b-482c-8e83-8d7ac7065b17","False","False","",,"OpenID Connect","False","Microsoft;No OAuth grants","","","0"
"Skype For Business Entitlement","ef4c7f67-65bd-4506-8179-5ddcc5509aeb","pass","True","False","False","False","Microsoft Services","entitlement.teams.microsoft.com","True","False","Microsoft Corporation","5206095","f8cdef31-a31e-4b4a-93e4-5f571e91255a","True","True","True","False","False",,"Application","https://entitlement.teams.microsoft.com;ef4c7f67-65bd-4506-8179-5ddcc5509aeb","True","False","disableLegacyUserImpersonationClient",,"Disabled","False","Microsoft;No OAuth grants","","","0"
"TrustedPublishersProxyService","2b61b865-d0bd-4c60-9efa-6fa934eefaac","pass","True","False","False","False","Microsoft Services",,"False","False",,,"f8cdef31-a31e-4b4a-93e4-5f571e91255a","True","True","False","False","False",,"Application","2b61b865-d0bd-4c60-9efa-6fa934eefaac","False","False","",,"Disabled","False","Microsoft;No OAuth grants","","","0"
"Emma Car Dealer (Microsoft Copilot Studio)","7b156e68-13fe-4cc4-9a3d-272515d0fac5","pass","False","False","True","False","Base-IT Intune.cc",,"False","False",,,"a65f6b72-abef-4f0b-88d6-3256be9a72d1","False","False","False","False","False",,"Application","7b156e68-13fe-4cc4-9a3d-272515d0fac5","False","False","AgenticApp;AIAgentBuilder;AgentCreatedBy:CopilotStudio;AgenticInstance;power-virtual-agents-ebbcfa02-7651-d655-065b-07d309d2f294","This application is required to support messaging and authentication for an individual chatbot built with Power Virtual Agents. Power Platform Environment: 'Default-a65f6b72-abef-4f0b-88d6-3256be9a72d1', Bot Id: 'ebbcfa02-7651-d655-065b-07d309d2f294', More information: https://go.microsoft.com/fwlink/?linkid=2096220","Disabled","False","Home Tenant;No OAuth grants","","","0"
"Power Platform Data Analytics","7dcff627-a295-4553-9229-b1f3513f82a8","pass","True","False","False","False","Microsoft Services","adminanalytics.appsplatform.us","False","False",,,"f8cdef31-a31e-4b4a-93e4-5f571e91255a","True","True","False","False","False",,"Application","https://adminanalytics.appsplatform.us/;https://high.adminanalytics.powerplatform.microsoft.us/;https://gcc.adminanalytics.powerplatform.microsoft.us/;https://adminanalytics.powerplatform.microsoft.com;7dcff627-a295-4553-9229-b1f3513f82a8;https://gcc.adminanalytics.powerplatform.microsoft.us","True","False","",,"Disabled","False","Microsoft;No OAuth grants","","","0"
"O365 UAP Processor","df09ff61-2178-45d8-888c-4210c1c7b0b2","pass","True","False","False","False","Microsoft Services",,"False","False",,,"f8cdef31-a31e-4b4a-93e4-5f571e91255a","True","True","False","False","False",,"Application","df09ff61-2178-45d8-888c-4210c1c7b0b2","False","False","",,"Disabled","False","Microsoft;No OAuth grants","","","0"
"Teams User Engagement Profile Service","0f54b75d-4d29-4a92-80ae-106a60cd8f5d","pass","True","False","False","False","Microsoft Services","gwthsvc.teams.microsoft.com","True","False",,,"f8cdef31-a31e-4b4a-93e4-5f571e91255a","True","True","False","False","False",,"Application","https://gwthsvc.teams.microsoft.com;0f54b75d-4d29-4a92-80ae-106a60cd8f5d","True","False","",,"Disabled","False","Microsoft;No OAuth grants","","","0"
"o365.servicecommunications.microsoft.com","cb1bda4c-1213-4e8b-911a-0a8c83c5d3b7","pass","True","False","False","False","Microsoft Services","o365.servicecommunications.microsoft.com","True","False",,,"f8cdef31-a31e-4b4a-93e4-5f571e91255a","True","True","False","False","False",,"Application","https://o365.servicecommunications.microsoft.com;cb1bda4c-1213-4e8b-911a-0a8c83c5d3b7","True","False","disableLegacyUserImpersonationResource;disableLegacyUserImpersonationClient",,"OpenID Connect","False","Microsoft;No OAuth grants","","","0"
"O365 Secure Score","8b3391f4-af01-4ee8-b4ea-9871b2499735","pass","True","False","False","False","Microsoft Services","securescore.office.com","True","False",,,"f8cdef31-a31e-4b4a-93e4-5f571e91255a","True","True","False","False","False",,"Application","https://securescore.office.com/;8b3391f4-af01-4ee8-b4ea-9871b2499735;https://wdatpprd-can.securitycenter.windows.com/;https://wdatpprd.securitycenter.windows.com/;https://security.microsoft.com/securescore","True","False","",,"OpenID Connect","False","Microsoft;No OAuth grants","","","0"
"CosmosDB Dedicated Instance","36e2398c-9dd3-4f29-9a72-d9f2cfc47ad9","pass","True","False","False","False","Microsoft Services",,"False","False",,,"f8cdef31-a31e-4b4a-93e4-5f571e91255a","True","True","False","False","False",,"Application","36e2398c-9dd3-4f29-9a72-d9f2cfc47ad9","False","False","",,"Disabled","False","Microsoft;No OAuth grants","","","0"
"Databricks Resource Provider","d9327919-6775-4843-9037-3fb0fb0473cb","pass","True","False","False","False","Microsoft Services",,"False","False","Microsoft Corporation","5206095","f8cdef31-a31e-4b4a-93e4-5f571e91255a","True","True","True","False","False",,"Application","d9327919-6775-4843-9037-3fb0fb0473cb","False","False","",,"Disabled","False","Microsoft;No OAuth grants","","","0"
"Agent 1 (Microsoft Copilot Studio)","b85379ce-f0db-4830-9f61-0bb6d0a92d05","pass","False","False","True","False","Base-IT Intune.cc",,"False","False",,,"a65f6b72-abef-4f0b-88d6-3256be9a72d1","False","False","False","False","False",,"Application","b85379ce-f0db-4830-9f61-0bb6d0a92d05","False","False","AgenticApp;AIAgentBuilder;AgentCreatedBy:CopilotStudio;AgenticInstance;power-virtual-agents-6381944a-2c6e-d2e3-90a9-cb11bf378ff5","This application is required to support messaging and authentication for an individual chatbot built with Power Virtual Agents. Power Platform Environment: '035a17de-c1e1-e6f2-abe2-ee8e69d5c556', Bot Id: '6381944a-2c6e-d2e3-90a9-cb11bf378ff5', More information: https://go.microsoft.com/fwlink/?linkid=2096220","Disabled","False","Home Tenant;No OAuth grants","","","0"
"Intune.CC - Global Secure Access - SMB | 10.0.0.7","0fca3a79-6212-4545-ab87-84b5871eca51","pass","False","False","True","True","Base-IT Intune.cc","0fca3a79-6212-4545-ab87-84b5871eca51","False","False",,,"a65f6b72-abef-4f0b-88d6-3256be9a72d1","False","False","False","True","False",,"Application","0fca3a79-6212-4545-ab87-84b5871eca51;api://0fca3a79-6212-4545-ab87-84b5871eca51","False","False","WindowsAzureActiveDirectoryIntegratedApp;WindowsAzureActiveDirectoryCustomSingleSignOnApplication;PrivateAccessNonWebApplication;HideApp;IsAccessibleViaZTNAClient",,"Disabled","True","Home Tenant;Hidden;staleApps;No OAuth grants","","","0"
"MicrosoftAzureActiveDirectoryIntegratedApp","af47b99c-8954-4b45-ab68-8121157418ef","pass","True","False","False","False","Active Directory Application Registry","adapplicationregistry.onmicrosoft.com","False","False",,,"47df5bb7-e6bc-4256-afb0-dd8c8e3c1ce8","False","False","False","False","False",,"Application","af47b99c-8954-4b45-ab68-8121157418ef;http://adapplicationregistry.onmicrosoft.com/manage.windowsazure.com/MicrosoftAzureActiveDirectoryIntegratedApp","True","False","",,"OpenID Connect","False","Microsoft;No OAuth grants","","","0"
"Azure HDInsight on AKS Client","a6943a7f-5ba0-4a34-bf91-ab439efdda3f","pass","True","False","False","False","Microsoft Services",,"False","False","Microsoft Corporation","5206095","f8cdef31-a31e-4b4a-93e4-5f571e91255a","True","True","True","False","False",,"Application","a6943a7f-5ba0-4a34-bf91-ab439efdda3f","False","False","disableLegacyUserImpersonationResource;disableLegacyUserImpersonationClient;disableAcceptingTenantedPassthroughTokens;disableRequestingTenantedPassthroughTokens",,"OpenID Connect","False","Microsoft;No OAuth grants","","","0"
"D365 Sales Agent - Opportunity Research (Microsoft Copilot Studio)","42b7632d-30b2-47fa-9553-e2583ee70fd3","pass","False","False","True","False","Base-IT Intune.cc",,"False","False",,,"a65f6b72-abef-4f0b-88d6-3256be9a72d1","False","False","False","False","False",,"Application","42b7632d-30b2-47fa-9553-e2583ee70fd3","False","False","AgenticApp;AIAgentBuilder;AgentCreatedBy:CopilotStudio;AgenticInstance;power-virtual-agents-0a47d74b-99c6-ba6b-b2eb-1c2322545ec2","This application is required to support messaging and authentication for an individual chatbot built with Power Virtual Agents. Power Platform Environment: '19dde003-f47b-e12b-bdf6-e963eddc0758', Bot Id: '0a47d74b-99c6-ba6b-b2eb-1c2322545ec2', More information: https://go.microsoft.com/fwlink/?linkid=2096220","Disabled","False","Home Tenant;No OAuth grants","","","0"
"Florida Travel Buddy (Microsoft Copilot Studio)","fe83bc6a-0cb7-4d81-a4fa-cc3b8fb6acb6","pass","False","False","True","False","Base-IT Intune.cc",,"False","False",,,"a65f6b72-abef-4f0b-88d6-3256be9a72d1","False","False","False","False","False",,"Application","fe83bc6a-0cb7-4d81-a4fa-cc3b8fb6acb6","False","False","AIAgentBuilder;AgentCreatedBy:CopilotStudio;AgenticApp;power-virtual-agents-faaba3ad-a050-ca2f-f91d-db1b29cc7674","This application is required to support messaging and authentication for an individual chatbot built with Power Virtual Agents. Power Platform Environment: 'Default-a65f6b72-abef-4f0b-88d6-3256be9a72d1', Bot Id: 'faaba3ad-a050-ca2f-f91d-db1b29cc7674', More information: https://go.microsoft.com/fwlink/?linkid=2096220","Disabled","False","Home Tenant;No OAuth grants","","","0"
"CloudNativeTesting","847bd4c1-7486-4241-a783-f9bda69241c1","pass","True","False","False","False","Microsoft Services","loadtest.azure-dev.com","False","False",,,"f8cdef31-a31e-4b4a-93e4-5f571e91255a","True","True","False","False","False",,"Application","847bd4c1-7486-4241-a783-f9bda69241c1;https://loadtest.azure-dev.com;https://cnt-prod.loadtesting.azure.com;https://cnt-canary.loadtesting.azure.com","True","False","",,"Disabled","False","Microsoft;No OAuth grants","","","0"
"Networking-MNC","6d057c82-a784-47ae-8d12-ca7b38cf06b4","pass","True","False","False","False","Microsoft Services",,"False","False",,,"f8cdef31-a31e-4b4a-93e4-5f571e91255a","True","True","False","False","False",,"Application","6d057c82-a784-47ae-8d12-ca7b38cf06b4","False","False","",,"Disabled","False","Microsoft;No OAuth grants","","","0"
"Microsoft Azure Stream Analytics","66f1e791-7bfb-4e18-aed8-1720056421c7","pass","True","False","False","False","Microsoft Services","streamanalytics.microsoft.com","True","False",,,"f8cdef31-a31e-4b4a-93e4-5f571e91255a","True","True","False","False","False",,"Application","66f1e791-7bfb-4e18-aed8-1720056421c7;https://streamanalytics.microsoft.com","True","False","",,"OpenID Connect","False","Microsoft;No OAuth grants","","","0"
"Microsoft 365 Ticketing","510a5356-1745-4855-93a5-113ea589fb26","pass","True","False","False","False","Microsoft Services","microsoft365ticketing.microsoft.com","True","False",,,"f8cdef31-a31e-4b4a-93e4-5f571e91255a","True","True","False","False","False",,"Application","https://microsoft365ticketing.microsoft.com;510a5356-1745-4855-93a5-113ea589fb26","True","False","",,"Disabled","False","Microsoft;No OAuth grants","","","0"
"Microsoft Teams User Profile Search Service","a47591ab-e23e-4ffa-9e1b-809b9067e726","pass","True","False","False","False","Microsoft Services","userprofilesvc.teams.microsoft.com","True","False",,,"f8cdef31-a31e-4b4a-93e4-5f571e91255a","True","True","False","False","False",,"Application","a47591ab-e23e-4ffa-9e1b-809b9067e726;https://userprofilesvc.teams.microsoft.com;https://userprofilesvc.teams.microsoft.com/","True","False","",,"Disabled","False","Microsoft;No OAuth grants","","","0"
"Substrate Instant Revocation Pipeline","eace8149-b661-472f-b40d-939f89085bd4","pass","True","False","False","False","Microsoft Services",,"False","False","Microsoft Corporation","5206095","f8cdef31-a31e-4b4a-93e4-5f571e91255a","True","True","True","False","False",,"Application","eace8149-b661-472f-b40d-939f89085bd4","False","False","",,"Disabled","False","Microsoft;No OAuth grants","","","0"
"M365AdminAgent","8ad61c39-5b6e-447c-b26a-a64eee436502","pass","True","False","False","False","Microsoft Services","agent.admin.cloud.microsoft","False","False",,,"f8cdef31-a31e-4b4a-93e4-5f571e91255a","True","True","False","False","False",,"Application","8ad61c39-5b6e-447c-b26a-a64eee436502;https://agent.admin.cloud.microsoft;https://sdf.agent.admin.cloud.microsoft;api://botid-8ad61c39-5b6e-447c-b26a-a64eee436502","True","False","disableLegacyUserImpersonationClient;disableLegacyUserImpersonationResource;GitCreatedApp",,"OpenID Connect","False","Microsoft;No OAuth grants","","","0"
"Skype for Business","7557eb47-c689-4224-abcf-aef9bd7573df","pass","True","False","False","False","Microsoft Services","scheduler.teams.microsoft.com","True","False",,,"f8cdef31-a31e-4b4a-93e4-5f571e91255a","True","True","False","False","False",,"Application","https://scheduler.teams.microsoft.com/.default;https://api.scheduler.teams.microsoft.com/;https://scheduler.mlc.gov.teams.microsoft.us/;https://scheduler.mlc.dod.teams.microsoft.us/;https://broadcast.skype.com/;https://scheduler.teams.microsoft.com/;7557eb47-c689-4224-abcf-aef9bd7573df;https://int.attend.teams.microsoft.net/;https://prd.attend.teams.microsoft.com/;https://attend.dod.teams.microsoft.us/;https://attend.gov.teams.microsoft.us/;https://attend.teams.microsoft.com/;https://flighting-api.scheduler.teams.microsoft.com/;https://dogfood-api.scheduler.teams.microsoft.com/","True","False","",,"OpenID Connect","False","Microsoft;No OAuth grants","","","0"
"Windows Update for Business Deployment Service","61ae9cd9-7bca-458c-affc-861e2f24ba3b","pass","True","False","False","False","Microsoft Services",,"False","False",,,"f8cdef31-a31e-4b4a-93e4-5f571e91255a","True","True","False","False","False",,"Application","61ae9cd9-7bca-458c-affc-861e2f24ba3b","False","False","",,"Disabled","False","Microsoft;No OAuth grants","","","0"
"Microsoft Azure Policy Insights","1d78a85d-813d-46f0-b496-dd72f50a3ec0","pass","True","False","False","False","Microsoft Services",,"False","False",,,"f8cdef31-a31e-4b4a-93e4-5f571e91255a","True","True","False","False","False",,"Application","1d78a85d-813d-46f0-b496-dd72f50a3ec0","False","False","",,"Disabled","False","Microsoft;No OAuth grants","","","0"
"Office 365 Search Service","66a88757-258c-4c72-893c-3e8bed4d6899","pass","True","False","False","False","Microsoft Services","substrate.office.com","True","False",,,"f8cdef31-a31e-4b4a-93e4-5f571e91255a","True","True","False","False","False",,"Application","https://substrate.office.com/search;https://outlook.office365.com/autosuggest;https://outlook.office365.com/search;https://outlook.office.com/autosuggest;https://outlook.office.com/search;66a88757-258c-4c72-893c-3e8bed4d6899","True","False","",,"Disabled","False","Microsoft;No OAuth grants","","","0"
"PowerPlatform-a365wordmcp-Connector","822153a9-3909-4624-b1d2-f8b646fb39a6","pass","True","False","False","False","Microsoft Services",,"False","False",,,"f8cdef31-a31e-4b4a-93e4-5f571e91255a","True","True","False","False","False",,"Application","822153a9-3909-4624-b1d2-f8b646fb39a6","False","False","disableLegacyUserImpersonationClient;disableLegacyUserImpersonationResource;GitCreatedApp",,"OpenID Connect","False","Microsoft;No OAuth grants","","","0"
"Azure Commercial Services Tool - CST","801546d2-55cc-4ff4-b66d-134b1208deb5","pass","True","False","False","False","Microsoft Services",,"False","False",,,"f8cdef31-a31e-4b4a-93e4-5f571e91255a","True","True","False","False","False",,"Application","801546d2-55cc-4ff4-b66d-134b1208deb5","False","False","",,"OpenID Connect","False","Microsoft;No OAuth grants","","","0"
"fewqgfrewa","6ed6a458-e52b-478f-af72-7914593b72ee","pass","False","False","True","True","Base-IT Intune.cc",,"False","False",,,"a65f6b72-abef-4f0b-88d6-3256be9a72d1","False","False","False","True","False",,"Application","6ed6a458-e52b-478f-af72-7914593b72ee","False","False","WindowsAzureActiveDirectoryIntegratedApp;HideApp",,"Disabled","True","Home Tenant;Hidden;staleApps;No OAuth grants","","","0"
"MS-CE-CXG-MAC-AadShadowRoleWriter","2f5afa01-cdcb-4707-a62a-0803cc994c60","pass","True","False","False","False","Microsoft Services",,"False","False",,,"f8cdef31-a31e-4b4a-93e4-5f571e91255a","True","True","False","False","False",,"Application","2f5afa01-cdcb-4707-a62a-0803cc994c60","False","False","",,"Disabled","False","Microsoft;No OAuth grants","","","0"
"Microsoft 365 Admin portal","618dd325-23f6-4b6f-8380-4df78026e39b","pass","True","False","False","False","Microsoft Services","admin.cloud.microsoft","False","False",,,"f8cdef31-a31e-4b4a-93e4-5f571e91255a","True","True","False","False","False",,"Application","618dd325-23f6-4b6f-8380-4df78026e39b;https://admin.cloud.microsoft;https://canary.admin.cloud.microsoft;https://sdf.admin.cloud.microsoft;https://ignite.admin.cloud.microsoft","True","False","",,"OpenID Connect","False","Microsoft;No OAuth grants","","","0"
"MileIQ Admin Center","de096ee1-dae7-4ee1-8dd5-d88ccc473815","pass","True","False","False","False","Microsoft Services",,"False","False",,,"f8cdef31-a31e-4b4a-93e4-5f571e91255a","True","True","False","False","False",,"Application","de096ee1-dae7-4ee1-8dd5-d88ccc473815","False","False","",,"OpenID Connect","False","Microsoft;No OAuth grants","","","0"
"Omnichannel for CS CRM ClientApp Primary","d9ce8cfa-8bd8-4ff1-b39b-5e5dd5742935","pass","True","False","False","False","Microsoft Services","microsoft.onmicrosoft.com","False","False",,,"f8cdef31-a31e-4b4a-93e4-5f571e91255a","True","True","False","False","False",,"Application","https://microsoft.onmicrosoft.com/383f5965-1c8e-465d-8d4d-5d617a65a383;d9ce8cfa-8bd8-4ff1-b39b-5e5dd5742935;api://legacystoragegov;api://legacystorageprod","True","False","",,"OpenID Connect","False","Microsoft;No OAuth grants","","","0"
"Microsoft Mobile Application Management","0a5f63c0-b750-4f38-a71c-4fc0d58b89e2","pass","True","False","False","False","Microsoft Services","wip.mam.manage.microsoft.us","True","False",,,"f8cdef31-a31e-4b4a-93e4-5f571e91255a","True","True","False","False","False",,"Application","https://wip.mam.manage.microsoft.us/;https://wip.mam.manage-ppe.microsoft.us/;https://msmamservice.api.application;https://wip.mam.manage.microsoft.com/;0a5f63c0-b750-4f38-a71c-4fc0d58b89e2","True","False","",,"OpenID Connect","False","Microsoft;No OAuth grants","","","0"
"frada-ephemgate-hd-func","617884c2-7c82-4f8d-ad1b-37baf4afad9d","pass","True","False","False","False",,"identity.azure.net","True","False",,,,"False","False","False","False","False",,"ManagedIdentity","617884c2-7c82-4f8d-ad1b-37baf4afad9d;https://identity.azure.net/dG+GNI8VdSR6gfucGMsdrwHlJJJ5vmEfJEIESsnczlg=","True","False","",,"Disabled","False","Microsoft;No OAuth grants","","","0"
"Agent 4 (Microsoft Copilot Studio)","55f1a1c7-91d6-4690-aabf-8c0540eaa642","pass","False","False","True","False","Base-IT Intune.cc",,"False","False",,,"a65f6b72-abef-4f0b-88d6-3256be9a72d1","False","False","False","False","False",,"Application","55f1a1c7-91d6-4690-aabf-8c0540eaa642","False","False","AgenticApp;AIAgentBuilder;AgentCreatedBy:CopilotStudio;AgenticInstance;power-virtual-agents-0fd96634-64a5-b308-27f0-15f9c284b999","This application is required to support messaging and authentication for an individual chatbot built with Power Virtual Agents. Power Platform Environment: '035a17de-c1e1-e6f2-abe2-ee8e69d5c556', Bot Id: '0fd96634-64a5-b308-27f0-15f9c284b999', More information: https://go.microsoft.com/fwlink/?linkid=2096220","Disabled","False","Home Tenant;No OAuth grants","","","0"
"Microsoft Intune AndroidSync","d8877f27-09c0-43aa-8113-40151dae8b14","pass","True","False","False","False","Microsoft Services",,"False","False",,,"f8cdef31-a31e-4b4a-93e4-5f571e91255a","True","True","False","False","False",,"Application","d8877f27-09c0-43aa-8113-40151dae8b14","False","False","",,"Disabled","False","Microsoft;No OAuth grants","","","0"
"Microsoft Flow CDS Integration Service","0eda3b13-ddc9-4c25-b7dd-2f6ea073d6b7","pass","True","False","False","False","Microsoft Services",,"False","False",,,"f8cdef31-a31e-4b4a-93e4-5f571e91255a","True","True","False","False","False",,"Application","0eda3b13-ddc9-4c25-b7dd-2f6ea073d6b7","False","False","",,"OpenID Connect","False","Microsoft;No OAuth grants","","","0"
"Hybrid Compute Update Status reader","3f129865-f3ff-49a7-915d-693983e47332","pass","True","False","False","False","Microsoft Services",,"False","False","Microsoft Corporation","5206095","f8cdef31-a31e-4b4a-93e4-5f571e91255a","True","True","True","False","False",,"Application","3f129865-f3ff-49a7-915d-693983e47332","False","False","GitCreatedApp;disableLegacyUserImpersonationResource;disableLegacyUserImpersonationClient",,"Disabled","False","Microsoft;No OAuth grants","","","0"
"Intune Compliance Client Prod","a882f5bd-2492-44fe-bb55-a811aab59451","pass","True","False","False","False","Microsoft Services",,"False","False",,,"f8cdef31-a31e-4b4a-93e4-5f571e91255a","True","True","False","False","False",,"Application","a882f5bd-2492-44fe-bb55-a811aab59451","False","False","disableLegacyUserImpersonationResource;disableLegacyUserImpersonationClient",,"Disabled","False","Microsoft;No OAuth grants","","","0"
"AzUpdateCenterBilling","c476eb34-4c94-43bc-97fc-94ede0534615","pass","True","False","False","False","Microsoft Services",,"False","False",,,"f8cdef31-a31e-4b4a-93e4-5f571e91255a","True","True","False","False","False",,"Application","c476eb34-4c94-43bc-97fc-94ede0534615","False","False","GitCreatedApp;disableLegacyUserImpersonationResource;disableLegacyUserImpersonationClient",,"Disabled","False","Microsoft;No OAuth grants","","","0"
"Work IQ Tools","ea9ffc3e-8a23-4a7d-836d-234d7c7565c1","pass","True","False","False","False","Microsoft Services","auth-6ec62691-44b5-4556-bee0-433da81d471c","False","False",,,"f8cdef31-a31e-4b4a-93e4-5f571e91255a","True","True","False","False","False",,"Application","api://auth-6ec62691-44b5-4556-bee0-433da81d471c/ea9ffc3e-8a23-4a7d-836d-234d7c7565c1;api://ea9ffc3e-8a23-4a7d-836d-234d7c7565c1;https://agent365.svc.cloud.microsoft;https://agent365.svc.cloud.microsoft/;ea9ffc3e-8a23-4a7d-836d-234d7c7565c1","True","False","disableLegacyUserImpersonationClient;disableLegacyUserImpersonationResource;GitCreatedApp",,"Disabled","False","Microsoft;No OAuth grants","","","0"
"Azure Communication Services","1fd5118e-2576-4263-8130-9503064c837a","pass","True","False","False","False","Microsoft Services","auth.msft.communication.azure.com","True","False",,,"f8cdef31-a31e-4b4a-93e4-5f571e91255a","True","True","False","False","False",,"Application","https://auth.msft.communication.azure.com;1fd5118e-2576-4263-8130-9503064c837a","True","False","",,"OpenID Connect","False","Microsoft;No OAuth grants","","","0"
"Intune Grouping and Targeting Client Prod","fd14a986-6fe4-409a-883e-cdec1009cd54","pass","True","False","False","False","Microsoft Services",,"False","False",,,"f8cdef31-a31e-4b4a-93e4-5f571e91255a","True","True","False","False","False",,"Application","fd14a986-6fe4-409a-883e-cdec1009cd54","False","False","",,"Disabled","False","Microsoft;No OAuth grants","","","0"
"Microsoft Exact Data Match Service","273404b8-7ebc-4360-9f90-b40417f77b53","pass","True","False","False","False","Microsoft Services",,"False","False",,,"f8cdef31-a31e-4b4a-93e4-5f571e91255a","True","True","False","False","False",,"Application","273404b8-7ebc-4360-9f90-b40417f77b53","False","False","",,"Disabled","False","Microsoft;No OAuth grants","","","0"
"Azure AD Identity Governance - Dynamics 365 Management","c495cfdc-814f-46a1-89f0-657921c9fbe0","pass","True","False","False","False","Microsoft Services",,"False","False",,,"f8cdef31-a31e-4b4a-93e4-5f571e91255a","True","True","False","False","False",,"Application","c495cfdc-814f-46a1-89f0-657921c9fbe0","False","False","",,"Disabled","False","Microsoft;No OAuth grants","","","0"
"Security Copilot","826870f9-9fbb-4f23-81b8-3a957080dfa2","pass","True","False","False","False","Microsoft Services","api.medeina-dev.defender.microsoft.com","True","False",,,"f8cdef31-a31e-4b4a-93e4-5f571e91255a","True","True","False","False","False",,"Application","https://api.medeina-dev.defender.microsoft.com/;826870f9-9fbb-4f23-81b8-3a957080dfa2","True","False","",,"OpenID Connect","False","Microsoft;No OAuth grants","","","0"
"vmss-hci","de363f1c-4af2-46cd-8f39-3b478a14eace","pass","True","False","False","False",,"identity.azure.net","True","False",,,,"False","False","False","False","False",,"ManagedIdentity","de363f1c-4af2-46cd-8f39-3b478a14eace;https://identity.azure.net/QtcVZ6d+0XnryukFKA+7OlRudVMdLNcLtOts3ly0Pyk=","True","False","",,"Disabled","False","Microsoft;No OAuth grants","","","0"
"Request Approvals Read Platform","d8c767ef-3e9a-48c4-aef9-562696539b39","pass","True","False","False","False","Microsoft Services","api.accessreviews.identitygovernance.azure.com","True","False",,,"f8cdef31-a31e-4b4a-93e4-5f571e91255a","True","True","False","False","False",,"Application","d8c767ef-3e9a-48c4-aef9-562696539b39;https://api.accessreviews.identitygovernance.azure.com/","True","False","",,"Disabled","False","Microsoft;No OAuth grants","","","0"
"AzureContainerService","7319c514-987d-4e9b-ac3d-d38c4f427f4c","pass","True","False","False","False","Microsoft Services",,"False","False",,,"f8cdef31-a31e-4b4a-93e4-5f571e91255a","True","True","False","False","False",,"Application","7319c514-987d-4e9b-ac3d-d38c4f427f4c","False","False","",,"Disabled","False","Microsoft;No OAuth grants","","","0"
"Microsoft Device Directory Service","8f41dc7c-542c-4bdd-8eb3-e60543f607ca","pass","True","False","False","False","Microsoft Services","cs.dds.microsoft.com","True","False","Microsoft Corporation","5206095","f8cdef31-a31e-4b4a-93e4-5f571e91255a","True","True","True","False","False",,"Application","https://cs.dds.microsoft.com;8f41dc7c-542c-4bdd-8eb3-e60543f607ca","True","False","",,"OpenID Connect","False","Microsoft;No OAuth grants","","","0"
"ClusterConfigToAKS","03db181c-e9d3-4868-9097-f0b728327182","pass","True","False","False","False","Microsoft Services",,"False","False","Microsoft Corporation","5206095","f8cdef31-a31e-4b4a-93e4-5f571e91255a","True","True","True","False","False",,"Application","03db181c-e9d3-4868-9097-f0b728327182","False","False","",,"Disabled","False","Microsoft;No OAuth grants","","","0"
"SharePoint Notification Service","3138fe80-4087-4b04-80a6-8866c738028a","pass","True","False","False","False","Microsoft Services","australiaeast0-notifys.svc.ms","False","False",,,"f8cdef31-a31e-4b4a-93e4-5f571e91255a","True","True","False","False","False",,"Application","https://australiaeast0-notifys.svc.ms;https://australiaeast0.notifyp.svc.ms;https://australiaeast0.notifys.svc.ms;https://australiaeast1-notifys.svc.ms;https://australiaeastR-notifys.svc.ms;api://3138fe80-4087-4b04-80a6-8866c738028a;https://southcentralus1-akamai.notifys.svc.ms;https://centralindiaR-notifyp.svc.ms;https://francecentralR-notifyp.svc.ms;https://francesouthR-notifyp.svc.ms;https://francesouth4-notifyp.svc.ms;https://francesouth3-notifyp.svc.ms;https://francesouth2-notifyp.svc.ms;https://francesouth1-notifyp.svc.ms;https://francesouth0-notifyp.svc.ms;https://francecentral4-notifyp.svc.ms;https://francecentral3-notifyp.svc.ms;https://francecentral2-notifyp.svc.ms;https://francecentral1-notifyp.svc.ms;https://francecentral0-notifyp.svc.ms;https://usgovtexasR-notifyp.svc.ms;https://usgovvirginiaR-notifyp.svc.ms;https://westindiaR-notifyp.svc.ms;https://westeuropeR-notifyp.svc.ms;https://ukwestR-notifyp.svc.ms;https://uksouth2R-notifyp.svc.ms;https://uksouthR-notifyp.svc.ms;https://uknorthR-notifyp.svc.ms;https://southindiaR-notifyp.svc.ms;https://southeastasiaR-notifyp.svc.ms;https://southcentralusR-notifyp.svc.ms;https://northeuropeR-notifyp.svc.ms;https://northcentralusR-notifyp.svc.ms;https://koreasouthR-notifyp.svc.ms;https://koreacentralR-notifyp.svc.ms;https://japanwestR-notifyp.svc.ms;https://japaneastR-notifyp.svc.ms;https://eastusR-notifyp.svc.ms;https://eastus2R-notifyp.svc.ms;https://eastasiaR-notifyp.svc.ms;https://centralusR-notifyp.svc.ms;https://canadaeastR-notifyp.svc.ms;https://canadacentralR-notifyp.svc.ms;https://brazilsouthR-notifyp.svc.ms;https://australiasoutheastR-notifyp.svc.ms;https://australiaeastR-notifyp.svc.ms;https://southeastasiaR-notifyb.svc.ms;https://southcentralusR-notifyb.svc.ms;https://northcentralusR-notifyb.svc.ms;https://eastasiaR-notifyb.svc.ms;https://southcentralusR-notifys.svc.ms;https://northcentralusR-notifys.svc.ms;https://northcentralus0-notifyb.svc.ms;https://northcentralus1-notifyb.svc.ms;https://northcentralus2-notifyb.svc.ms;https://southcentralus0-notifyb.svc.ms;https://southcentralus1-notifyb.svc.ms;https://southcentralus2-notifyb.svc.ms;https://uknorth0-notifyp.svc.ms;https://uknorth1-notifyp.svc.ms;https://uknorth2-notifyp.svc.ms;https://uknorth3-notifyp.svc.ms;https://uknorth4-notifyp.svc.ms;https://uksouth20-notifyp.svc.ms;https://uksouth21-notifyp.svc.ms;https://uksouth22-notifyp.svc.ms;https://uksouth23-notifyp.svc.ms;https://uksouth24-notifyp.svc.ms;https://brazilsouth0-notifyp.svc.ms;https://brazilsouth1-notifyp.svc.ms;https://brazilsouth2-notifyp.svc.ms;https://brazilsouth3-notifyp.svc.ms;https://brazilsouth4-notifyp.svc.ms;https://eastasia0-notifyp.svc.ms;https://eastasia1-notifyp.svc.ms;https://eastasia2-notifyp.svc.ms;https://eastasia3-notifyp.svc.ms;https://eastasia4-notifyp.svc.ms;https://southeastasia0-notifyp.svc.ms;https://southeastasia1-notifyp.svc.ms;https://southeastasia2-notifyp.svc.ms;https://southeastasia3-notifyp.svc.ms;https://southeastasia4-notifyp.svc.ms;https://northeurope0-notifyp.svc.ms;https://northeurope1-notifyp.svc.ms;https://northeurope2-notifyp.svc.ms;https://northeurope3-notifyp.svc.ms;https://northeurope4-notifyp.svc.ms;https://westeurope0-notifyp.svc.ms;https://westeurope1-notifyp.svc.ms;https://westeurope2-notifyp.svc.ms;https://westeurope3-notifyp.svc.ms;https://westeurope4-notifyp.svc.ms;https://northcentralus0-notifyp.svc.ms;https://northcentralus1-notifyp.svc.ms;https://northcentralus2-notifyp.svc.ms;https://northcentralus3-notifyp.svc.ms;https://northcentralus4-notifyp.svc.ms;https://southcentralus0-notifyp.svc.ms;https://southcentralus1-notifyp.svc.ms;https://southcentralus2-notifyp.svc.ms;https://southcentralus3-notifyp.svc.ms;https://southcentralus4-notifyp.svc.ms;https://eastus0-notifyp.svc.ms;https://eastus1-notifyp.svc.ms;https://eastus2-notifyp.svc.ms;https://eastus3-notifyp.svc.ms;https://eastus4-notifyp.svc.ms;https://centralus0-notifyp.svc.ms;https://centralus1-notifyp.svc.ms;https://centralus2-notifyp.svc.ms;https://centralus3-notifyp.svc.ms;https://centralus4-notifyp.svc.ms;https://eastus20-notifyp.svc.ms;https://eastus21-notifyp.svc.ms;https://eastus22-notifyp.svc.ms;https://eastus23-notifyp.svc.ms;https://eastus24-notifyp.svc.ms;https://canadacentral0-notifyp.svc.ms;https://canadacentral1-notifyp.svc.ms;https://canadacentral2-notifyp.svc.ms;https://canadacentral3-notifyp.svc.ms;https://canadacentral4-notifyp.svc.ms;https://canadaeast0-notifyp.svc.ms;https://canadaeast1-notifyp.svc.ms;https://canadaeast2-notifyp.svc.ms;https://canadaeast3-notifyp.svc.ms;https://canadaeast4-notifyp.svc.ms;https://australiaeast0-notifyp.svc.ms;https://australiaeast1-notifyp.svc.ms;https://australiaeast2-notifyp.svc.ms;https://australiaeast3-notifyp.svc.ms;https://australiaeast4-notifyp.svc.ms;https://australiasoutheast0-notifyp.svc.ms;https://australiasoutheast1-notifyp.svc.ms;https://australiasoutheast2-notifyp.svc.ms;https://australiasoutheast3-notifyp.svc.ms;https://australiasoutheast4-notifyp.svc.ms;https://japaneast0-notifyp.svc.ms;https://japaneast1-notifyp.svc.ms;https://japaneast2-notifyp.svc.ms;https://japaneast3-notifyp.svc.ms;https://japaneast4-notifyp.svc.ms;https://japanwest0-notifyp.svc.ms;https://japanwest1-notifyp.svc.ms;https://japanwest2-notifyp.svc.ms;https://japanwest3-notifyp.svc.ms;https://japanwest4-notifyp.svc.ms;https://westindia0-notifyp.svc.ms;https://westindia1-notifyp.svc.ms;https://westindia2-notifyp.svc.ms;https://westindia3-notifyp.svc.ms;https://westindia4-notifyp.svc.ms;https://southindia0-notifyp.svc.ms;https://southindia1-notifyp.svc.ms;https://southindia2-notifyp.svc.ms;https://southindia3-notifyp.svc.ms;https://southindia4-notifyp.svc.ms;https://westcentralus0-notifyp.svc.ms;https://westcentralus1-notifyp.svc.ms;https://westcentralus2-notifyp.svc.ms;https://westcentralus3-notifyp.svc.ms;https://westcentralus4-notifyp.svc.ms;https://westus0-notifyp.svc.ms;https://westus1-notifyp.svc.ms;https://westus2-notifyp.svc.ms;https://westus3-notifyp.svc.ms;https://westus4-notifyp.svc.ms;https://westus20-notifyp.svc.ms;https://westus21-notifyp.svc.ms;https://westus22-notifyp.svc.ms;https://westus23-notifyp.svc.ms;https://westus24-notifyp.svc.ms;https://southeurope0-notifyp.svc.ms;https://southeurope1-notifyp.svc.ms;https://southeurope2-notifyp.svc.ms;https://southeurope3-notifyp.svc.ms;https://southeurope4-notifyp.svc.ms;https://centralindia0-notifyp.svc.ms;https://centralindia1-notifyp.svc.ms;https://centralindia2-notifyp.svc.ms;https://centralindia3-notifyp.svc.ms;https://centralindia4-notifyp.svc.ms;https://uksouth0-notifyp.svc.ms;https://uksouth1-notifyp.svc.ms;https://uksouth2-notifyp.svc.ms;https://uksouth3-notifyp.svc.ms;https://uksouth4-notifyp.svc.ms;https://ukwest0-notifyp.svc.ms;https://ukwest1-notifyp.svc.ms;https://ukwest2-notifyp.svc.ms;https://ukwest3-notifyp.svc.ms;https://ukwest4-notifyp.svc.ms;https://southcentralus3-notifyb.svc.ms;https://southcentralus4-notifyb.svc.ms;https://northcentralus3-notifyb.svc.ms;https://northcentralus4-notifyb.svc.ms;https://koreacentral0-notifyp.svc.ms;https://koreacentral1-notifyp.svc.ms;https://koreacentral2-notifyp.svc.ms;https://koreacentral3-notifyp.svc.ms;https://koreacentral4-notifyp.svc.ms;https://koreasouth0-notifyp.svc.ms;https://koreasouth1-notifyp.svc.ms;https://koreasouth2-notifyp.svc.ms;https://koreasouth3-notifyp.svc.ms;https://koreasouth4-notifyp.svc.ms;https://southeastasia0-notifyb.svc.ms;https://southeastasia1-notifyb.svc.ms;https://southeastasia2-notifyb.svc.ms;https://southeastasia3-notifyb.svc.ms;https://southeastasia4-notifyb.svc.ms;https://eastasia0-notifyb.svc.ms;https://eastasia1-notifyb.svc.ms;https://eastasia2-notifyb.svc.ms;https://eastasia3-notifyb.svc.ms;https://eastasia4-notifyb.svc.ms;https://southcentralus0-notifys.svc.ms;https://southcentralus1-notifys.svc.ms;https://southcentralus2-notifys.svc.ms;https://southcentralus3-notifys.svc.ms;https://southcentralus4-notifys.svc.ms;https://northcentralus0-notifys.svc.ms;https://northcentralus1-notifys.svc.ms;https://northcentralus2-notifys.svc.ms;https://northcentralus3-notifys.svc.ms;https://northcentralus4-notifys.svc.ms;https://usgovvirginia0-notifyp.svc.ms;https://usgovvirginia1-notifyp.svc.ms;https://usgovvirginia2-notifyp.svc.ms;https://usgovvirginia3-notifyp.svc.ms;https://usgovvirginia4-notifyp.svc.ms;https://usgovtexas0-notifyp.svc.ms;https://usgovtexas1-notifyp.svc.ms;https://usgovtexas2-notifyp.svc.ms;https://usgovtexas3-notifyp.svc.ms;https://usgovtexas4-notifyp.svc.ms;3138fe80-4087-4b04-80a6-8866c738028a;https://germanywestcentralR-notifyp.svc.ms;https://germanywestcentral4-notifyp.svc.ms;https://germanywestcentral3-notifyp.svc.ms;https://germanywestcentral2-notifyp.svc.ms;https://germanywestcentral1-notifyp.svc.ms;https://germanywestcentral0-notifyp.svc.ms;https://germanynorthR-notifyp.svc.ms;https://germanynorth4-notifyp.svc.ms;https://germanynorth3-notifyp.svc.ms;https://germanynorth2-notifyp.svc.ms;https://germanynorth1-notifyp.svc.ms;https://germanynorth0-notifyp.svc.ms;https://switzerlandwestR-notifyp.svc.ms;https://switzerlandwest4-notifyp.svc.ms;https://switzerlandwest3-notifyp.svc.ms;https://switzerlandwest2-notifyp.svc.ms;https://switzerlandwest1-notifyp.svc.ms;https://switzerlandwest0-notifyp.svc.ms;https://switzerlandnorthR-notifyp.svc.ms;https://switzerlandnorth4-notifyp.svc.ms;https://switzerlandnorth3-notifyp.svc.ms;https://switzerlandnorth2-notifyp.svc.ms;https://switzerlandnorth1-notifyp.svc.ms;https://switzerlandnorth0-notifyp.svc.ms;https://uaenorthR-notifyp.svc.ms;https://uaenorth4-notifyp.svc.ms;https://uaenorth3-notifyp.svc.ms;https://uaenorth2-notifyp.svc.ms;https://uaenorth1-notifyp.svc.ms;https://uaenorth0-notifyp.svc.ms;https://uaecentralR-notifyp.svc.ms;https://uaecentral4-notifyp.svc.ms;https://uaecentral3-notifyp.svc.ms;https://uaecentral2-notifyp.svc.ms;https://uaecentral1-notifyp.svc.ms;https://uaecentral0-notifyp.svc.ms;https://southafricanorthR-notifyp.svc.ms;https://southafricanorth4-notifyp.svc.ms;https://southafricanorth3-notifyp.svc.ms;https://southafricanorth2-notifyp.svc.ms;https://southafricanorth1-notifyp.svc.ms;https://southafricanorth0-notifyp.svc.ms;https://southafricawestR-notifyp.svc.ms;https://southafricawest4-notifyp.svc.ms;https://southafricawest3-notifyp.svc.ms;https://southafricawest2-notifyp.svc.ms;https://southafricawest1-notifyp.svc.ms;https://southafricawest0-notifyp.svc.ms;https://francecentral4-notifyb.svc.ms;https://francecentral3-notifyb.svc.ms;https://francecentral2-notifyb.svc.ms;https://francecentral1-notifyb.svc.ms;https://francecentral0-notifyb.svc.ms;https://francesouth4-notifyb.svc.ms;https://francesouth3-notifyb.svc.ms;https://francesouth2-notifyb.svc.ms;https://francesouth1-notifyb.svc.ms;https://francesouth0-notifyb.svc.ms;https://francesouthR-notifyb.svc.ms;https://francecentralR-notifyb.svc.ms;https://norwaywestr-notifyp.svc.ms;https://norwaywest3-notifyp.svc.ms;https://norwaywest2-notifyp.svc.ms;https://norwaywest1-notifyp.svc.ms;https://norwaywest0-notifyp.svc.ms;https://norwayeastr-notifyp.svc.ms;https://norwayeast4-notifyp.svc.ms;https://norwayeast3-notifyp.svc.ms;https://norwayeast2-notifyp.svc.ms;https://norwayeast1-notifyp.svc.ms;https://norwayeast0-notifyp.svc.ms;https://swedencentralr-akamai.notifyp.svc.ms;https://swedensouthr-akamai.notifyp.svc.ms;https://swedensouth1-akamai.notifyp.svc.ms;https://swedensouth0-akamai.notifyp.svc.ms;https://swedencentral1-akamai.notifyp.svc.ms;https://swedencentral0-akamai.notifyp.svc.ms;https://swedensouthr-notifyp.svc.ms;https://swedensouth3-notifyp.svc.ms;https://swedensouth2-notifyp.svc.ms;https://swedensouth1-notifyp.svc.ms;https://swedensouth0-notifyp.svc.ms;https://swedencentralr-notifyp.svc.ms;https://swedencentral3-notifyp.svc.ms;https://swedencentral2-notifyp.svc.ms;https://swedencentral1-notifyp.svc.ms;https://swedencentral0-notifyp.svc.ms;https://ukwestr-akamai.notifyp.svc.ms;https://ukwest1-akamai.notifyp.svc.ms;https://ukwest0-akamai.notifyp.svc.ms;https://northeuroper-akamai.notifyp.svc.ms;https://northeurope1-akamai.notifyp.svc.ms;https://northeurope0-akamai.notifyp.svc.ms;https://eastus2r-akamai.notifyp.svc.ms;https://eastus21-akamai.notifyp.svc.ms;https://eastus20-akamai.notifyp.svc.ms;https://eastusr-akamai.notifyp.svc.ms;https://eastus1-akamai.notifyp.svc.ms;https://eastus0-akamai.notifyp.svc.ms;https://westeuroper-akamai.notifyp.svc.ms;https://westeurope1-akamai.notifyp.svc.ms;https://westeurope0-akamai.notifyp.svc.ms;https://uksouthr-akamai.notifyp.svc.ms;https://uksouth1-akamai.notifyp.svc.ms;https://uksouth0-akamai.notifyp.svc.ms;https://southcentralusr-akamai.notifyp.svc.ms;https://southcentralus1-akamai.notifyp.svc.ms;https://southcentralus0-akamai.notifyp.svc.ms;https://northcentralusr-akamai.notifyp.svc.ms;https://northcentralus1-akamai.notifyp.svc.ms;https://northcentralus0-akamai.notifyp.svc.ms;https://eastasiar-akamai.notifyp.svc.ms;https://eastasia1-akamai.notifyp.svc.ms;https://eastasia0-akamai.notifyp.svc.ms;https://centralusr-akamai.notifyp.svc.ms;https://centralus1-akamai.notifyp.svc.ms;https://centralus0-akamai.notifyp.svc.ms;https://australiasoutheastr-akamai.notifyp.svc.ms;https://australiasoutheast1-akamai.notifyp.svc.ms;https://australiasoutheast0-akamai.notifyp.svc.ms;https://australiaeastr-akamai.notifyp.svc.ms;https://australiaeast1-akamai.notifyp.svc.ms;https://australiaeast0-akamai.notifyp.svc.ms;https://switzerlandwestr-akamai.notifyp.svc.ms;https://switzerlandwest1-akamai.notifyp.svc.ms;https://switzerlandwest0-akamai.notifyp.svc.ms;https://switzerlandnorthr-akamai.notifyp.svc.ms;https://switzerlandnorth1-akamai.notifyp.svc.ms;https://switzerlandnorth0-akamai.notifyp.svc.ms;https://southindiar-akamai.notifyp.svc.ms;https://southindia1-akamai.notifyp.svc.ms;https://southindia0-akamai.notifyp.svc.ms;https://southeastasiar-akamai.notifyp.svc.ms;https://southeastasia1-akamai.notifyp.svc.ms;https://southeastasia0-akamai.notifyp.svc.ms;https://japanwestr-akamai.notifyp.svc.ms;https://japanwest1-akamai.notifyp.svc.ms;https://japanwest0-akamai.notifyp.svc.ms;https://japaneastr-akamai.notifyp.svc.ms;https://japaneast1-akamai.notifyp.svc.ms;https://japaneast0-akamai.notifyp.svc.ms;https://francesouthr-akamai.notifyp.svc.ms;https://francesouth1-akamai.notifyp.svc.ms;https://francesouth0-akamai.notifyp.svc.ms;https://francecentralr-akamai.notifyp.svc.ms;https://francecentral1-akamai.notifyp.svc.ms;https://francecentral0-akamai.notifyp.svc.ms;https://centralindiar-akamai.notifyp.svc.ms;https://centralindia1-akamai.notifyp.svc.ms;https://centralindia0-akamai.notifyp.svc.ms;https://brazilsouthr-akamai.notifyp.svc.ms;https://brazilsouth1-akamai.notifyp.svc.ms;https://brazilsouth0-akamai.notifyp.svc.ms;https://uaenorthr-akamai.notifyp.svc.ms;https://uaenorth1-akamai.notifyp.svc.ms;https://uaenorth0-akamai.notifyp.svc.ms;https://uaecentralr-akamai.notifyp.svc.ms;https://uaecentral1-akamai.notifyp.svc.ms;https://uaecentral0-akamai.notifyp.svc.ms;https://southafricawestr-akamai.notifyp.svc.ms;https://southafricawest1-akamai.notifyp.svc.ms;https://southafricawest0-akamai.notifyp.svc.ms;https://southafricanorthr-akamai.notifyp.svc.ms;https://southafricanorth1-akamai.notifyp.svc.ms;https://southafricanorth0-akamai.notifyp.svc.ms;https://norwaywestr-akamai.notifyp.svc.ms;https://norwaywest1-akamai.notifyp.svc.ms;https://norwaywest0-akamai.notifyp.svc.ms;https://norwayeastr-akamai.notifyp.svc.ms;https://norwayeast1-akamai.notifyp.svc.ms;https://norwayeast0-akamai.notifyp.svc.ms;https://koreasouthr-akamai.notifyp.svc.ms;https://koreasouth1-akamai.notifyp.svc.ms;https://koreasouth0-akamai.notifyp.svc.ms;https://koreacentralr-akamai.notifyp.svc.ms;https://koreacentral1-akamai.notifyp.svc.ms;https://koreacentral0-akamai.notifyp.svc.ms;https://germanywestcentralr-akamai.notifyp.svc.ms;https://germanywestcentral1-akamai.notifyp.svc.ms;https://germanywestcentral0-akamai.notifyp.svc.ms;https://germanynorthr-akamai.notifyp.svc.ms;https://germanynorth1-akamai.notifyp.svc.ms;https://germanynorth0-akamai.notifyp.svc.ms;https://westindiar-akamai.notifyp.svc.ms;https://westindia1-akamai.notifyp.svc.ms;https://westindia0-akamai.notifyp.svc.ms;https://canadaeastr-akamai.notifyp.svc.ms;https://canadaeast1-akamai.notifyp.svc.ms;https://canadaeast0-akamai.notifyp.svc.ms;https://canadacentralr-akamai.notifyp.svc.ms;https://canadacentral1-akamai.notifyp.svc.ms;https://canadacentral0-akamai.notifyp.svc.ms;https://southeastasiar-akamai.notifyb.svc.ms;https://southeastasia3-akamai.notifyb.svc.ms;https://southeastasia2-akamai.notifyb.svc.ms;https://southeastasia1-akamai.notifyb.svc.ms;https://southeastasia0-akamai.notifyb.svc.ms;https://southcentralusr-akamai.notifyb.svc.ms;https://southcentralus3-akamai.notifyb.svc.ms;https://southcentralus2-akamai.notifyb.svc.ms;https://southcentralus1-akamai.notifyb.svc.ms;https://southcentralus0-akamai.notifyb.svc.ms;https://northcentralusr-akamai.notifyb.svc.ms;https://northcentralus3-akamai.notifyb.svc.ms;https://northcentralus2-akamai.notifyb.svc.ms;https://northcentralus1-akamai.notifyb.svc.ms;https://northcentralus0-akamai.notifyb.svc.ms;https://francesouthr-akamai.notifyb.svc.ms;https://francesouth1-akamai.notifyb.svc.ms;https://francesouth0-akamai.notifyb.svc.ms;https://francecentralr-akamai.notifyb.svc.ms;https://francecentral1-akamai.notifyb.svc.ms;https://francecentral0-akamai.notifyb.svc.ms;https://eastasiar-akamai.notifyb.svc.ms;https://eastasia3-akamai.notifyb.svc.ms;https://eastasia2-akamai.notifyb.svc.ms;https://eastasia1-akamai.notifyb.svc.ms;https://eastasia0-akamai.notifyb.svc.ms;https://southcentralusr-akamai.notifys.svc.ms;https://southcentralus1-akamai.notifys.svc.mc;https://southcentralus0-akamai.notifys.svc.ms;https://northcentralusr-akamai.notifys.svc.ms;https://northcentralus1-akamai.notifys.svc.ms;https://northcentralus0-akamai.notifys.svc.ms;https://brazilsoutheastr-notifyp.svc.ms;https://brazilsoutheast2-notifyp.svc.ms;https://brazilsoutheast1-notifyp.svc.ms;https://brazilsoutheast0-notifyp.svc.ms;https://qatarcentralr-akamai.notifyp.svc.ms;https://qatarcentral1-akamai.notifyp.svc.ms;https://qatarcentral0-akamai.notifyp.svc.ms;https://qatarcentralr-notifyp.svc.ms;https://qatarcentral3-notifyp.svc.ms;https://qatarcentral2-notifyp.svc.ms;https://qatarcentral1-notifyp.svc.ms;https://qatarcentral0-notifyp.svc.ms","False","False","",,"Disabled","False","Microsoft;No OAuth grants","","","0"
"VPN Server","aa2cf06e-3c55-4f5d-bf47-b4eae1e0dc6c","pass","False","False","True","False","Base-IT Intune.cc",,"False","False",,,"a65f6b72-abef-4f0b-88d6-3256be9a72d1","False","False","False","True","False",,"Application","aa2cf06e-3c55-4f5d-bf47-b4eae1e0dc6c;urn:vpn_cert","False","False","WindowsAzureActiveDirectoryIntegratedApp",,"OpenID Connect","True","Home Tenant;staleApps;No OAuth grants","","","0"
"Skype Business Voice Directory","27b24f1f-688b-4661-9594-0fdfde972edc","pass","True","False","False","False","Microsoft Services",,"False","False","Microsoft Corporation","5206095","f8cdef31-a31e-4b4a-93e4-5f571e91255a","True","True","True","False","False",,"Application","27b24f1f-688b-4661-9594-0fdfde972edc","False","False","",,"Disabled","False","Microsoft;No OAuth grants","","","0"
"test_-testexport","f7881bcb-c489-4ea8-a9ab-1c0c5fe27cbc","pass","True","False","False","False",,"identity.azure.net","True","False",,,,"False","False","False","False","False",,"ManagedIdentity","f7881bcb-c489-4ea8-a9ab-1c0c5fe27cbc;https://identity.azure.net/70oiqWsmnB6xetZN9q9JugB1un5ZNgDOaTac3fcIQD0=","True","False","",,"Disabled","False","Microsoft;No OAuth grants","","","0"
"ATHQHCICL01","f74e373e-8131-4fe1-9c78-28413574a9d9","pass","False","False","True","True","Base-IT Intune.cc",,"False","False",,,"a65f6b72-abef-4f0b-88d6-3256be9a72d1","False","False","False","True","False",,"Application","f74e373e-8131-4fe1-9c78-28413574a9d9","False","False","HideApp;WindowsAzureActiveDirectoryIntegratedApp",,"Disabled","True","Home Tenant;Hidden;staleApps;No OAuth grants","","","0"
"Cosmos DB Fleet Analytics","657f5199-9902-4e65-bfba-5a92f98ee882","pass","True","False","False","False","Microsoft Services",,"False","False",,,"f8cdef31-a31e-4b4a-93e4-5f571e91255a","True","True","False","False","False",,"Application","657f5199-9902-4e65-bfba-5a92f98ee882","False","False","disableLegacyUserImpersonationClient;disableLegacyUserImpersonationResource;GitCreatedApp",,"Disabled","False","Microsoft;No OAuth grants","","","0"
"AAD Staged Rollout","891dc8ed-860a-4db7-8988-cb2fa58da3fc","pass","True","False","False","False","Microsoft Services",,"False","False",,,"f8cdef31-a31e-4b4a-93e4-5f571e91255a","True","True","False","False","False",,"Application","891dc8ed-860a-4db7-8988-cb2fa58da3fc","False","False","",,"Disabled","False","Microsoft;No OAuth grants","","","0"
"Azure Graph","dbcbd02a-d7c4-42fb-8c27-b07e5118b848","pass","True","False","False","False","Microsoft Services",,"False","False",,,"f8cdef31-a31e-4b4a-93e4-5f571e91255a","True","True","False","False","False",,"Application","dbcbd02a-d7c4-42fb-8c27-b07e5118b848","False","False","",,"Disabled","False","Microsoft;No OAuth grants","","","0"
"Defender for Cloud Apps - Microsoft Copilot Collector","6d81daa3-fdfe-4d42-a619-5b89358c3838","pass","True","False","False","False","Microsoft Services","6d81daa3-fdfe-4d42-a619-5b89358c3838","False","False",,,"f8cdef31-a31e-4b4a-93e4-5f571e91255a","True","True","False","False","False",,"Application","6d81daa3-fdfe-4d42-a619-5b89358c3838;api://6d81daa3-fdfe-4d42-a619-5b89358c3838;https://mos3-subscriber.stg-inline.mda.microsoft-int.com;https://mos3-subscriber.prd-inline.mda.microsoft.com","True","False","disableLegacyUserImpersonationClient;disableLegacyUserImpersonationResource;GitCreatedApp",,"Disabled","False","Microsoft;No OAuth grants","","","0"
"Azure Management Groups","f2c304cf-8e7e-4c3f-8164-16299ad9d272","pass","True","False","False","False","Microsoft Services",,"False","False",,,"f8cdef31-a31e-4b4a-93e4-5f571e91255a","True","True","False","False","False",,"Application","f2c304cf-8e7e-4c3f-8164-16299ad9d272","False","False","",,"Disabled","False","Microsoft;No OAuth grants","","","0"
"Skype and Teams Tenant Admin API","48ac35b8-9aa8-4d74-927d-1f4a14a0b239","pass","True","False","False","False","Microsoft Services","api.interfaces.records.teams.microsoft.com","True","False",,,"f8cdef31-a31e-4b4a-93e4-5f571e91255a","True","True","False","False","False",,"Application","https://api.interfaces.records.teams.microsoft.com;48ac35b8-9aa8-4d74-927d-1f4a14a0b239;https://ring0.api.interfaces.records.teams.microsoft.com;https://msit.api.interfaces.records.teams.microsoft.com","True","False","",,"Disabled","False","Microsoft;No OAuth grants","","","0"
"OfficeServicesManager","9e4a5442-a5c9-4f6f-b03f-5b9fcaaf24b1","pass","True","False","False","False","Microsoft Services","discovery.api.osi.office365.us","False","False",,,"f8cdef31-a31e-4b4a-93e4-5f571e91255a","True","True","False","False","False",,"Application","https://discovery.api.osi.office365.us;https://discovery.api.osi.apps.mil;https://api.office.net;https://discovery.api.office.net;9e4a5442-a5c9-4f6f-b03f-5b9fcaaf24b1;9e4a5442-a5c9-4f6f-b03f-5b9fcaaf24b1/odc.officeapps.live.com","True","False","disableAcceptingTenantedPassthroughTokens;disableRequestingTenantedPassthroughTokens",,"OpenID Connect","False","Microsoft;No OAuth grants","","","0"
"CreateIncident-SharedMailbox","f98dd820-7f7b-4729-ae48-4f681d19ae74","pass","True","False","False","False",,"identity.azure.net","True","False",,,,"False","False","False","False","False",,"ManagedIdentity","f98dd820-7f7b-4729-ae48-4f681d19ae74;https://identity.azure.net/nzcqsSbs9rDk0IhfLuzeppgATl5hsBKHNaT1nhFPHgg=","True","False","",,"Disabled","False","Microsoft;No OAuth grants","","","0"
"mysamlapp","c7670717-a108-4912-b412-60df62e73557","pass","False","False","True","False","Base-IT Intune.cc",,"False","False",,,"a65f6b72-abef-4f0b-88d6-3256be9a72d1","False","False","False","True","False",,"Application","c7670717-a108-4912-b412-60df62e73557","False","False","WindowsAzureActiveDirectoryCustomSingleSignOnApplication;WindowsAzureActiveDirectoryIntegratedApp",,"Disabled","True","Home Tenant;staleApps;No OAuth grants","","","0"
"EventGrid Data API","823c0a78-5de0-4445-a7f5-c2f42d7dc89b","pass","True","False","False","False","Microsoft Services","eventgrid.azure.net","True","False",,,"f8cdef31-a31e-4b4a-93e4-5f571e91255a","True","True","False","False","False",,"Application","823c0a78-5de0-4445-a7f5-c2f42d7dc89b;https://eventgrid.azure.net","True","False","",,"Disabled","False","Microsoft;No OAuth grants","","","0"
"Microsoft Intune IW Service","b8066b99-6e67-41be-abfa-75db1a2c8809","pass","True","False","False","False","Microsoft Services",,"False","False",,,"f8cdef31-a31e-4b4a-93e4-5f571e91255a","True","True","False","False","False",,"Application","b8066b99-6e67-41be-abfa-75db1a2c8809","False","False","",,"Disabled","False","Microsoft;No OAuth grants","","","0"
"Address Migration App","0a33fece-8626-478a-b9b2-381973ed184a","pass","True","False","False","False","Microsoft Services",,"False","False",,,"f8cdef31-a31e-4b4a-93e4-5f571e91255a","True","True","False","False","False",,"Application","0a33fece-8626-478a-b9b2-381973ed184a","False","False","disableLegacyUserImpersonationClient;disableLegacyUserImpersonationResource;GitCreatedApp",,"Disabled","False","Microsoft;No OAuth grants","","","0"
"Azure ContainerApps Auth","6104ad52-755e-428b-9fb5-5fdf4d2c4d53","pass","True","False","False","False","Microsoft Services","ext.azurecontainerapps.dev","False","False","Microsoft Corporation","5206095","f8cdef31-a31e-4b4a-93e4-5f571e91255a","True","True","True","False","False",,"Application","6104ad52-755e-428b-9fb5-5fdf4d2c4d53;https://ext.azurecontainerapps.dev","False","False","disableLegacyUserImpersonationClient;disableLegacyUserImpersonationResource;GitCreatedApp",,"OpenID Connect","False","Microsoft;No OAuth grants","","","0"
"Search Federation Connector - Dataverse","9c60a40b-b5c5-4d01-8588-776209c80db3","pass","True","False","False","False","Microsoft Services","9c60a40b-b5c5-4d01-8588-776209c80db3","False","False",,,"f8cdef31-a31e-4b4a-93e4-5f571e91255a","True","True","False","False","False",,"Application","api://9c60a40b-b5c5-4d01-8588-776209c80db3;9c60a40b-b5c5-4d01-8588-776209c80db3","False","False","",,"Disabled","False","Microsoft;No OAuth grants","","","0"
"Windows Cloud Login","270efc09-cd0d-444b-a71f-39af4910ec45","pass","True","False","False","False","Microsoft Services","270efc09-cd0d-444b-a71f-39af4910ec45","False","False","Microsoft Corporation","5206095","f8cdef31-a31e-4b4a-93e4-5f571e91255a","True","True","True","False","False",,"Application","ms-device-service://270efc09-cd0d-444b-a71f-39af4910ec45;270efc09-cd0d-444b-a71f-39af4910ec45","False","False","GitCreatedApp;disableLegacyUserImpersonationResource;disableLegacyUserImpersonationClient",,"Disabled","False","Microsoft;No OAuth grants","","","0"
"AssistAPI","2b8844d8-6c87-4fce-97a0-fbec9006e140","pass","True","False","False","False","Microsoft Services","prv.assist.microsoft.com","True","False",,,"f8cdef31-a31e-4b4a-93e4-5f571e91255a","True","True","False","False","False",,"Application","https://prv.assist.microsoft.com;https://assist.microsoft.com;https://businessassist.microsoft.com;https://business-assist.microsoft.com;2b8844d8-6c87-4fce-97a0-fbec9006e140","True","False","disableLegacyUserImpersonationClient;disableLegacyUserImpersonationResource",,"OpenID Connect","False","Microsoft;No OAuth grants","","","0"
"Marketplace Reviews","a4c1cdb3-88ab-4d13-bc99-1c46106f0727","pass","True","False","False","False","Microsoft Services",,"False","False","Microsoft Corporation","5206095","f8cdef31-a31e-4b4a-93e4-5f571e91255a","True","True","True","False","False",,"Application","a4c1cdb3-88ab-4d13-bc99-1c46106f0727","False","False","",,"Disabled","False","Microsoft;No OAuth grants","","","0"
"Azure Analysis Services","4ac7d521-0382-477b-b0f8-7e1d95f85ca2","pass","True","False","False","False","Microsoft Services",,"False","False",,,"f8cdef31-a31e-4b4a-93e4-5f571e91255a","True","True","False","False","False",,"Application","4ac7d521-0382-477b-b0f8-7e1d95f85ca2","False","False","",,"OpenID Connect","False","Microsoft;No OAuth grants","","","0"
"migra-marmabe4eauthandaccessaadapp","f91cccbe-2db6-4030-9daa-60d0f9bb2508","pass","False","False","True","False","Base-IT Intune.cc",,"False","False",,,"a65f6b72-abef-4f0b-88d6-3256be9a72d1","False","False","False","False","False",,"Application","f91cccbe-2db6-4030-9daa-60d0f9bb2508","False","False","AzureMigrateAppliance",,"Disabled","True","Home Tenant;staleApps;No OAuth grants","","","0"
"Azure RBAC Data Plane","5861f7fb-5582-4c1a-83c0-fc5ffdb531a6","pass","True","False","False","False","Microsoft Services","authorization.azure.net","True","False",,,"f8cdef31-a31e-4b4a-93e4-5f571e91255a","True","True","False","False","False",,"Application","https://authorization.azure.net;5861f7fb-5582-4c1a-83c0-fc5ffdb531a6","True","False","",,"Disabled","False","Microsoft;No OAuth grants","","","0"
"Microsoft Intune Checkin","26a4ae64-5862-427f-a9b0-044e62572a4f","pass","True","False","False","False","Microsoft Services",,"False","False",,,"f8cdef31-a31e-4b4a-93e4-5f571e91255a","True","True","False","False","False",,"Application","26a4ae64-5862-427f-a9b0-044e62572a4f","False","False","",,"Disabled","False","Microsoft;No OAuth grants","","","0"
"Demo App","1bd91a26-8f5d-4aef-b346-1a0ab770e9cb","pass","False","False","True","True","Base-IT Intune.cc","1bd91a26-8f5d-4aef-b346-1a0ab770e9cb","False","False",,,"a65f6b72-abef-4f0b-88d6-3256be9a72d1","False","False","False","True","False",,"Application","1bd91a26-8f5d-4aef-b346-1a0ab770e9cb;api://1bd91a26-8f5d-4aef-b346-1a0ab770e9cb","False","False","WindowsAzureActiveDirectoryIntegratedApp;HideApp",,"OpenID Connect","True","Home Tenant;Hidden;staleApps;No OAuth grants","","","0"
"Azure Container Registry - Dataplane","a3747411-ce7c-4888-9ddc-3a230786ca19","pass","True","False","False","False","Microsoft Services",,"False","False",,,"f8cdef31-a31e-4b4a-93e4-5f571e91255a","True","True","False","False","False",,"Application","a3747411-ce7c-4888-9ddc-3a230786ca19","False","False","",,"Disabled","False","Microsoft;No OAuth grants","","","0"
"YouTube","7bbfc232-c917-4e11-aa5d-af16b4e787ab","pass","False","False","True","False","Base-IT Intune.cc",,"False","False",,,"a65f6b72-abef-4f0b-88d6-3256be9a72d1","False","False","False","True","False",,"Application","7bbfc232-c917-4e11-aa5d-af16b4e787ab","False","False","WindowsAzureActiveDirectoryIntegratedApp",,"OpenID Connect","True","Home Tenant;staleApps;No OAuth grants","","","0"
"Office Shredding Service","b97b6bd4-a49f-4a0c-af18-af507d1da76c","pass","True","False","False","False","Microsoft Services","shredder.osi.officeppe.net","False","False",,,"f8cdef31-a31e-4b4a-93e4-5f571e91255a","True","True","False","False","False",,"Application","https://shredder.osi.officeppe.net/;https://shredder.osi.officeppe.net;https://shredder-msit.osi.office.net/;https://shredder-msit.osi.office.net;https://msit.cosmic.shredder.osi.office.net/;https://msit.cosmic.shredder.osi.office.net;https://shredder-gcc.osi.office.net/;https://shredder-gcc.osi.office.net;https://usge-000.shredder.osi.office.net/;https://usge-000.shredder.osi.office.net;https://usgsw-000.shredder.osi.office.net/;https://usgsw-000.shredder.osi.office.net;https://shredder-us.osi.office.net/;https://shredder-us.osi.office.net;https://eus-000.shredder.osi.office.net/;https://eus-000.shredder.osi.office.net;https://neu-000.shredder.osi.office.net/;https://neu-000.shredder.osi.office.net;https://sea-000.shredder.osi.office.net/;https://sea-000.shredder.osi.office.net;https://shredder.osi.office.net/;https://shredder.osi.office.net;https://wus-000.shredder.osi.office.net/;https://wus-000.shredder.osi.office.net;https://weu-000.shredder.osi.office.net;https://weu-000.shredder.osi.office.net/;https://shredder-eu.osi.office.net;https://shredder-eu.osi.office.net/;b97b6bd4-a49f-4a0c-af18-af507d1da76c;https://wus2-000.shredder.osi.office.net/;https://wus2-000.shredder.osi.office.net;https://shredder-test.osi.office.net/;https://shredder-test.osi.office.net;https://jpw-000.shredder.osi.office.net/;https://jpw-000.shredder.osi.office.net;https://cus-000.shredder.osi.office.net/;https://cus-000.shredder.osi.office.net;https://weu-001.shredder.osi.office.net/;https://weu-001.shredder.osi.office.net;https://eus-azsc-000.shredder.osi.office.net/;https://eus-azsc-000.shredder.osi.office.net;https://sea-azsc-000.shredder.osi.office.net/;https://sea-azsc-000.shredder.osi.office.net;https://jpe-azsc-000.shredder.osi.office.net/;https://jpe-azsc-000.shredder.osi.office.net;https://neu-azsc-000.shredder.osi.office.net/;https://neu-azsc-000.shredder.osi.office.net;https://weu-azsc-000.shredder.osi.office.net/;https://weu-azsc-000.shredder.osi.office.net;https://wus-azsc-000.shredder.osi.office.net/;https://wus-azsc-000.shredder.osi.office.net;https://brzs-azsc-010.shredder.osi.office.net;https://wus2-azsc-010.shredder.osi.office.net;https://wus-azsc-010.shredder.osi.office.net;https://wus-011.shredder.osi.office.net;https://wus-010.shredder.osi.office.net;https://weu-azsc-010.shredder.osi.office.net;https://weu-011.shredder.osi.office.net;https://weu-010.shredder.osi.office.net;https://uks-011.shredder.osi.office.net;https://uks-010.shredder.osi.office.net;https://sea-azsc-010.shredder.osi.office.net;https://sea-011.shredder.osi.office.net;https://sea-010.shredder.osi.office.net;https://scus-azsc-010.shredder.osi.office.net;https://scus-011.shredder.osi.office.net;https://scus-010.shredder.osi.office.net;https://neu-azsc-010.shredder.osi.office.net;https://neu-011.shredder.osi.office.net;https://neu-010.shredder.osi.office.net;https://jpe-azsc-010.shredder.osi.office.net;https://jpe-011.shredder.osi.office.net;https://jpe-010.shredder.osi.office.net;https://frc-azsc-010.shredder.osi.office.net;https://frc-011.shredder.osi.office.net;https://frc-010.shredder.osi.office.net;https://eus-azsc-010.shredder.osi.office.net;https://eus-011.shredder.osi.office.net;https://eus-010.shredder.osi.office.net;https://brzs-011.shredder.osi.office.net;https://brzs-010.shredder.osi.office.net;https://aue-011.shredder.osi.office.net;https://aue-010.shredder.osi.office.net;https://wus2-010.shredder.osi.office.net/;https://wus2-010.shredder.osi.office.net","False","False","",,"OpenID Connect","False","Microsoft;No OAuth grants","","","0"
"Conferencing Virtual Assistant","9e133cac-5238-4d1e-aaa0-d8ff4ca23f4e","pass","True","False","False","False","Microsoft Services",,"False","False","Microsoft Corporation","5206095","f8cdef31-a31e-4b4a-93e4-5f571e91255a","True","True","True","False","False",,"Application","9e133cac-5238-4d1e-aaa0-d8ff4ca23f4e","False","False","",,"Disabled","False","Microsoft;No OAuth grants","","","0"
"SchGeAutomation_7bPA5rL7tMEiluW74qqZfZI+Kr1mOf0PsUsPGtD9H1c=","cf5d0381-1860-4555-83e1-269ce1944e8d","pass","False","False","True","False","Base-IT Intune.cc","spn","False","False",,,"a65f6b72-abef-4f0b-88d6-3256be9a72d1","False","False","False","False","False",,"Application","cf5d0381-1860-4555-83e1-269ce1944e8d;https://spn/7bPA5rL7tMEiluW74qqZfZI%2bKr1mOf0PsUsPGtD9H1c%3d","False","False","",,"Disabled","True","Home Tenant;staleApps;No OAuth grants","","","0"
"AVD001-1","6b1d36aa-36ae-4327-8570-d0c0a65f5a3e","pass","True","False","False","False",,"identity.azure.net","True","False",,,,"False","False","False","False","False",,"ManagedIdentity","https://identity.azure.net//Y3U/U+/538whqPyjXDK341orOi92uYotTcXbGXs+jk=;6b1d36aa-36ae-4327-8570-d0c0a65f5a3e","True","False","",,"Disabled","False","Microsoft;No OAuth grants","","","0"
"Azure Blueprints","f71766dc-90d9-4b7d-bd9d-4499c4331c3f","pass","True","False","False","False","Microsoft Services",,"False","False",,,"f8cdef31-a31e-4b4a-93e4-5f571e91255a","True","True","False","False","False",,"Application","f71766dc-90d9-4b7d-bd9d-4499c4331c3f","False","False","",,"Disabled","False","Microsoft;No OAuth grants","","","0"
"Azure SQL Database Backup To Azure Backup Vault","e4ab13ed-33cb-41b4-9140-6e264582cf85","pass","True","False","False","False","Microsoft Services",,"False","False",,,"f8cdef31-a31e-4b4a-93e4-5f571e91255a","True","True","False","False","False",,"Application","e4ab13ed-33cb-41b4-9140-6e264582cf85","False","False","",,"Disabled","False","Microsoft;No OAuth grants","","","0"
"WindowsDefenderATP","fc780465-2017-40d4-a0c5-307022471b92","pass","True","False","False","False","Microsoft Services","publicapi-prd.trafficmanager.net","False","False",,,"f8cdef31-a31e-4b4a-93e4-5f571e91255a","True","True","False","False","False",,"Application","https://publicapi-prd.trafficmanager.net/;https://managementapi.securitycenter.windows.com/;https://securitycenter.onmicrosoft.com/windowsatpservice;https://api.securitycenter.windows.com/;https://userrequestsgraphapiep-prd.trafficmanager.net;fc780465-2017-40d4-a0c5-307022471b92;https://securitycenter.microsoft.com/mtp;https://api-uk.securitycenter.microsoft.com;https://api-eu.securitycenter.microsoft.com;https://api-us.securitycenter.microsoft.com;https://api.securitycenter.microsoft.com;https://api-gov.securitycenter.microsoft.us;https://securityoperations.microsoft.com;https://api.securitycenter.windows.us/;https://api-gcc.securitycenter.microsoft.us/;https://userrequestsgraphapiep-prd.trafficmanager.net/;https://api.securitycenter.windows.com;https://securitycenter.onmicrosoft.com/windowsatpservice/;https://managementapi.securitycenter.windows.com;https://publicapi-prd.trafficmanager.net;https://api.securitycenter.windows.us;https://securityoperations.microsoft.com/;https://api-gov.securitycenter.microsoft.us/;https://api-us.securitycenter.microsoft.com/;https://api-eu.securitycenter.microsoft.com/;https://api-uk.securitycenter.microsoft.com/;https://securitycenter.microsoft.com/mtp/;https://api-gcc.securitycenter.microsoft.us;https://api.securitycenter.microsoft.com/","True","False","",,"OpenID Connect","False","Microsoft;No OAuth grants","","","0"
"Azure Data Explorer","2746ea77-4702-4b45-80ca-3c97e680e8b7","pass","True","False","False","False","Microsoft Services","kusto.kustodev.azuresynapse-dogfood.net","False","False",,,"f8cdef31-a31e-4b4a-93e4-5f571e91255a","True","True","False","False","False",,"Application","https://kusto.kustodev.azuresynapse-dogfood.net;https://kusto.kusto.azuresynapse.net;https://kusto.dev.kusto.windows.net;https://kusto.kusto.windows.net;https://kusto.aria.microsoft.com/;2746ea77-4702-4b45-80ca-3c97e680e8b7","True","False","",,"OpenID Connect","False","Microsoft;No OAuth grants","","","0"
"Avs Fleet Rp","1a5e141d-70dd-4594-8442-9fc46fa48686","pass","True","False","False","False","Microsoft Services",,"False","False","Microsoft Corporation","5206095","f8cdef31-a31e-4b4a-93e4-5f571e91255a","True","True","True","False","False",,"Application","1a5e141d-70dd-4594-8442-9fc46fa48686","False","False","",,"Disabled","False","Microsoft;No OAuth grants","","","0"
"D365 Sales - Data Enrichment (Microsoft Copilot Studio)","87c36376-176e-4b0c-9efa-880656e9710d","pass","False","False","False","False",,,"False","False",,,,"False","False","False","False","False",,"ServiceIdentity","87c36376-176e-4b0c-9efa-880656e9710d","False","False","",,"Disabled","False","No OAuth grants","","","0"
"Azure Machine Learning OpenAI","61c50b89-703d-431d-8d80-1e8618748775","pass","True","False","False","False","Microsoft Services",,"False","False","Microsoft Corporation","5206095","f8cdef31-a31e-4b4a-93e4-5f571e91255a","True","True","True","False","False",,"Application","61c50b89-703d-431d-8d80-1e8618748775","False","False","",,"Disabled","False","Microsoft;No OAuth grants","","","0"
"IT Help Desk (Microsoft Copilot Studio)","345d9b40-0a01-4d50-adf8-97b26a09b4b9","pass","False","False","True","False","Base-IT Intune.cc",,"False","False",,,"a65f6b72-abef-4f0b-88d6-3256be9a72d1","False","False","False","False","False",,"Application","345d9b40-0a01-4d50-adf8-97b26a09b4b9","False","False","AIAgentBuilder;AgentCreatedBy:CopilotStudio;AgenticApp;power-virtual-agents-59d36f0a-6bf2-4a28-9441-28fa088e293a","This application is required to support messaging and authentication for an individual chatbot built with Power Virtual Agents. Power Platform Environment: 'Default-a65f6b72-abef-4f0b-88d6-3256be9a72d1', Bot Id: '59d36f0a-6bf2-4a28-9441-28fa088e293a', More information: https://go.microsoft.com/fwlink/?linkid=2096220","Disabled","False","Home Tenant;No OAuth grants","","","0"
"Power Platform Global Discovery Service","93bd1aa4-c66b-4587-838c-ffc3174b5f13","pass","True","False","False","False","Microsoft Services",,"False","False",,,"f8cdef31-a31e-4b4a-93e4-5f571e91255a","True","True","False","False","False",,"Application","93bd1aa4-c66b-4587-838c-ffc3174b5f13","False","False","",,"Disabled","False","Microsoft;No OAuth grants","","","0"
"Microsoft_EMM_ModernWorkplace","e9c19b55-5325-4cf3-a268-e380bc74c907","pass","True","False","False","False","Microsoft Services",,"False","False",,,"f8cdef31-a31e-4b4a-93e4-5f571e91255a","True","True","False","False","False",,"Application","e9c19b55-5325-4cf3-a268-e380bc74c907","False","False","",,"OpenID Connect","False","Microsoft;No OAuth grants","","","0"
"Microsoft Modern Contact Master","224a7b82-46c9-4d6b-8db0-7360fb444681","pass","True","False","False","False","Microsoft Services",,"False","False","Microsoft Corporation","5206095","f8cdef31-a31e-4b4a-93e4-5f571e91255a","True","True","True","False","False",,"Application","224a7b82-46c9-4d6b-8db0-7360fb444681","False","False","",,"Disabled","False","Microsoft;No OAuth grants","","","0"
"Workplace Analytics","9d827643-d003-4cca-9dc8-71213a8f1644","pass","True","False","False","False","Microsoft Services","api.gcc.analysis.insights.svc.cloud.microsoft","False","False",,,"f8cdef31-a31e-4b4a-93e4-5f571e91255a","True","True","False","False","False",,"Application","https://api.gcc.analysis.insights.svc.cloud.microsoft;https://api.analysis.insights.svc.cloud.microsoft;9d827643-d003-4cca-9dc8-71213a8f1644;https://api.orginsights.viva.office.com;https://api.gcc.orginsights.viva.office.com","True","False","disableLegacyUserImpersonationResource",,"OpenID Connect","False","Microsoft;No OAuth grants","","","0"
"ITRP","297e09f8-711f-479e-97fe-cdb413c32b73","pass","False","False","True","False","Base-IT Intune.cc",,"False","False",,,"a65f6b72-abef-4f0b-88d6-3256be9a72d1","False","False","False","True","False",,"Application","297e09f8-711f-479e-97fe-cdb413c32b73","False","False","WindowsAzureActiveDirectoryIntegratedApp",,"Disabled","True","Home Tenant;staleApps;No OAuth grants","","","0"
"Microsoft Threat Protection","8ee8fdad-f234-4243-8f3b-15c294843740","pass","True","False","False","False","Microsoft Services","security.microsoft.com","True","False",,,"f8cdef31-a31e-4b4a-93e4-5f571e91255a","True","True","False","False","False",,"Application","8ee8fdad-f234-4243-8f3b-15c294843740;https://security.microsoft.com/mtp/;https://api-us.security.microsoft.com/;https://api-eu.security.microsoft.com/;https://api-uk.security.microsoft.com/;https://api-gcc.security.microsoft.us/;https://api-gov.security.microsoft.us/;https://api.security.microsoft.com/;https://api.security.microsoft.com;https://api-gov.security.microsoft.us;https://api-gcc.security.microsoft.us;https://api-uk.security.microsoft.com;https://api-eu.security.microsoft.com;https://api-us.security.microsoft.com;https://security.microsoft.com/mtp","True","False","",,"Disabled","False","Microsoft;No OAuth grants","","","0"
"MIP Exchange Solutions - ODB","8adc51cc-7477-49a4-be4e-263946b4d561","pass","True","False","False","False","Microsoft Services",,"False","False",,,"f8cdef31-a31e-4b4a-93e4-5f571e91255a","True","True","False","False","False",,"Application","8adc51cc-7477-49a4-be4e-263946b4d561","False","False","",,"Disabled","False","Microsoft;No OAuth grants","","","0"
"Universal Print Connector","80331ee5-4436-4815-883e-93bc833a9a15","pass","True","False","False","False","Microsoft Services",,"False","False",,,"f8cdef31-a31e-4b4a-93e4-5f571e91255a","True","True","False","False","False",,"Application","80331ee5-4436-4815-883e-93bc833a9a15","False","False","",,"OpenID Connect","False","Microsoft;No OAuth grants","","","0"
"IAMTenantCrawler","66244124-575c-4284-92bc-fdd00e669cea","pass","True","False","False","False","Microsoft Services",,"False","False",,,"f8cdef31-a31e-4b4a-93e4-5f571e91255a","True","True","False","False","False",,"Application","66244124-575c-4284-92bc-fdd00e669cea","False","False","",,"OpenID Connect","False","Microsoft;No OAuth grants","","","0"
"Microsoft Teams VSTS","a855a166-fd92-4c76-b60d-a791e0762432","pass","True","False","False","False","Microsoft Services",,"False","False",,,"f8cdef31-a31e-4b4a-93e4-5f571e91255a","True","True","False","False","False",,"Application","a855a166-fd92-4c76-b60d-a791e0762432","False","False","",,"OpenID Connect","False","Microsoft;No OAuth grants","","","0"
"ForPe-Flow-Beispiel (Microsoft Copilot Studio)","c77f547c-d052-41b3-8594-1a3cb7ca7344","pass","False","False","True","False","Base-IT Intune.cc",,"False","False",,,"a65f6b72-abef-4f0b-88d6-3256be9a72d1","False","False","False","False","False",,"Application","c77f547c-d052-41b3-8594-1a3cb7ca7344","False","False","AgenticApp;AIAgentBuilder;AgentCreatedBy:CopilotStudio;AgenticInstance;power-virtual-agents-702a8fee-ecf0-28fd-2668-e577e9049c1d","This application is required to support messaging and authentication for an individual chatbot built with Power Virtual Agents. Power Platform Environment: '035a17de-c1e1-e6f2-abe2-ee8e69d5c556', Bot Id: '702a8fee-ecf0-28fd-2668-e577e9049c1d', More information: https://go.microsoft.com/fwlink/?linkid=2096220","Disabled","False","Home Tenant;No OAuth grants","","","0"
"SQLVMResourceProviderAuth","bd93b475-f9e2-476e-963d-b2daf143ffb9","pass","True","False","False","False","Microsoft Services",,"False","False",,,"f8cdef31-a31e-4b4a-93e4-5f571e91255a","True","True","False","False","False",,"Application","bd93b475-f9e2-476e-963d-b2daf143ffb9","False","False","disableLegacyUserImpersonationClient;disableLegacyUserImpersonationResource",,"Disabled","False","Microsoft;No OAuth grants","","","0"
"Incidents-to-Datastorage","b06e4f43-74ac-4b6d-b8aa-3e9f39a484e2","pass","True","False","False","False",,"identity.azure.net","True","False",,,,"False","False","False","False","False",,"ManagedIdentity","https://identity.azure.net/kJAPIwI3y34NWL8Uzht4XgiMTjhrIJ6sxH562WJmg1k=;b06e4f43-74ac-4b6d-b8aa-3e9f39a484e2","True","False","",,"Disabled","False","Microsoft;No OAuth grants","","","0"
"Microsoft Intune Service Discovery","9cb77803-d937-493e-9a3b-4b49de3f5a74","pass","True","False","False","False","Microsoft Services","location.manage-beta.microsoft.com","True","False",,,"f8cdef31-a31e-4b4a-93e4-5f571e91255a","True","True","False","False","False",,"Application","https://location.manage-beta.microsoft.com;https://location.manage.microsoft.com;https://location.manage.microsoft.us;https://location.manage-test.microsoft.us;https://location.manage-ppe.microsoft.us;9cb77803-d937-493e-9a3b-4b49de3f5a74;https://location.manage-mig.microsoft.com","True","False","",,"Disabled","False","Microsoft;No OAuth grants","","","0"
"forpe-image-resource","ab6ce5ce-e215-4ef6-9617-b2c7aa983815","pass","True","False","False","False",,"identity.azure.net","True","False",,,,"False","False","False","False","False",,"ManagedIdentity","ab6ce5ce-e215-4ef6-9617-b2c7aa983815;https://identity.azure.net/E2+CzxC8VLuB6OUYy+VFWw6BNPekersPXDy/0F1KQIE=","True","False","",,"Disabled","False","Microsoft;No OAuth grants","","","0"
"PowerAI","8b62382d-110e-4db8-83a6-c7e8ee84296a","pass","True","False","False","False","Microsoft Services",,"False","False",,,"f8cdef31-a31e-4b4a-93e4-5f571e91255a","True","True","False","False","False",,"Application","8b62382d-110e-4db8-83a6-c7e8ee84296a","False","False","",,"Disabled","False","Microsoft;No OAuth grants","","","0"
"Microsoft Rights Management Services","00000012-0000-0000-c000-000000000000","pass","True","False","False","False","Microsoft Services","aadrm.sovnext2.us","False","False",,,"f8cdef31-a31e-4b4a-93e4-5f571e91255a","True","True","False","False","False",,"Application","https://aadrm.sovnext2.us;https://aadrm.sovnext2.us/;https://api.aadrm.sovnext2.us/;https://api.aadrm.sovnext2.us;https://aadrm.us;https://aadrm.com;https://api.aadrm.us/;https://aadrm.us/;https://api.aadrm.com/;https://aadrm.com/;00000012-0000-0000-c000-000000000000;00000012-0000-0000-c000-000000000000/portal.aadrm.com;https://api.aadrm.com","False","False","",,"Disabled","False","Microsoft;No OAuth grants","","","0"
"Power Platform Dataflows Common Data Service Client","99335b6b-7d9d-4216-8dee-883b26e0ccf7","pass","True","False","False","False","Microsoft Services",,"False","False","Microsoft Corporation","5206095","f8cdef31-a31e-4b4a-93e4-5f571e91255a","True","True","True","False","False",,"Application","99335b6b-7d9d-4216-8dee-883b26e0ccf7","False","False","",,"Disabled","False","Microsoft;No OAuth grants","","","0"
"Agent (Microsoft Copilot Studio)","2893a042-1c18-41b9-a790-a78ec2f316d7","pass","False","False","True","False","Base-IT Intune.cc",,"False","False",,,"a65f6b72-abef-4f0b-88d6-3256be9a72d1","False","False","False","False","False",,"Application","2893a042-1c18-41b9-a790-a78ec2f316d7","False","False","AgenticApp;AIAgentBuilder;AgentCreatedBy:CopilotStudio;AgenticInstance;power-virtual-agents-71c55887-8be8-b0ae-ba6d-5ad022673b09","This application is required to support messaging and authentication for an individual chatbot built with Power Virtual Agents. Power Platform Environment: 'Default-a65f6b72-abef-4f0b-88d6-3256be9a72d1', Bot Id: '71c55887-8be8-b0ae-ba6d-5ad022673b09', More information: https://go.microsoft.com/fwlink/?linkid=2096220","Disabled","False","Home Tenant;No OAuth grants","","","0"
"M365 Admin Services","6b91db1b-f05b-405a-a0b2-e3f60b28d645","pass","True","False","False","False","Microsoft Services","m365adminservices.microsoft.com","True","False",,,"f8cdef31-a31e-4b4a-93e4-5f571e91255a","True","True","False","False","False",,"Application","6b91db1b-f05b-405a-a0b2-e3f60b28d645;https://m365adminservices.microsoft.com;https://recommendations.microsoft.com","True","False","",,"Disabled","False","Microsoft;No OAuth grants","","","0"
"Office 365 ASI App","8be96db4-55f3-4e06-83f1-0216ad47fa8a","pass","True","False","False","False","Microsoft","microsoft.onmicrosoft.com","False","False",,,"72f988bf-86f1-41af-91ab-2d7cd011db47","True","True","False","True","False",,"Application","8be96db4-55f3-4e06-83f1-0216ad47fa8a;https://microsoft.onmicrosoft.com/fbfac950-a3ad-466b-b7aa-34e7b1947ca0","True","False","WindowsAzureActiveDirectoryIntegratedApp",,"OpenID Connect","False","Microsoft;No OAuth grants","","","0"
"PowerPlatform-planner-Connector","24b2c2bc-4e48-4b69-9c88-33f4cd04c867","pass","True","False","False","False","Microsoft Services",,"False","False",,,"f8cdef31-a31e-4b4a-93e4-5f571e91255a","True","True","False","False","False",,"Application","24b2c2bc-4e48-4b69-9c88-33f4cd04c867","False","False","disableLegacyUserImpersonationClient;disableLegacyUserImpersonationResource;GitCreatedApp",,"OpenID Connect","False","Microsoft;No OAuth grants","","","0"
"Common Data Service License Management","1c2909a7-6432-4263-a70d-929a3c1f9ee5","pass","True","False","False","False","Microsoft Services","licensing.powerplatform.microsoft.com","True","False","Microsoft Corporation","5206095","f8cdef31-a31e-4b4a-93e4-5f571e91255a","True","True","True","False","False",,"Application","https://licensing.powerplatform.microsoft.com;https://licensing-tip.powerplatform.microsoft.com;1c2909a7-6432-4263-a70d-929a3c1f9ee5;https://licensing.appsplatform.us;https://high.licensing.powerplatform.microsoft.us;https://gov.licensing.powerplatform.microsoft.us;https://licensing-test.powerplatform.microsoft.com","True","False","",,"Disabled","False","Microsoft;No OAuth grants","","","0"
"lanja test","945311b9-3463-4121-8b63-f240d0f6bd3b","pass","False","False","True","False","Base-IT Intune.cc",,"False","False",,,"a65f6b72-abef-4f0b-88d6-3256be9a72d1","False","False","False","True","False",,"Application","945311b9-3463-4121-8b63-f240d0f6bd3b","False","False","WindowsAzureActiveDirectoryCustomSingleSignOnApplication;WindowsAzureActiveDirectoryIntegratedApp",,"Disabled","True","Home Tenant;staleApps;No OAuth grants","","","0"
"Sentinel Platform Services","4500ebfb-89b6-4b14-a480-7f749797bfcd","pass","True","False","False","False","Microsoft Services",,"False","False",,,"f8cdef31-a31e-4b4a-93e4-5f571e91255a","True","True","False","False","False",,"Application","4500ebfb-89b6-4b14-a480-7f749797bfcd","False","False","disableLegacyUserImpersonationClient;disableLegacyUserImpersonationResource;GitCreatedApp",,"Disabled","False","Microsoft;No OAuth grants","","","0"
"MaintenanceResourceProvider","f18474f2-a66a-4bb0-a3c9-9b8d892092fa","pass","True","False","False","False","Microsoft Services",,"False","False",,,"f8cdef31-a31e-4b4a-93e4-5f571e91255a","True","True","False","False","False",,"Application","f18474f2-a66a-4bb0-a3c9-9b8d892092fa","False","False","",,"Disabled","False","Microsoft;No OAuth grants","","","0"
"DCINTUNECC-02","0039a0c2-0522-430f-87e3-d4dc88a047b0","pass","True","False","False","False",,"identity.azure.net","True","False",,,,"False","False","False","False","False",,"ManagedIdentity","https://identity.azure.net/0bXvobHv1k7t9WIQj/nKrbqrb2yL8xFtVrKl14zhhgU=;0039a0c2-0522-430f-87e3-d4dc88a047b0","True","False","",,"Disabled","False","Microsoft;No OAuth grants","","","0"
"AzureADDriver1","33c1fa88-9a74-4467-9956-91b716e78a7e","pass","False","False","True","False","Base-IT Intune.cc",,"False","False",,,"a65f6b72-abef-4f0b-88d6-3256be9a72d1","False","False","False","True","False",,"Application","33c1fa88-9a74-4467-9956-91b716e78a7e","False","False","WindowsAzureActiveDirectoryIntegratedApp",,"OpenID Connect","True","Home Tenant;staleApps;No OAuth grants","","","0"
"Intune Autopilot ConfidentialClient","f1346770-5b25-470b-88bd-d5744ab7952c","pass","True","False","False","False","Microsoft Services",,"False","False",,,"f8cdef31-a31e-4b4a-93e4-5f571e91255a","True","True","False","False","False",,"Application","f1346770-5b25-470b-88bd-d5744ab7952c","False","False","",,"Disabled","False","Microsoft;No OAuth grants","","","0"
"CIWebService","e1335bb1-2aec-4f92-8140-0e6e61ae77e5","pass","True","False","False","False","Microsoft Services","ci.office.net","False","False",,,"f8cdef31-a31e-4b4a-93e4-5f571e91255a","True","True","False","False","False",,"Application","https://ci.office.net;e1335bb1-2aec-4f92-8140-0e6e61ae77e5","False","False","",,"OpenID Connect","False","Microsoft;No OAuth grants","","","0"
"Leave Management (Microsoft Copilot Studio)","58cf8a63-dbfb-4cd8-9fe0-3b924e2a7e2a","pass","False","False","True","False","Base-IT Intune.cc",,"False","False",,,"a65f6b72-abef-4f0b-88d6-3256be9a72d1","False","False","False","False","False",,"Application","58cf8a63-dbfb-4cd8-9fe0-3b924e2a7e2a","False","False","AgenticApp;AIAgentBuilder;AgentCreatedBy:CopilotStudio;AgenticInstance;power-virtual-agents-4a2bac06-38af-c4b6-7b9e-78591fd096a2","This application is required to support messaging and authentication for an individual chatbot built with Power Virtual Agents. Power Platform Environment: '035a17de-c1e1-e6f2-abe2-ee8e69d5c556', Bot Id: '4a2bac06-38af-c4b6-7b9e-78591fd096a2', More information: https://go.microsoft.com/fwlink/?linkid=2096220","Disabled","False","Home Tenant;No OAuth grants","","","0"
"Monitoring Account API","be14bf7e-8ab4-49b0-9dc6-a0eddd6fa73e","pass","True","False","False","False","Microsoft Services","prometheus.monitor.azure.com","True","False","Microsoft Corporation","5206095","f8cdef31-a31e-4b4a-93e4-5f571e91255a","True","True","True","False","False",,"Application","https://prometheus.monitor.azure.com;https://data.monitor.azure.com;be14bf7e-8ab4-49b0-9dc6-a0eddd6fa73e","True","False","disableLegacyUserImpersonationClient;disableLegacyUserImpersonationResource",,"Disabled","False","Microsoft;No OAuth grants","","","0"
"CMAT","64a7b174-5779-4506-b54c-fbb0d80f1c9b","pass","True","False","False","False","Microsoft Services","cmat.tools.cp.microsoft.com","True","False",,,"f8cdef31-a31e-4b4a-93e4-5f571e91255a","True","True","False","False","False",,"Application","https://cmat.tools.cp.microsoft.com;64a7b174-5779-4506-b54c-fbb0d80f1c9b","True","False","",,"OpenID Connect","False","Microsoft;No OAuth grants","","","0"
"MicrosoftMigrateReportingFirstPartyApp","39d4ab4c-f25b-4a5c-b8e6-6e392c2549ef","pass","True","False","False","False","Microsoft Services",,"False","False",,,"f8cdef31-a31e-4b4a-93e4-5f571e91255a","True","True","False","False","False",,"Application","39d4ab4c-f25b-4a5c-b8e6-6e392c2549ef","False","False","disableLegacyUserImpersonationClient;disableLegacyUserImpersonationResource;GitCreatedApp",,"Disabled","False","Microsoft;No OAuth grants","","","0"
"Microsoft Teams AuditService","978877ea-b2d6-458b-80c7-05df932f3723","pass","True","False","False","False","Microsoft Services","auditservice.teams.microsoft.com","True","False",,,"f8cdef31-a31e-4b4a-93e4-5f571e91255a","True","True","False","False","False",,"Application","https://auditservice.teams.microsoft.com;978877ea-b2d6-458b-80c7-05df932f3723;https://auditservice.infra.gov.teams.microsoft.us;https://auditservice.infra.dod.teams.microsoft.us;https://auditservice.gcc.teams.microsoft.com","True","False","",,"Disabled","False","Microsoft;No OAuth grants","","","0"
"Skype for Business Voicemail","db7de2b5-2149-435e-8043-e080dd50afae","pass","True","False","False","False","Microsoft Services","vm.voiceapps.infra.gov.teams.microsoft.us","True","False",,,"f8cdef31-a31e-4b4a-93e4-5f571e91255a","True","True","False","False","False",,"Application","https://vm.voiceapps.infra.gov.teams.microsoft.us;https://vm.voiceapps.infra.dod.teams.microsoft.us;db7de2b5-2149-435e-8043-e080dd50afae","True","False","",,"OpenID Connect","False","Microsoft;No OAuth grants","","","0"
"Power Virtual Agents ","96ff4394-9197-43aa-b393-6a41652e21f8","pass","True","False","False","False","Microsoft Services","96ff4394-9197-43aa-b393-6a41652e21f8","False","False","Microsoft Corporation","5206095","f8cdef31-a31e-4b4a-93e4-5f571e91255a","True","True","True","False","False",,"Application","96ff4394-9197-43aa-b393-6a41652e21f8;api://96ff4394-9197-43aa-b393-6a41652e21f8;api://96ff4394-9197-43aa-b393-6a41652e21f8/","False","False","",,"OpenID Connect","False","Microsoft;No OAuth grants","","","0"
"Azure OSSRDBMS PostgreSQL Flexible Server AAD Authentication","5657e26c-cc92-45d9-bc47-9da6cfdb4ed9","pass","True","False","False","False","Microsoft Services",,"False","False",,,"f8cdef31-a31e-4b4a-93e4-5f571e91255a","True","True","False","False","False",,"Application","5657e26c-cc92-45d9-bc47-9da6cfdb4ed9","False","False","",,"Disabled","False","Microsoft;No OAuth grants","","","0"
"MSFT Security Experts AOBO Egress","ff51735f-9a5f-44dd-8411-6f2e2d3dc903","pass","True","False","False","False","Microsoft Services",,"False","False","Microsoft Corporation","5206095","f8cdef31-a31e-4b4a-93e4-5f571e91255a","True","True","True","False","False",,"Application","ff51735f-9a5f-44dd-8411-6f2e2d3dc903","False","False","",,"Disabled","False","Microsoft;No OAuth grants","","","0"
"MACE Credential Revocation","7d636ec3-f39c-44f5-8b73-fa28a0e0c5bc","pass","True","False","False","False","Microsoft Services",,"False","False",,,"f8cdef31-a31e-4b4a-93e4-5f571e91255a","True","True","False","False","False",,"Application","7d636ec3-f39c-44f5-8b73-fa28a0e0c5bc","False","False","disableLegacyUserImpersonationClient;disableLegacyUserImpersonationResource;GitCreatedApp",,"Disabled","False","Microsoft;No OAuth grants","","","0"
"Azure Lab Services","1a14be2a-e903-4cec-99cf-b2e209259a0f","pass","True","False","False","False","Microsoft Services",,"False","False","Microsoft Corporation","5206095","f8cdef31-a31e-4b4a-93e4-5f571e91255a","True","True","True","False","False",,"Application","1a14be2a-e903-4cec-99cf-b2e209259a0f","False","False","",,"OpenID Connect","False","Microsoft;No OAuth grants","","","0"
"policy enforcer","fbb123dc-fe45-41fe-ad9f-e42ab0769328","pass","True","False","False","False","Microsoft Services",,"False","False",,,"f8cdef31-a31e-4b4a-93e4-5f571e91255a","True","True","False","False","False",,"Application","fbb123dc-fe45-41fe-ad9f-e42ab0769328","False","False","",,"Disabled","False","Microsoft;No OAuth grants","","","0"
"Microsoft People Cards Service","394866fc-eedb-4f01-8536-3ff84b16be2a","pass","True","False","False","False","Microsoft Services","394866fc-eedb-4f01-8536-3ff84b16be2a","False","False","Microsoft Corporation","5206095","f8cdef31-a31e-4b4a-93e4-5f571e91255a","True","True","True","False","False",,"Application","api://394866fc-eedb-4f01-8536-3ff84b16be2a;https://loki.delve.office.com/;394866fc-eedb-4f01-8536-3ff84b16be2a;https://gcc.loki.delve.office.com/;https://dod.loki.office365.us/;https://gcchigh.loki.office365.us/","True","False","",,"OpenID Connect","False","Microsoft;No OAuth grants","","","0"
"aa-syscheck","60ac65f9-3734-4575-a5ca-8d39472d8ab2","pass","True","False","False","False",,"identity.azure.net","True","False",,,,"False","False","False","False","False",,"ManagedIdentity","60ac65f9-3734-4575-a5ca-8d39472d8ab2;https://identity.azure.net//3ypwklMsld9zonH1FM2PqvZ6pjtf+izADak9xnZO/o=","True","False","",,"Disabled","False","Microsoft;No OAuth grants","","","0"
"BlackDirect Checkup","648bce64-f703-43cb-b216-78569ce948db","pass","False","True","False","False","MainLab",,"False","False",,,"4c76293d-af38-47b7-b325-bd5f91227485","False","False","False","True","False",,"Application","648bce64-f703-43cb-b216-78569ce948db","False","False","WindowsAzureActiveDirectoryIntegratedApp",,"OpenID Connect","False","3rd Party;No OAuth grants","","","0"
"Call Recorder","4580fd1d-e5a3-4f56-9ad1-aab0e3bf8f76","pass","True","False","False","False","Microsoft Services",,"False","False",,,"f8cdef31-a31e-4b4a-93e4-5f571e91255a","True","True","False","False","False",,"Application","4580fd1d-e5a3-4f56-9ad1-aab0e3bf8f76","False","False","",,"Disabled","False","Microsoft;No OAuth grants","","","0"
"Microsoft Teams Wiki Images Migration","823dfde0-1b9a-415a-a35a-1ad34e16dd44","pass","True","False","False","False","Microsoft Services",,"False","False",,,"f8cdef31-a31e-4b4a-93e4-5f571e91255a","True","True","False","False","False",,"Application","823dfde0-1b9a-415a-a35a-1ad34e16dd44","False","False","",,"Disabled","False","Microsoft;No OAuth grants","","","0"
"Frontline Worker Orchestrator Service Test","95c6fb36-bab4-4c0f-9d29-37997c601eb7","pass","True","False","False","False","Microsoft Services",,"False","False",,,"f8cdef31-a31e-4b4a-93e4-5f571e91255a","True","True","False","False","False",,"Application","95c6fb36-bab4-4c0f-9d29-37997c601eb7","False","False","",,"Disabled","False","Microsoft;No OAuth grants","","","0"
"Intune.CC - Global Secure Access - SMB | 10.0.0.6","040b35b5-0adf-4411-9c0a-6ca6b75a4792","pass","False","False","True","True","Base-IT Intune.cc","040b35b5-0adf-4411-9c0a-6ca6b75a4792","False","False",,,"a65f6b72-abef-4f0b-88d6-3256be9a72d1","False","False","False","True","False",,"Application","040b35b5-0adf-4411-9c0a-6ca6b75a4792;api://040b35b5-0adf-4411-9c0a-6ca6b75a4792","False","False","WindowsAzureActiveDirectoryIntegratedApp;WindowsAzureActiveDirectoryCustomSingleSignOnApplication;PrivateAccessNonWebApplication;HideApp;IsAccessibleViaZTNAClient",,"Disabled","True","Home Tenant;Hidden;staleApps;No OAuth grants","","","0"
"Power Platform Authorization Service PROD","8d605dfc-1a04-4da6-9be2-8426724af3f3","pass","True","False","False","False","Microsoft Services",,"False","False",,,"f8cdef31-a31e-4b4a-93e4-5f571e91255a","True","True","False","False","False",,"Application","8d605dfc-1a04-4da6-9be2-8426724af3f3","False","False","disableLegacyUserImpersonationClient;disableLegacyUserImpersonationResource",,"Disabled","False","Microsoft;No OAuth grants","","","0"
"Azure Security Insights","98785600-1bb7-4fb9-b9fa-19afe2c8a360","pass","True","False","False","False","Microsoft Services",,"False","False",,,"f8cdef31-a31e-4b4a-93e4-5f571e91255a","True","True","False","False","False",,"Application","98785600-1bb7-4fb9-b9fa-19afe2c8a360","False","False","",,"Disabled","False","Microsoft;No OAuth grants","","","0"
"Quality Evaluation Agent - Incident (Microsoft Copilot Studio)","5203e738-d6ba-49a5-95b3-cae10c4e89ec","pass","False","False","True","False","Base-IT Intune.cc",,"False","False",,,"a65f6b72-abef-4f0b-88d6-3256be9a72d1","False","False","False","False","False",,"Application","5203e738-d6ba-49a5-95b3-cae10c4e89ec","False","False","AgenticApp;AIAgentBuilder;AgentCreatedBy:CopilotStudio;AgenticInstance;power-virtual-agents-afc1b8b1-a6b3-fee9-f57e-b1b5b4d82007","This application is required to support messaging and authentication for an individual chatbot built with Power Virtual Agents. Power Platform Environment: '19dde003-f47b-e12b-bdf6-e963eddc0758', Bot Id: 'afc1b8b1-a6b3-fee9-f57e-b1b5b4d82007', More information: https://go.microsoft.com/fwlink/?linkid=2096220","Disabled","False","Home Tenant;No OAuth grants","","","0"
"Microsoft.SMIT","8fca0a66-c008-4564-a876-ab3ae0fd5cff","pass","True","False","False","False","Microsoft Services","lowlatency.cloudapp.net","False","False",,,"f8cdef31-a31e-4b4a-93e4-5f571e91255a","True","True","False","False","False",,"Application","8fca0a66-c008-4564-a876-ab3ae0fd5cff;8fca0a66-c008-4564-a876-ab3ae0fd5cff/lowlatency.cloudapp.net","False","False","",,"Disabled","False","Microsoft;No OAuth grants","","","0"
"Microsoft Teams Task Service","d0597157-f0ae-4e23-b06c-9e65de434c4f","pass","True","False","False","False","Microsoft Services","api.teamstaskservice.microsoft.com","True","False",,,"f8cdef31-a31e-4b4a-93e4-5f571e91255a","True","True","False","False","False",,"Application","https://api.teamstaskservice.microsoft.com;d0597157-f0ae-4e23-b06c-9e65de434c4f","True","False","",,"OpenID Connect","False","Microsoft;No OAuth grants","","","0"
"Intune Application Protection CA Client","acc07cbb-e7af-485c-a042-9b0fe9216595","pass","True","False","False","False","Microsoft Services",,"False","False",,,"f8cdef31-a31e-4b4a-93e4-5f571e91255a","True","True","False","False","False",,"Application","acc07cbb-e7af-485c-a042-9b0fe9216595","False","False","disableLegacyUserImpersonationClient;disableLegacyUserImpersonationResource;GitCreatedApp",,"Disabled","False","Microsoft;No OAuth grants","","","0"
"ASM Campaign Servicing","0cb7b9ec-5336-483b-bc31-b15b5788de71","pass","True","False","False","False","Microsoft Services",,"False","False",,,"f8cdef31-a31e-4b4a-93e4-5f571e91255a","True","True","False","False","False",,"Application","0cb7b9ec-5336-483b-bc31-b15b5788de71","False","False","",,"Disabled","False","Microsoft;No OAuth grants","","","0"
"Excel Labs, a Microsoft Garage project","38c44cfd-8e88-4a80-b37b-c1506878e670","pass","False","False","True","False","Base-IT Intune.cc",,"False","False",,,"a65f6b72-abef-4f0b-88d6-3256be9a72d1","False","False","False","False","False",,"Application","38c44cfd-8e88-4a80-b37b-c1506878e670","False","False","PrivateCatalogApp",,"Disabled","False","Home Tenant;No OAuth grants","","","0"
"Portfolios","f53895d3-095d-408f-8e93-8f94b391404e","pass","True","False","False","False","Microsoft Services","portfolios.officeppe.com","False","False",,,"f8cdef31-a31e-4b4a-93e4-5f571e91255a","True","True","False","False","False",,"Application","https://portfolios.officeppe.com;https://project.microsoft.com;f53895d3-095d-408f-8e93-8f94b391404e;https://gcc.project.microsoft.com","True","False","",,"OpenID Connect","False","Microsoft;No OAuth grants","","","0"
"Forpe-Intelligent-Knowledge (Microsoft Copilot Studio)","56c91db0-27bb-4125-b49c-cc4721970893","pass","False","False","True","False","Base-IT Intune.cc",,"False","False",,,"a65f6b72-abef-4f0b-88d6-3256be9a72d1","False","False","False","False","False",,"Application","56c91db0-27bb-4125-b49c-cc4721970893","False","False","AgenticApp;AIAgentBuilder;AgentCreatedBy:CopilotStudio;AgenticInstance;power-virtual-agents-e69073b2-9188-ea68-b808-5f5050b80560","This application is required to support messaging and authentication for an individual chatbot built with Power Virtual Agents. Power Platform Environment: '035a17de-c1e1-e6f2-abe2-ee8e69d5c556', Bot Id: 'e69073b2-9188-ea68-b808-5f5050b80560', More information: https://go.microsoft.com/fwlink/?linkid=2096220","Disabled","False","Home Tenant;No OAuth grants","","","0"
"frada-ephemgate-selfservice","cc22aa54-ed58-4441-a1ed-df02c50fde65","pass","False","False","True","False","Base-IT Intune.cc","cc22aa54-ed58-4441-a1ed-df02c50fde65","False","False",,,"a65f6b72-abef-4f0b-88d6-3256be9a72d1","False","False","False","False","False",,"Application","api://cc22aa54-ed58-4441-a1ed-df02c50fde65;cc22aa54-ed58-4441-a1ed-df02c50fde65","False","False","",,"OpenID Connect","False","Home Tenant;No OAuth grants","","","0"
"Viva Engage","00000005-0000-0ff1-ce00-000000000000","pass","True","False","False","False","Microsoft Services","api.engage.cloud.microsoft","False","False",,,"f8cdef31-a31e-4b4a-93e4-5f571e91255a","True","True","False","False","False",,"Application","https://api.engage.cloud.microsoft;https://api.yammer.com/;https://yammer.office365.com/;https://www.yammer.com/;https://www.yammer.com;00000005-0000-0ff1-ce00-000000000000;00000005-0000-0ff1-ce00-000000000000/*.yammer.com;https://teams.yammer.com;https://web.yammer.com/embed;https://web.yammer.com/teams;api://web.yammer.com/botid-26e27eed-f034-49e4-bbc5-031d3c4dc2c4;https://web.yammer.com/teamsmeeting;https://api.yammer.com;https://engage.cloud.microsoft/teamsmeeting;https://engage.cloud.microsoft/teams;https://engage.cloud.microsoft/embed;https://engage.cloud.microsoft;https://engage.cloud.microsoft/teams-branded-exp","True","False","",,"OpenID Connect","False","Microsoft;No OAuth grants","","","0"
"Microsoft To-Do Business Connector","ef1e3bba-b59c-45c6-93dd-c7fc96e274e3","pass","True","False","False","False","Microsoft Services",,"False","False",,,"f8cdef31-a31e-4b4a-93e4-5f571e91255a","True","True","False","False","False",,"Application","ef1e3bba-b59c-45c6-93dd-c7fc96e274e3","False","False","disableLegacyUserImpersonationClient;disableLegacyUserImpersonationResource;GitCreatedApp",,"OpenID Connect","False","Microsoft;No OAuth grants","","","0"
"Microsoft Azure Container Apps - Data Plane","3734c1a4-2bed-4998-a37a-ff1a9e7bf019","pass","True","False","False","False","Microsoft Services","workerapps.azure.com","True","False",,,"f8cdef31-a31e-4b4a-93e4-5f571e91255a","True","True","False","False","False",,"Application","https://workerapps.azure.com;3734c1a4-2bed-4998-a37a-ff1a9e7bf019","True","False","",,"Disabled","False","Microsoft;No OAuth grants","","","0"
"MISP_Sentinel","07a5132a-bc6b-4e67-a343-aaacf471b81a","pass","False","False","True","True","Base-IT Intune.cc",,"False","False",,,"a65f6b72-abef-4f0b-88d6-3256be9a72d1","False","False","False","True","False",,"Application","07a5132a-bc6b-4e67-a343-aaacf471b81a","False","False","HideApp;WindowsAzureActiveDirectoryIntegratedApp",,"Disabled","True","Home Tenant;Hidden;staleApps;No OAuth grants","","","0"
"D365 Sales Agent - Email Validation (Microsoft Copilot Studio)","bda84ee6-1fa4-44c7-bab5-1081f4853d01","pass","False","False","True","False","Base-IT Intune.cc",,"False","False",,,"a65f6b72-abef-4f0b-88d6-3256be9a72d1","False","False","False","False","False",,"Application","bda84ee6-1fa4-44c7-bab5-1081f4853d01","False","False","AgenticApp;AIAgentBuilder;AgentCreatedBy:CopilotStudio;AgenticInstance;power-virtual-agents-9274bb71-0b00-1ee7-b4d8-7aa60f72bf58","This application is required to support messaging and authentication for an individual chatbot built with Power Virtual Agents. Power Platform Environment: '19dde003-f47b-e12b-bdf6-e963eddc0758', Bot Id: '9274bb71-0b00-1ee7-b4d8-7aa60f72bf58', More information: https://go.microsoft.com/fwlink/?linkid=2096220","Disabled","False","Home Tenant;No OAuth grants","","","0"
"Verifiable Credentials Issuer Service","603b8c59-ba28-40ff-83d1-408eee9a93e5","pass","True","False","False","False","Microsoft Services",,"False","False",,,"f8cdef31-a31e-4b4a-93e4-5f571e91255a","True","True","False","False","False",,"Application","603b8c59-ba28-40ff-83d1-408eee9a93e5","False","False","",,"OpenID Connect","False","Microsoft;No OAuth grants","","","0"
"OCaaS Worker Services","167e2ded-f32d-49f5-8a10-308b921bc7ee","pass","True","False","False","False","Microsoft Services","agents.config.office.net","False","False",,,"f8cdef31-a31e-4b4a-93e4-5f571e91255a","True","True","False","False","False",,"Application","https://agents.config.office.net/;167e2ded-f32d-49f5-8a10-308b921bc7ee","False","False","",,"OpenID Connect","False","Microsoft;No OAuth grants","","","0"
"M365 Label Analytics","75513c96-801d-4559-830a-6754de13dd19","pass","True","False","False","False","Microsoft Services","datagovernanceservice.microsoft.com","True","False",,,"f8cdef31-a31e-4b4a-93e4-5f571e91255a","True","True","False","False","False",,"Application","75513c96-801d-4559-830a-6754de13dd19;https://datagovernanceservice.microsoft.com;https://dataservice.o365filtering.com/DataGovernanceService","True","False","",,"Disabled","False","Microsoft;No OAuth grants","","","0"
"Office Python Service MSA and AAD","adb31c9c-be95-4772-83a3-f5dab278e3a6","pass","True","False","False","False","Microsoft Services","officepyservice.office.net","False","False",,,"f8cdef31-a31e-4b4a-93e4-5f571e91255a","True","True","False","False","False",,"Application","adb31c9c-be95-4772-83a3-f5dab278e3a6;https://officepyservice.office.net","False","False","disableLegacyUserImpersonationClient;disableLegacyUserImpersonationResource",,"Disabled","False","Microsoft;No OAuth grants","","","0"
"AVDWE-1-0","6e2e8a4f-4ff2-4527-b3c4-d5cdaa27bbe7","pass","True","False","False","False",,"identity.azure.net","True","False",,,,"False","False","False","False","False",,"ManagedIdentity","https://identity.azure.net/QbUFEm+iLqoeSXy4svsYMlcU1BwQV35BdIIy/6FC/tA=;6e2e8a4f-4ff2-4527-b3c4-d5cdaa27bbe7","True","False","",,"Disabled","False","Microsoft;No OAuth grants","","","0"
"Sentinel  TI ","1fe67766-1236-4f6a-8f4e-a11151314c36","pass","False","False","True","False","Base-IT Intune.cc",,"False","False",,,"a65f6b72-abef-4f0b-88d6-3256be9a72d1","False","False","False","True","False",,"Application","1fe67766-1236-4f6a-8f4e-a11151314c36","False","False","WindowsAzureActiveDirectoryIntegratedApp;WindowsAzureActiveDirectoryCustomSingleSignOnApplication",,"Disabled","True","Home Tenant;staleApps;No OAuth grants","","","0"
"Quota Service Core - ARM Client","3cf468b4-12a0-43cd-aa3f-3f39210d14cf","pass","True","False","False","False","Microsoft Services","3cf468b4-12a0-43cd-aa3f-3f39210d14cf","False","False",,,"f8cdef31-a31e-4b4a-93e4-5f571e91255a","True","True","False","False","False",,"Application","3cf468b4-12a0-43cd-aa3f-3f39210d14cf;api://3cf468b4-12a0-43cd-aa3f-3f39210d14cf","False","False","disableLegacyUserImpersonationClient;disableLegacyUserImpersonationResource;GitCreatedApp",,"Disabled","False","Microsoft;No OAuth grants","","","0"
"OneDriveLTI","4f547b5f-c3f7-4d2c-a14f-0f8f1286d7d5","pass","True","False","False","False","Microsoft Services",,"False","False",,,"f8cdef31-a31e-4b4a-93e4-5f571e91255a","True","True","False","False","False",,"Application","4f547b5f-c3f7-4d2c-a14f-0f8f1286d7d5","False","False","",,"OpenID Connect","False","Microsoft;No OAuth grants","","","0"
"Azure VMware Solution RP","608f9929-9737-432e-860f-4e1c1821052f","pass","True","False","False","False","Microsoft Services",,"False","False","Microsoft Corporation","5206095","f8cdef31-a31e-4b4a-93e4-5f571e91255a","True","True","True","False","False",,"Application","608f9929-9737-432e-860f-4e1c1821052f","False","False","",,"Disabled","False","Microsoft;No OAuth grants","","","0"
"Azure Portal RP","5b3b270a-b9ad-46e7-9bbb-a866897c4dc7","pass","True","False","False","False","Microsoft Services",,"False","False",,,"f8cdef31-a31e-4b4a-93e4-5f571e91255a","True","True","False","False","False",,"Application","5b3b270a-b9ad-46e7-9bbb-a866897c4dc7","False","False","",,"Disabled","False","Microsoft;No OAuth grants","","","0"
"Microsoft.DynamicsMarketing","9b06ebd4-9068-486b-bdd2-dac26b8a5a7a","pass","True","False","False","False","Microsoft Services","marketing-infra.dynamics.com","False","False",,,"f8cdef31-a31e-4b4a-93e4-5f571e91255a","True","True","False","False","False",,"Application","https://MARKETING-INFRA.DYNAMICS.COM/;9b06ebd4-9068-486b-bdd2-dac26b8a5a7a","False","False","",,"OpenID Connect","False","Microsoft;No OAuth grants","","","0"
"BasZi-DevOps-Serviceconnection","f685356e-22c0-4392-a354-a1f43d561bd6","pass","False","False","True","True","Base-IT Intune.cc",,"False","False",,,"a65f6b72-abef-4f0b-88d6-3256be9a72d1","False","False","False","True","False",,"Application","f685356e-22c0-4392-a354-a1f43d561bd6","False","False","HideApp;WindowsAzureActiveDirectoryIntegratedApp",,"Disabled","True","Home Tenant;Hidden;staleApps;No OAuth grants","","","0"
"Windows 365 Portal","3b511579-5e00-46e1-a89e-a6f0870e2f5a","pass","True","False","False","False","Microsoft Services",,"False","False",,,"f8cdef31-a31e-4b4a-93e4-5f571e91255a","True","True","False","False","False",,"Application","3b511579-5e00-46e1-a89e-a6f0870e2f5a","False","False","",,"OpenID Connect","False","Microsoft;No OAuth grants","","","0"
"Power Automate AI Flows Worker","5274a130-e0cd-4337-9329-b31dd4610d64","pass","True","False","False","False","Microsoft Services",,"False","False",,,"f8cdef31-a31e-4b4a-93e4-5f571e91255a","True","True","False","False","False",,"Application","5274a130-e0cd-4337-9329-b31dd4610d64","False","False","disableLegacyUserImpersonationClient;disableLegacyUserImpersonationResource;GitCreatedApp",,"Disabled","False","Microsoft;No OAuth grants","","","0"
"Groups Service","86b4b4b4-db10-481c-876b-07447e7f204f","pass","True","False","False","False","Microsoft Services","substrate-tdf.office.com","True","False",,,"f8cdef31-a31e-4b4a-93e4-5f571e91255a","True","True","False","False","False",,"Application","https://substrate-tdf.office.com/Speedway;https://substrate-sdf.office.com/Speedway;https://substrate.office.com/Speedway;86b4b4b4-db10-481c-876b-07447e7f204f","True","False","",,"Disabled","False","Microsoft;No OAuth grants","","","0"
"SubstrateActionsService","06dd8193-75af-46d0-84bb-9b9bcaa89e8b","pass","True","False","False","False","Microsoft Services","gcc.actionservice.office365.com","True","False",,,"f8cdef31-a31e-4b4a-93e4-5f571e91255a","True","True","False","False","False",,"Application","https://gcc.actionservice.office365.com;https://int.actionservice.office365.com;https://fasttrack.edog.actionservice.office365.com;https://actionservice.office365.com;https://edog.actionservice.office365.com;06dd8193-75af-46d0-84bb-9b9bcaa89e8b","True","False","",,"Disabled","False","Microsoft;No OAuth grants","","","0"
"Azure Site Recovery PE","485037a2-3591-485c-8873-a21f8d60f326","pass","True","False","False","False","Microsoft Services",,"False","False",,,"f8cdef31-a31e-4b4a-93e4-5f571e91255a","True","True","False","False","False",,"Application","485037a2-3591-485c-8873-a21f8d60f326","False","False","disableLegacyUserImpersonationClient;disableLegacyUserImpersonationResource;GitCreatedApp",,"Disabled","False","Microsoft;No OAuth grants","","","0"
"Configuration Manager Microservice","557c67cf-c916-4293-8373-d584996f60ae","pass","True","False","False","False","Microsoft Services","cmmicrosvc.manage-selfhost.microsoft.com","True","False",,,"f8cdef31-a31e-4b4a-93e4-5f571e91255a","True","True","False","True","False",,"Application","https://cmmicrosvc.manage-selfhost.microsoft.com/;https://cmmicrosvc.manage-beta.microsoft.com/;https://cmmicrosvc.manage.microsoft.com/;557c67cf-c916-4293-8373-d584996f60ae;https://cmmicrosvc.manage-mig.microsoft.com/","True","False","WindowsAzureActiveDirectoryIntegratedApp",,"Disabled","False","Microsoft;No OAuth grants","","","0"
"K8s Update Status reader","9c04f342-1851-4d7f-8acf-3599de9025e1","pass","True","False","False","False","Microsoft Services",,"False","False","Microsoft Corporation","5206095","f8cdef31-a31e-4b4a-93e4-5f571e91255a","True","True","True","False","False",,"Application","9c04f342-1851-4d7f-8acf-3599de9025e1","False","False","GitCreatedApp;disableLegacyUserImpersonationResource;disableLegacyUserImpersonationClient",,"Disabled","False","Microsoft;No OAuth grants","","","0"
"ForPe Teslafi Report Assistant (Microsoft Copilot Studio)","4d1569c7-5630-4746-911d-d5eb32dd4d47","pass","False","False","True","False","Base-IT Intune.cc",,"False","False",,,"a65f6b72-abef-4f0b-88d6-3256be9a72d1","False","False","False","False","False",,"Application","4d1569c7-5630-4746-911d-d5eb32dd4d47","False","False","AgenticApp;AIAgentBuilder;AgentCreatedBy:CopilotStudio;AgenticInstance;power-virtual-agents-01ea32f5-95d5-9c6f-2036-d7b941df1f5e","This application is required to support messaging and authentication for an individual chatbot built with Power Virtual Agents. Power Platform Environment: '035a17de-c1e1-e6f2-abe2-ee8e69d5c556', Bot Id: '01ea32f5-95d5-9c6f-2036-d7b941df1f5e', More information: https://go.microsoft.com/fwlink/?linkid=2096220","Disabled","False","Home Tenant;No OAuth grants","","","0"
"ASE-Arc-Integration","0000dab9-8b21-4ba2-807f-1743968cef00","pass","True","False","False","False","Microsoft Services",,"False","False","Microsoft Corporation","5206095","f8cdef31-a31e-4b4a-93e4-5f571e91255a","True","True","True","False","False",,"Application","0000dab9-8b21-4ba2-807f-1743968cef00","False","False","",,"OpenID Connect","False","Microsoft;No OAuth grants","","","0"
"MicrosoftAutomanaged","9ae330ab-d710-466b-851c-c828e7340846","pass","True","False","False","False","Microsoft Services",,"False","False",,,"f8cdef31-a31e-4b4a-93e4-5f571e91255a","True","True","False","False","False",,"Application","9ae330ab-d710-466b-851c-c828e7340846","False","False","",,"Disabled","False","Microsoft;No OAuth grants","","","0"
"Euphoric Car Dealer Assistant (Microsoft Copilot Studio)","1ae2ab35-171e-44eb-98c8-d8f15747fdb3","pass","False","False","True","False","Base-IT Intune.cc",,"False","False",,,"a65f6b72-abef-4f0b-88d6-3256be9a72d1","False","False","False","False","False",,"Application","1ae2ab35-171e-44eb-98c8-d8f15747fdb3","False","False","AgenticApp;AIAgentBuilder;AgentCreatedBy:CopilotStudio;AgenticInstance;power-virtual-agents-f20ad0ce-1fe5-ec2a-7d8a-540f3c0576c6","This application is required to support messaging and authentication for an individual chatbot built with Power Virtual Agents. Power Platform Environment: 'Default-a65f6b72-abef-4f0b-88d6-3256be9a72d1', Bot Id: 'f20ad0ce-1fe5-ec2a-7d8a-540f3c0576c6', More information: https://go.microsoft.com/fwlink/?linkid=2096220","Disabled","False","Home Tenant;No OAuth grants","","","0"
"Teams NRT DLP Service","7a274595-3618-4e6f-b54e-05bb353e0153","pass","True","False","False","False","Microsoft Services",,"False","False",,,"f8cdef31-a31e-4b4a-93e4-5f571e91255a","True","True","False","False","False",,"Application","7a274595-3618-4e6f-b54e-05bb353e0153","False","False","",,"Disabled","False","Microsoft;No OAuth grants","","","0"
"ACR-Tasks-Prod","d2fa1650-4805-4a83-bcb9-cf41fe63539c","pass","True","False","False","False","Microsoft Services",,"False","False",,,"f8cdef31-a31e-4b4a-93e4-5f571e91255a","True","True","False","False","False",,"Application","d2fa1650-4805-4a83-bcb9-cf41fe63539c","False","False","",,"Disabled","False","Microsoft;No OAuth grants","","","0"
"Microsoft Alchemy Service","91ad134d-5284-4adc-a896-d7fd24e9fa15","pass","True","False","False","False","Microsoft Services","auth-6d96a743-931f-4618-ac8b-e6ee5d77cb60","False","False",,,"f8cdef31-a31e-4b4a-93e4-5f571e91255a","True","True","False","False","False",,"Application","api://auth-6d96a743-931f-4618-ac8b-e6ee5d77cb60/91ad134d-5284-4adc-a896-d7fd24e9fa15;https://m365.alchemy.microsoft.com;https://alchemy.officeppe.net;https://alchemy.office.net;https://alchemy.microsoft.com;api://91ad134d-5284-4adc-a896-d7fd24e9fa15;91ad134d-5284-4adc-a896-d7fd24e9fa15","True","False","",,"OpenID Connect","False","Microsoft;No OAuth grants","","","0"
"CAS API Security RP","56823b05-67d8-413a-b6ab-ad19d7710cf2","pass","True","False","False","False","Microsoft Services",,"False","False","Microsoft Corporation","5206095","f8cdef31-a31e-4b4a-93e4-5f571e91255a","True","True","True","False","False",,"Application","56823b05-67d8-413a-b6ab-ad19d7710cf2","False","False","",,"Disabled","False","Microsoft;No OAuth grants","","","0"
"13d807b6cb5341a69d80d1be","9c4c879a-188f-40e0-a4c3-83a7a5bc8365","pass","True","False","False","False",,"identity.azure.net","True","False",,,,"False","False","False","False","False",,"ManagedIdentity","https://identity.azure.net/peVwQOdUfsBZpyT4j43GSjA8UJyji4cuyPHzHq9SXWA=;9c4c879a-188f-40e0-a4c3-83a7a5bc8365","True","False","",,"Disabled","False","Microsoft;No OAuth grants","","","0"
"Hybrid Compute Connectivity Status writer","7d6007f5-e24b-4475-9b6b-185b4ddf5193","pass","True","False","False","False","Microsoft Services",,"False","False","Microsoft Corporation","5206095","f8cdef31-a31e-4b4a-93e4-5f571e91255a","True","True","True","False","False",,"Application","7d6007f5-e24b-4475-9b6b-185b4ddf5193","False","False","GitCreatedApp;disableLegacyUserImpersonationResource;disableLegacyUserImpersonationClient",,"Disabled","False","Microsoft;No OAuth grants","","","0"
"EntraAppMonitor","0133e2a9-ae96-48a0-a46f-881f09ad9861","pass","True","False","False","False","Base-IT Intune.cc","entraappmonitor.intunecc.onmicrosoft.com","False","True",,,"a65f6b72-abef-4f0b-88d6-3256be9a72d1","False","False","False","False","False",,"Application","0133e2a9-ae96-48a0-a46f-881f09ad9861;http://Entraappmonitor.intunecc.onmicrosoft.com","True","True","",,"OpenID Connect","True","Microsoft;staleApps;No OAuth grants","","","0"
"Agent 3 (Microsoft Copilot Studio)","7cb60b82-2e40-4189-9336-b578d31af4d0","pass","False","False","True","False","Base-IT Intune.cc",,"False","False",,,"a65f6b72-abef-4f0b-88d6-3256be9a72d1","False","False","False","False","False",,"Application","7cb60b82-2e40-4189-9336-b578d31af4d0","False","False","AgenticApp;AIAgentBuilder;AgentCreatedBy:CopilotStudio;AgenticInstance;power-virtual-agents-c0c61124-e95e-7ee6-ccd2-0e711f97c958","This application is required to support messaging and authentication for an individual chatbot built with Power Virtual Agents. Power Platform Environment: '035a17de-c1e1-e6f2-abe2-ee8e69d5c556', Bot Id: 'c0c61124-e95e-7ee6-ccd2-0e711f97c958', More information: https://go.microsoft.com/fwlink/?linkid=2096220","Disabled","False","Home Tenant;No OAuth grants","","","0"
"Microsoft Azure Workflow","00000005-0000-0000-c000-000000000000","pass","True","False","False","False","Microsoft Services","*.workflow.afdf.windows-int.net","False","False",,,"f8cdef31-a31e-4b4a-93e4-5f571e91255a","True","True","False","False","False",,"Application","00000005-0000-0000-c000-000000000000;00000005-0000-0000-c000-000000000000/*.workflow.afdf.windows-int.net;00000005-0000-0000-c000-000000000000/*.workflow.windows.net;00000005-0000-0000-c000-000000000000/*.workflow.usgovcloudapi.net","True","False","",,"Disabled","False","Microsoft;No OAuth grants","","","0"
"ErbHa-TF","74a1f3ed-9b47-4ba3-a5da-9888e219505e","pass","False","False","True","True","Base-IT Intune.cc",,"False","False",,,"a65f6b72-abef-4f0b-88d6-3256be9a72d1","False","False","False","True","False",,"Application","74a1f3ed-9b47-4ba3-a5da-9888e219505e","False","False","HideApp;WindowsAzureActiveDirectoryIntegratedApp",,"Disabled","True","Home Tenant;Hidden;staleApps;No OAuth grants","","","0"
"ATHQAPP01","45967cd9-6b19-4103-903b-add81dd9ad4b","pass","False","False","True","True","Base-IT Intune.cc","45967cd9-6b19-4103-903b-add81dd9ad4b","False","False",,,"a65f6b72-abef-4f0b-88d6-3256be9a72d1","False","False","False","True","False",,"Application","api://45967cd9-6b19-4103-903b-add81dd9ad4b;45967cd9-6b19-4103-903b-add81dd9ad4b","False","False","IsAccessibleViaZTNAClient;HideApp;PrivateAccessNonWebApplication;WindowsAzureActiveDirectoryCustomSingleSignOnApplication;WindowsAzureActiveDirectoryIntegratedApp",,"Disabled","True","Home Tenant;Hidden;staleApps;No OAuth grants","","","0"
"Azure Monitor Edge resource provider application","7d307c7e-d1c0-4b3f-976d-094279ad11ab","pass","True","False","False","False","Microsoft Services",,"False","False",,,"f8cdef31-a31e-4b4a-93e4-5f571e91255a","True","True","False","False","False",,"Application","7d307c7e-d1c0-4b3f-976d-094279ad11ab","False","False","GitCreatedApp;disableLegacyUserImpersonationResource;disableLegacyUserImpersonationClient",,"Disabled","False","Microsoft;No OAuth grants","","","0"
"Fiji Storage","1609d3a1-0db2-4818-b854-fe1614f0718a","pass","True","False","False","False","Microsoft Services","edgestorage.azure.com","True","False",,,"f8cdef31-a31e-4b4a-93e4-5f571e91255a","True","True","False","False","False",,"Application","https://edgestorage.azure.com;1609d3a1-0db2-4818-b854-fe1614f0718a","True","False","",,"Disabled","False","Microsoft;No OAuth grants","","","0"
"MSATenantRestrictions","1a4b5304-a0fd-4017-8a3d-466fc083b73e","pass","True","False","False","False","Microsoft Services",,"False","False",,,"f8cdef31-a31e-4b4a-93e4-5f571e91255a","True","True","False","False","False",,"Application","1a4b5304-a0fd-4017-8a3d-466fc083b73e","False","False","",,"Disabled","False","Microsoft;No OAuth grants","","","0"
"Microsoft Exact Data Match Upload Agent","b51a99a9-ccaa-4687-aa2c-44d1558295f4","pass","True","False","False","False","Microsoft Services",,"False","False",,,"f8cdef31-a31e-4b4a-93e4-5f571e91255a","True","True","False","False","False",,"Application","b51a99a9-ccaa-4687-aa2c-44d1558295f4","False","False","",,"Disabled","False","Microsoft;No OAuth grants","","","0"
"Kubernetes Runtime RP","087fca6e-4606-4d41-b3f6-5ebdf75b8b4c","pass","True","False","False","False","Microsoft Services",,"False","False",,,"f8cdef31-a31e-4b4a-93e4-5f571e91255a","True","True","False","False","False",,"Application","087fca6e-4606-4d41-b3f6-5ebdf75b8b4c","False","False","disableLegacyUserImpersonationClient;disableLegacyUserImpersonationResource;GitCreatedApp",,"OpenID Connect","False","Microsoft;No OAuth grants","","","0"
"Skype for Business Name Dictionary Service","e95d8bee-4725-4f59-910d-94d415da51b9","pass","True","False","False","False","Microsoft Services","namedictionary.voiceapps.infra.dod.teams.microsoft.us","True","False",,,"f8cdef31-a31e-4b4a-93e4-5f571e91255a","True","True","False","False","False",,"Application","e95d8bee-4725-4f59-910d-94d415da51b9;https://namedictionary.voiceapps.infra.dod.teams.microsoft.us;https://namedictionary.voiceapps.infra.gov.teams.microsoft.us","True","False","",,"OpenID Connect","False","Microsoft;No OAuth grants","","","0"
"Media Recording for Dynamics 365 Sales","f448d7e5-e313-4f90-a3eb-5dbb3277e4b3","pass","True","False","False","False","Microsoft Services",,"False","False","Microsoft Corporation","5206095","f8cdef31-a31e-4b4a-93e4-5f571e91255a","True","True","True","False","False",,"Application","f448d7e5-e313-4f90-a3eb-5dbb3277e4b3","False","False","",,"OpenID Connect","False","Microsoft;No OAuth grants","","","0"
"ServiceNow Assistant (Microsoft Copilot Studio)","fa5ad4a1-4c12-44b3-a17f-9c47f89f0614","pass","False","False","True","False","Base-IT Intune.cc",,"False","False",,,"a65f6b72-abef-4f0b-88d6-3256be9a72d1","False","False","False","False","False",,"Application","fa5ad4a1-4c12-44b3-a17f-9c47f89f0614","False","False","AgenticApp;AIAgentBuilder;AgentCreatedBy:CopilotStudio;AgenticInstance;power-virtual-agents-632062a4-25a8-9fa0-b02e-7470d8a34915","This application is required to support messaging and authentication for an individual chatbot built with Power Virtual Agents. Power Platform Environment: 'Default-a65f6b72-abef-4f0b-88d6-3256be9a72d1', Bot Id: '632062a4-25a8-9fa0-b02e-7470d8a34915', More information: https://go.microsoft.com/fwlink/?linkid=2096220","Disabled","False","Home Tenant;No OAuth grants","","","0"
"Customer Service Trial PVA - readonly","6abc93dc-978e-48a3-8e54-458e593ed8cf","pass","True","False","False","False","Microsoft Services",,"False","False",,,"f8cdef31-a31e-4b4a-93e4-5f571e91255a","True","True","False","False","False",,"Application","6abc93dc-978e-48a3-8e54-458e593ed8cf","False","False","",,"Disabled","False","Microsoft;No OAuth grants","","","0"
"General - Daily News (Microsoft Copilot Studio)","596e782f-991a-4159-819d-4d5463132513","pass","False","False","True","False","Base-IT Intune.cc",,"False","False",,,"a65f6b72-abef-4f0b-88d6-3256be9a72d1","False","False","False","False","False",,"Application","596e782f-991a-4159-819d-4d5463132513","False","False","AgenticApp;AIAgentBuilder;AgentCreatedBy:CopilotStudio;AgenticInstance;power-virtual-agents-8973d716-9324-c640-1bdb-a30ee1038a85","This application is required to support messaging and authentication for an individual chatbot built with Power Virtual Agents. Power Platform Environment: '035a17de-c1e1-e6f2-abe2-ee8e69d5c556', Bot Id: '8973d716-9324-c640-1bdb-a30ee1038a85', More information: https://go.microsoft.com/fwlink/?linkid=2096220","Disabled","False","Home Tenant;No OAuth grants","","","0"
"Logic-DefenderCustomIndicatorsAlerting","4c91fd05-d03c-4518-959a-69578c26d065","pass","True","False","False","False",,"identity.azure.net","True","False",,,,"False","False","False","False","False",,"ManagedIdentity","4c91fd05-d03c-4518-959a-69578c26d065;https://identity.azure.net/cOLqzt9kcHADMFGkEf2/+AyP9euFrbLgdI8ReEr2cX8=","True","False","",,"Disabled","False","Microsoft;No OAuth grants","","","0"
"Windows 365 Intune partner sync","d5b7f828-8c18-452f-9791-554b35e4879f","pass","True","False","False","False","Microsoft Services",,"False","False",,,"f8cdef31-a31e-4b4a-93e4-5f571e91255a","True","True","False","False","False",,"Application","d5b7f828-8c18-452f-9791-554b35e4879f","False","False","GitCreatedApp;disableLegacyUserImpersonationResource;disableLegacyUserImpersonationClient",,"Disabled","False","Microsoft;No OAuth grants","","","0"
"ConnectSyncProvisioning_DC-01_f8c6d45d29f0","cee1abf9-4fa5-45c5-a6ed-00c78ad8667b","pass","False","False","True","False","Base-IT Intune.cc","a65f6b72-abef-4f0b-88d6-3256be9a72d1","False","False",,,"a65f6b72-abef-4f0b-88d6-3256be9a72d1","False","False","False","False","False",,"Application","api://a65f6b72-abef-4f0b-88d6-3256be9a72d1/ConnectSyncProvisioning_f8c6d45d29f0;cee1abf9-4fa5-45c5-a6ed-00c78ad8667b","False","False","",,"Disabled","False","Home Tenant;No OAuth grants","","","0"
"Data Classification Service","7c99d979-3b9c-4342-97dd-3239678fb300","pass","True","False","False","False","Microsoft Services","dataclassification.office.com","True","False",,,"f8cdef31-a31e-4b4a-93e4-5f571e91255a","True","True","False","False","False",,"Application","https://dataclassification.office.com;7c99d979-3b9c-4342-97dd-3239678fb300;https://dataclassification.office365.us","True","False","",,"OpenID Connect","False","Microsoft;No OAuth grants","","","0"
"M365 Compliance Drive","cedebc57-38a2-4f0a-8472-dfcbba5b04c6","pass","True","False","False","False","Microsoft Services","cedebc57-38a2-4f0a-8472-dfcbba5b04c6","False","False","Microsoft Corporation","5206095","f8cdef31-a31e-4b4a-93e4-5f571e91255a","True","True","True","False","False",,"Application","api://cedebc57-38a2-4f0a-8472-dfcbba5b04c6;cedebc57-38a2-4f0a-8472-dfcbba5b04c6","False","False","",,"Disabled","False","Microsoft;No OAuth grants","","","0"
"Prod-DPS-vNext-1P","a665538c-5b51-48a1-b3a5-cf20f42c3785","pass","True","False","False","False","Microsoft Services",,"False","False",,,"f8cdef31-a31e-4b4a-93e4-5f571e91255a","True","True","False","False","False",,"Application","a665538c-5b51-48a1-b3a5-cf20f42c3785","False","False","disableLegacyUserImpersonationClient;disableLegacyUserImpersonationResource;GitCreatedApp",,"Disabled","False","Microsoft;No OAuth grants","","","0"
"Azure Sentinel Content Deployment App (dd802936-5e4d-4cf9-8b87-b310a7625939)","cb4072fc-3b4a-43d5-826d-d6849183039c","pass","False","False","True","False","Base-IT Intune.cc",,"False","False",,,"a65f6b72-abef-4f0b-88d6-3256be9a72d1","False","False","False","False","False",,"Application","cb4072fc-3b4a-43d5-826d-d6849183039c","False","False","",,"Disabled","False","Home Tenant;No OAuth grants","","","0"
"Microsoft Teams UIS","1996141e-2b07-4491-927a-5a024b335c78","pass","True","False","False","False","Microsoft Services","uis.teams.microsoft.com","True","False",,,"f8cdef31-a31e-4b4a-93e4-5f571e91255a","True","True","False","False","False",,"Application","https://uis.teams.microsoft.com;1996141e-2b07-4491-927a-5a024b335c78","True","False","",,"Disabled","False","Microsoft;No OAuth grants","","","0"
"Jarvis Transaction Service","bf9fc203-c1ff-4fd4-878b-323642e462ec","pass","True","False","False","False","Microsoft Services","accounts.cp.microsoft.com","True","False","Microsoft Corporation","5206095","f8cdef31-a31e-4b4a-93e4-5f571e91255a","True","True","True","False","False",,"Application","https://accounts.cp.microsoft.com;bf9fc203-c1ff-4fd4-878b-323642e462ec","True","False","",,"OpenID Connect","False","Microsoft;No OAuth grants","","","0"
"WIN-LKRL3QT5H63","48e69fbf-12db-4427-aae4-c0d2b93bbc71","pass","True","False","False","False",,"identity.azure.net","True","False",,,,"False","False","False","False","False",,"ManagedIdentity","https://identity.azure.net/+P2IVwnTZnUoHi36ZFHcZgXMCDMCON8xbYRvlF0d7Pg=;48e69fbf-12db-4427-aae4-c0d2b93bbc71","True","False","",,"Disabled","False","Microsoft;No OAuth grants","","","0"
"MicrosoftOffAzureApp","728a93e3-065d-4678-93b1-3cc281223341","pass","True","False","False","False","Microsoft Services",,"False","False",,,"f8cdef31-a31e-4b4a-93e4-5f571e91255a","True","True","False","False","False",,"Application","728a93e3-065d-4678-93b1-3cc281223341","False","False","",,"Disabled","False","Microsoft;No OAuth grants","","","0"
"onboard-servers-to-arc-spn-f7d24053-5538-4785-b547-db53a2200006","dd56b957-fe12-46e9-9960-4f9a66d831c7","pass","False","False","True","False","Base-IT Intune.cc",,"False","False",,,"a65f6b72-abef-4f0b-88d6-3256be9a72d1","False","False","False","False","False",,"Application","dd56b957-fe12-46e9-9960-4f9a66d831c7","False","False","AzureArcSPN",,"Disabled","True","Home Tenant;staleApps;No OAuth grants","","","0"
"Microsoft Cloud App Security","05a65629-4c1b-48c1-a78b-804c4abdd4af","pass","True","False","False","False","Microsoft Services",,"False","False",,,"f8cdef31-a31e-4b4a-93e4-5f571e91255a","True","True","False","False","False",,"Application","05a65629-4c1b-48c1-a78b-804c4abdd4af","False","False","",,"OpenID Connect","False","Microsoft;No OAuth grants","","","0"
"AIGraphClient","0f6edad5-48f2-4585-a609-d252b1c52770","pass","True","False","False","False","Microsoft Services","ai_graphapiclient_prod","False","False",,,"f8cdef31-a31e-4b4a-93e4-5f571e91255a","True","True","False","False","False",,"Application","https://AI_GraphAPIClient_Prod;0f6edad5-48f2-4585-a609-d252b1c52770","False","False","",,"OpenID Connect","False","Microsoft;No OAuth grants","","","0"
"Microsoft Defender For Cloud Billing","e3a3c6d7-bd80-4be5-88da-c2226a5d9328","pass","True","False","False","False","Microsoft Services",,"False","False","Microsoft Corporation","5206095","f8cdef31-a31e-4b4a-93e4-5f571e91255a","True","True","True","False","False",,"Application","e3a3c6d7-bd80-4be5-88da-c2226a5d9328","False","False","disableLegacyUserImpersonationClient;disableLegacyUserImpersonationResource;GitCreatedApp",,"Disabled","False","Microsoft;No OAuth grants","","","0"
"Agent (Microsoft Copilot Studio)","70303191-f88e-4eb0-bff7-65a97e71e5db","pass","False","False","True","False","Base-IT Intune.cc",,"False","False",,,"a65f6b72-abef-4f0b-88d6-3256be9a72d1","False","False","False","False","False",,"Application","70303191-f88e-4eb0-bff7-65a97e71e5db","False","False","AIAgentBuilder;AgentCreatedBy:CopilotStudio;AgenticApp;power-virtual-agents-5c285f51-ca67-260d-75c6-a53101c90087","This application is required to support messaging and authentication for an individual chatbot built with Power Virtual Agents. Power Platform Environment: '035a17de-c1e1-e6f2-abe2-ee8e69d5c556', Bot Id: '5c285f51-ca67-260d-75c6-a53101c90087', More information: https://go.microsoft.com/fwlink/?linkid=2096220","Disabled","False","Home Tenant;No OAuth grants","","","0"
"Microsoft Sentinel Situational Awareness Workspace Access","949eebbd-6fe4-4eb5-a25e-a9bf12d6b96e","pass","True","False","False","False","Microsoft Services","949eebbd-6fe4-4eb5-a25e-a9bf12d6b96e","False","False",,,"f8cdef31-a31e-4b4a-93e4-5f571e91255a","True","True","False","False","False",,"Application","949eebbd-6fe4-4eb5-a25e-a9bf12d6b96e;api://949eebbd-6fe4-4eb5-a25e-a9bf12d6b96e","False","False","disableLegacyUserImpersonationClient;disableLegacyUserImpersonationResource;GitCreatedApp",,"Disabled","False","Microsoft;No OAuth grants","","","0"
"Skype Team Substrate connector","1c0ae35a-e2ec-4592-8e08-c40884656fa5","pass","True","False","False","False","Microsoft Services",,"False","False",,,"f8cdef31-a31e-4b4a-93e4-5f571e91255a","True","True","False","False","False",,"Application","1c0ae35a-e2ec-4592-8e08-c40884656fa5","False","False","",,"Disabled","False","Microsoft;No OAuth grants","","","0"
"Groupies Web Service","925eb0d0-da50-4604-a19f-bd8de9147958","pass","True","False","False","False","Microsoft Services","groupiesservice.cloudapp.net","False","False",,,"f8cdef31-a31e-4b4a-93e4-5f571e91255a","True","True","False","False","False",,"Application","http://groupiesservice.cloudapp.net/;925eb0d0-da50-4604-a19f-bd8de9147958","False","False","",,"OpenID Connect","False","Microsoft;No OAuth grants","","","0"
"Grade Sync","75cba773-c367-4ba4-8d4f-65f91b68c384","pass","True","False","False","False","Microsoft Services",,"False","False",,,"f8cdef31-a31e-4b4a-93e4-5f571e91255a","True","True","False","False","False",,"Application","75cba773-c367-4ba4-8d4f-65f91b68c384","False","False","",,"Disabled","False","Microsoft;No OAuth grants","","","0"
"Azure SQL Database","022907d3-0f1b-48f7-badc-1ba6abab6d66","pass","True","False","False","False","Microsoft Services","sql.azuresynapse-dogfood.net","False","False",,,"f8cdef31-a31e-4b4a-93e4-5f571e91255a","True","True","False","False","False",,"Application","https://sql.azuresynapse-dogfood.net;https://database.windows.net;https://sql.azuresynapse.net;https://sql.azuresynapse.net/;https://database.windows.net/;022907d3-0f1b-48f7-badc-1ba6abab6d66","True","False","disableLegacyUserImpersonationClient;disableLegacyUserImpersonationResource;disableRequestingTenantedPassthroughTokens;disableAcceptingTenantedPassthroughTokens",,"Disabled","False","Microsoft;No OAuth grants","","","0"
"Azure Update & M365 Roadmap Expert (Microsoft Copilot Studio)","a280480c-811e-4f00-b6ef-b282d6012624","pass","False","False","False","False",,,"False","False",,,,"False","False","False","False","False",,"ServiceIdentity","a280480c-811e-4f00-b6ef-b282d6012624","False","False","",,"Disabled","False","No OAuth grants","","","0"
"HirKe-test-EXO","fb337d8e-b4f0-4a82-a5cf-002f72031a78","pass","False","False","True","True","Base-IT Intune.cc",,"False","False",,,"a65f6b72-abef-4f0b-88d6-3256be9a72d1","False","False","False","True","False",,"Application","fb337d8e-b4f0-4a82-a5cf-002f72031a78","False","False","HideApp;WindowsAzureActiveDirectoryIntegratedApp",,"Disabled","True","Home Tenant;Hidden;staleApps;No OAuth grants","","","0"
"MicrosoftTeamsCortanaSkills","2bb78a2a-f8f1-4bc3-8ecf-c1e15a0726e6","pass","True","False","False","False","Microsoft Services","cortana.teams.microsoft.com","True","False",,,"f8cdef31-a31e-4b4a-93e4-5f571e91255a","True","True","False","False","False",,"Application","https://cortana.teams.microsoft.com;2bb78a2a-f8f1-4bc3-8ecf-c1e15a0726e6","True","False","",,"OpenID Connect","False","Microsoft;No OAuth grants","","","0"
"Office Enterprise Protection Service","55441455-2f54-42b5-bc99-93e21cd4ae28","pass","True","False","False","False","Microsoft Services","protectionservice.osi.office.net","False","False",,,"f8cdef31-a31e-4b4a-93e4-5f571e91255a","True","True","False","False","False",,"Application","https://protectionservice.osi.office.net;55441455-2f54-42b5-bc99-93e21cd4ae28","False","False","",,"OpenID Connect","False","Microsoft;No OAuth grants","","","0"
"MDMStreaming","8af2c595-7cdf-42db-8cc0-e92d01a5d9b4","pass","True","False","False","False","Microsoft Services",,"False","False",,,"f8cdef31-a31e-4b4a-93e4-5f571e91255a","True","True","False","False","False",,"Application","8af2c595-7cdf-42db-8cc0-e92d01a5d9b4","False","False","disableLegacyUserImpersonationClient;disableLegacyUserImpersonationResource;GitCreatedApp",,"Disabled","False","Microsoft;No OAuth grants","","","0"
"Microsoft Insider Risk Management","1fe0d6b3-81f0-4cf5-9dfd-fbb297d7848c","pass","True","False","False","False","Microsoft Services","1fe0d6b3-81f0-4cf5-9dfd-fbb297d7848c","False","False","Microsoft Corporation","5206095","f8cdef31-a31e-4b4a-93e4-5f571e91255a","True","True","True","False","False",,"Application","1fe0d6b3-81f0-4cf5-9dfd-fbb297d7848c;api://1fe0d6b3-81f0-4cf5-9dfd-fbb297d7848c","False","False","",,"Disabled","False","Microsoft;No OAuth grants","","","0"
"Hybrid Compute Connectivity Status reader","b4efcafa-2f2f-4261-976d-8a11fb2a4103","pass","True","False","False","False","Microsoft Services",,"False","False","Microsoft Corporation","5206095","f8cdef31-a31e-4b4a-93e4-5f571e91255a","True","True","True","False","False",,"Application","b4efcafa-2f2f-4261-976d-8a11fb2a4103","False","False","GitCreatedApp;disableLegacyUserImpersonationResource;disableLegacyUserImpersonationClient",,"Disabled","False","Microsoft;No OAuth grants","","","0"
"CAP Package Deployer Service","4c9fc70a-8d18-4528-9113-c6f1318c4d89","pass","True","False","False","False","Microsoft Services",,"False","False",,,"f8cdef31-a31e-4b4a-93e4-5f571e91255a","True","True","False","False","False",,"Application","4c9fc70a-8d18-4528-9113-c6f1318c4d89","False","False","",,"Disabled","False","Microsoft;No OAuth grants","","","0"
"LeitzDemo","ae16af27-84b2-47a2-b376-a4d36f144952","pass","False","False","True","False","Base-IT Intune.cc","leitzdemo.com","False","False",,,"a65f6b72-abef-4f0b-88d6-3256be9a72d1","False","False","False","True","False",,"Application","https://leitzdemo.com;ae16af27-84b2-47a2-b376-a4d36f144952","False","False","WindowsAzureActiveDirectoryCustomSingleSignOnApplication;WindowsAzureActiveDirectoryIntegratedApp",,"SAML","True","Home Tenant;staleApps;No OAuth grants","","","0"
"Teams Approvals","3e050dd7-7815-46a0-8263-b73168a42c10","pass","True","False","False","False","Microsoft Services","approvals.teams.cloud.microsoft","False","False",,,"f8cdef31-a31e-4b4a-93e4-5f571e91255a","True","True","False","False","False",,"Application","https://approvals.teams.cloud.microsoft;https://ppe.approvals.teams.cloud.microsoft;https://gcc.approvals.teams.cloud.microsoft;https://approvals.teams.microsoft.com/3e050dd7-7815-46a0-8263-b73168a42c10;https://approvalsppe.teams.microsoft.com/3e050dd7-7815-46a0-8263-b73168a42c10;https://approvalsint.teams.microsoft.com/3e050dd7-7815-46a0-8263-b73168a42c10;https://approvalsint.teams.microsoft.com;https://approvals.gcc.teams.microsoft.com;https://approvals.teams.microsoft.com;https://approvalsppe.teams.microsoft.com;3e050dd7-7815-46a0-8263-b73168a42c10","True","False","",,"OpenID Connect","False","Microsoft;No OAuth grants","","","0"
"CDS Web Server Role NAM","f43e4cb3-c2bb-42e3-bb39-e1ad7426adbb","pass","True","False","False","False","Microsoft Services",,"False","False","Microsoft Corporation","5206095","f8cdef31-a31e-4b4a-93e4-5f571e91255a","True","True","True","False","False",,"Application","f43e4cb3-c2bb-42e3-bb39-e1ad7426adbb","False","False","",,"Disabled","False","Microsoft;No OAuth grants","","","0"
"Microsoft Defender for Cloud Servers Scanner Resource Provider","0c7668b5-3260-4ad0-9f53-34ed54fa19b2","pass","True","False","False","False","Microsoft Services","scanner.servers.defenderforcloud.azure.com","True","False",,,"f8cdef31-a31e-4b4a-93e4-5f571e91255a","True","True","False","False","False",,"Application","https://scanner.servers.defenderforcloud.azure.com;0c7668b5-3260-4ad0-9f53-34ed54fa19b2","True","False","",,"Disabled","False","Microsoft;No OAuth grants","","","0"
"HCI Connectivity status reader","92ce1837-0de6-422d-9b33-03001c0fced1","pass","True","False","False","False","Microsoft Services",,"False","False","Microsoft Corporation","5206095","f8cdef31-a31e-4b4a-93e4-5f571e91255a","True","True","True","False","False",,"Application","92ce1837-0de6-422d-9b33-03001c0fced1","False","False","GitCreatedApp;disableLegacyUserImpersonationResource;disableLegacyUserImpersonationClient",,"Disabled","False","Microsoft;No OAuth grants","","","0"
"AlertingmitFeiertagen","2de7f0f0-4291-4c49-bb8a-e95c3a9d1d39","pass","True","False","False","False",,"identity.azure.net","True","False",,,,"False","False","False","False","False",,"ManagedIdentity","2de7f0f0-4291-4c49-bb8a-e95c3a9d1d39;https://identity.azure.net/jDEGDqfNdP2MHqvDu3XIvPpmQdnVBhdvfQ7eMkqO0Sk=","True","False","",,"Disabled","False","Microsoft;No OAuth grants","","","0"
"Agent 6 (Microsoft Copilot Studio)","a15cf1c6-53d5-4da1-a289-b8c56d0c1bff","pass","False","False","True","False","Base-IT Intune.cc",,"False","False",,,"a65f6b72-abef-4f0b-88d6-3256be9a72d1","False","False","False","False","False",,"Application","a15cf1c6-53d5-4da1-a289-b8c56d0c1bff","False","False","AgenticApp;AIAgentBuilder;AgentCreatedBy:CopilotStudio;AgenticInstance;power-virtual-agents-e31a470a-d2de-7ee5-f9da-90331c4fa16d","This application is required to support messaging and authentication for an individual chatbot built with Power Virtual Agents. Power Platform Environment: '035a17de-c1e1-e6f2-abe2-ee8e69d5c556', Bot Id: 'e31a470a-d2de-7ee5-f9da-90331c4fa16d', More information: https://go.microsoft.com/fwlink/?linkid=2096220","Disabled","False","Home Tenant;No OAuth grants","","","0"
"AzureStackHCI-API","90868f84-9588-4cd2-b248-ddbfbc93ae99","pass","False","False","True","True","Base-IT Intune.cc",,"False","False",,,"a65f6b72-abef-4f0b-88d6-3256be9a72d1","False","False","False","True","False",,"Application","90868f84-9588-4cd2-b248-ddbfbc93ae99","False","False","HideApp;WindowsAzureActiveDirectoryIntegratedApp",,"Disabled","True","Home Tenant;Hidden;staleApps;No OAuth grants","","","0"
"Microsoft Azure Legion ","55ebbb62-3b9c-49fd-9b87-9595226dd4ac","pass","True","False","False","False","Microsoft Services","legion.azure.com","True","False","Microsoft Corporation","5206095","f8cdef31-a31e-4b4a-93e4-5f571e91255a","True","True","True","False","False",,"Application","https://legion.azure.com;55ebbb62-3b9c-49fd-9b87-9595226dd4ac","True","False","",,"Disabled","False","Microsoft;No OAuth grants","","","0"
"Verified ID STS Controller","688413c8-5319-43e1-9a0e-42f49da53686","pass","True","False","False","False","Microsoft Services",,"False","False",,,"f8cdef31-a31e-4b4a-93e4-5f571e91255a","True","True","False","False","False",,"Application","688413c8-5319-43e1-9a0e-42f49da53686","False","False","disableLegacyUserImpersonationClient;disableLegacyUserImpersonationResource;GitCreatedApp",,"Disabled","False","Microsoft;No OAuth grants","","","0"
"Azure Container Registry","6a0ec4d3-30cb-4a83-91c0-ae56bc0e3d26","pass","True","False","False","False","Microsoft Services",,"False","False",,,"f8cdef31-a31e-4b4a-93e4-5f571e91255a","True","True","False","False","False",,"Application","6a0ec4d3-30cb-4a83-91c0-ae56bc0e3d26","False","False","",,"Disabled","False","Microsoft;No OAuth grants","","","0"
"ForPe-AgentModeWordSample (Microsoft Copilot Studio)","ed063b33-820c-4e42-8266-9f9c3e6f9b52","pass","False","False","True","False","Base-IT Intune.cc",,"False","False",,,"a65f6b72-abef-4f0b-88d6-3256be9a72d1","False","False","False","False","False",,"Application","ed063b33-820c-4e42-8266-9f9c3e6f9b52","False","False","AgenticApp;AIAgentBuilder;AgentCreatedBy:CopilotStudio;AgenticInstance;power-virtual-agents-5fcf3df2-94e7-1b28-b504-db200d1d9c2a","This application is required to support messaging and authentication for an individual chatbot built with Power Virtual Agents. Power Platform Environment: 'Default-a65f6b72-abef-4f0b-88d6-3256be9a72d1', Bot Id: '5fcf3df2-94e7-1b28-b504-db200d1d9c2a', More information: https://go.microsoft.com/fwlink/?linkid=2096220","Disabled","False","Home Tenant;No OAuth grants","","","0"
"SharePoint Notification Service","88884730-8181-4d82-9ce2-7d5a7cc7b81e","pass","True","False","False","False","Microsoft Services","usdodeastr.notifyg.svc.ms","False","False",,,"f8cdef31-a31e-4b4a-93e4-5f571e91255a","True","True","False","False","False",,"Application","https://usdodeastr.notifyg.svc.ms;https://usdodeast4.notifyg.svc.ms;https://usdodeast3.notifyg.svc.ms;https://usdodeast2.notifyg.svc.ms;https://usdodeast1.notifyg.svc.ms;https://usdodeast0.notifyg.svc.ms;https://usdodcentralr.notifyg.svc.ms;https://usdodcentral4.notifyg.svc.ms;https://usdodcentral3.notifyg.svc.ms;https://usdodcentral2.notifyg.svc.ms;https://usdodcentral1.notifyg.svc.ms;https://usdodcentral0.notifyg.svc.ms;https://usgovtexas4.notifyg.svc.ms;https://usgovtexas3.notifyg.svc.ms;https://usgovtexas2.notifyg.svc.ms;https://usgovtexas1.notifyg.svc.ms;https://usgovtexas0.notifyg.svc.ms;https://usgovvirginia4.notifyg.svc.ms;https://usgovvirginia3.notifyg.svc.ms;https://usgovvirginia2.notifyg.svc.ms;https://usgovvirginia1.notifyg.svc.ms;https://usgovvirginia0.notifyg.svc.ms;https://usdodcentralr-notifyg.svc.ms;https://usdodeastr-notifyg.svc.ms;https://usdodcentral4-notifyg.svc.ms;https://usdodcentral3-notifyg.svc.ms;https://usdodcentral2-notifyg.svc.ms;https://usdodcentral1-notifyg.svc.ms;https://usdodcentral0-notifyg.svc.ms;https://usdodeast4-notifyg.svc.ms;https://usdodeast3-notifyg.svc.ms;https://usdodeast2-notifyg.svc.ms;https://usdodeast1-notifyg.svc.ms;https://usdodeast0-notifyg.svc.ms;https://usgovtexasr-notifyg.svc.ms;https://usgovvirginiar-notifyg.svc.ms;https://usgovtexas4-notifyg.svc.ms;https://usgovtexas3-notifyg.svc.ms;https://usgovtexas2-notifyg.svc.ms;https://usgovtexas1-notifyg.svc.ms;https://usgovtexas0-notifyg.svc.ms;https://usgovvirginia4-notifyg.svc.ms;https://usgovvirginia3-notifyg.svc.ms;https://usgovvirginia2-notifyg.svc.ms;https://usgovvirginia1-notifyg.svc.ms;https://usgovvirginia0-notifyg.svc.ms;88884730-8181-4d82-9ce2-7d5a7cc7b81e","False","False","",,"Disabled","False","Microsoft;No OAuth grants","","","0"
"HRConnector","66098122-ee13-4656-8408-aa4a2f6738ce","pass","False","False","True","True","Base-IT Intune.cc",,"False","False",,,"a65f6b72-abef-4f0b-88d6-3256be9a72d1","False","False","False","True","False",,"Application","66098122-ee13-4656-8408-aa4a2f6738ce","False","False","HideApp;WindowsAzureActiveDirectoryIntegratedApp",,"Disabled","True","Home Tenant;Hidden;staleApps;No OAuth grants","","","0"
"agentcon2026-foundry-resource/projects/agentcon2026_foundry","d85c0c3b-5796-4ce2-abff-df6f43a59151","pass","True","False","False","False",,"identity.azure.net","True","False",,,,"False","False","False","False","False",,"ManagedIdentity","d85c0c3b-5796-4ce2-abff-df6f43a59151;https://identity.azure.net/Uk3WvBw+3QV4dBHJh/lS3QZmAq8N3lnhPIFFWhbBLJM=","True","False","AgentCreatedBy:Foundry;AgenticInstance",,"Disabled","False","Microsoft;No OAuth grants","","","0"
"Microsoft Tech Community","09213cdc-9f30-4e82-aa6f-9b6e8d82dab3","pass","True","False","False","False","Microsoft",,"False","False",,,"72f988bf-86f1-41af-91ab-2d7cd011db47","True","True","False","True","False",,"Application","09213cdc-9f30-4e82-aa6f-9b6e8d82dab3","False","False","WindowsAzureActiveDirectoryIntegratedApp",,"OpenID Connect","False","Microsoft;No OAuth grants","","","0"
"Friendly Car Dealer Agent (Microsoft Copilot Studio)","324a304a-8d46-4283-8059-d8cba828ae69","pass","False","False","True","False","Base-IT Intune.cc",,"False","False",,,"a65f6b72-abef-4f0b-88d6-3256be9a72d1","False","False","False","False","False",,"Application","324a304a-8d46-4283-8059-d8cba828ae69","False","False","AgenticApp;AIAgentBuilder;AgentCreatedBy:CopilotStudio;AgenticInstance;power-virtual-agents-bb09b853-7857-b2cc-4ec0-61899a2e2672","This application is required to support messaging and authentication for an individual chatbot built with Power Virtual Agents. Power Platform Environment: 'Default-a65f6b72-abef-4f0b-88d6-3256be9a72d1', Bot Id: 'bb09b853-7857-b2cc-4ec0-61899a2e2672', More information: https://go.microsoft.com/fwlink/?linkid=2096220","Disabled","False","Home Tenant;No OAuth grants","","","0"
"Microsoft Intune Advanced Threat Protection Integration","794ded15-70c6-4bcd-a0bb-9b7ad530a01a","pass","True","False","False","False","Microsoft Services",,"False","False",,,"f8cdef31-a31e-4b4a-93e4-5f571e91255a","True","True","False","False","False",,"Application","794ded15-70c6-4bcd-a0bb-9b7ad530a01a","False","False","",,"Disabled","False","Microsoft;No OAuth grants","","","0"
"Microsoft Invitation Acceptance Portal","4660504c-45b3-4674-a709-71951a6b0763","pass","True","False","False","False","Microsoft Services","invitations.microsoft.us","True","False",,,"f8cdef31-a31e-4b4a-93e4-5f571e91255a","True","True","False","False","False",,"Application","4660504c-45b3-4674-a709-71951a6b0763;https://invitations.microsoft.us;https://login.microsoftonline.com/redeem;https://invitations.microsoft.com;https://prod-t.redeem.b2b.azure.net/;https://redeem.b2b.azure.net/;https://testslice.redeem.b2b.azure.net/;https://prod-a.redeem.b2b.azure.net;https://prod-b.redeem.b2b.azure.net","True","False","",,"OpenID Connect","False","Microsoft;No OAuth grants","","","0"
"EdgePartnerResourceReader  App","4285d895-4994-4433-a5bb-59d87a304b82","pass","True","False","False","False","Microsoft Services",,"False","False","Microsoft Corporation","5206095","f8cdef31-a31e-4b4a-93e4-5f571e91255a","True","True","True","False","False",,"Application","4285d895-4994-4433-a5bb-59d87a304b82","False","False","GitCreatedApp;disableLegacyUserImpersonationResource;disableLegacyUserImpersonationClient",,"Disabled","False","Microsoft;No OAuth grants","","","0"
"MayJo - Powershell Automation Testing","7b487e43-5492-465c-ac5d-29beb972936b","pass","False","False","True","True","Base-IT Intune.cc",,"False","False",,,"a65f6b72-abef-4f0b-88d6-3256be9a72d1","False","False","False","True","False",,"Application","7b487e43-5492-465c-ac5d-29beb972936b","False","False","HideApp;WindowsAzureActiveDirectoryIntegratedApp",,"Disabled","True","Home Tenant;Hidden;staleApps;No OAuth grants","","","0"
"Azure Key Vault","cfa8b339-82a2-471a-a3c9-0fc0be7a4093","pass","True","False","False","False","Microsoft Services","vault.azure.net","True","False","Microsoft Corporation","5206095","f8cdef31-a31e-4b4a-93e4-5f571e91255a","True","True","True","False","False",,"Application","https://vault.azure.net;cfa8b339-82a2-471a-a3c9-0fc0be7a4093","True","False","",,"Disabled","False","Microsoft;No OAuth grants","","","0"
"Bruph-test-app-delete","1f34c78f-11b4-41f5-8d06-f30fb2878f0c","pass","True","False","False","False",,"identity.azure.net","True","False",,,,"False","False","False","False","False",,"ManagedIdentity","1f34c78f-11b4-41f5-8d06-f30fb2878f0c;https://identity.azure.net/6AXObfLz4Lfx4z2bQ63sIy/ridwHrXHSyRe/20xmvrI=","True","False","",,"Disabled","False","Microsoft;No OAuth grants","","","0"
"SSO Extension Intune","163b648b-025e-455b-9937-a7f39a65d171","pass","True","False","False","False","Microsoft Services",,"False","False",,,"f8cdef31-a31e-4b4a-93e4-5f571e91255a","True","True","False","False","False",,"Application","163b648b-025e-455b-9937-a7f39a65d171","False","False","disableRequestingTenantedPassthroughTokens;disableAcceptingTenantedPassthroughTokens",,"OpenID Connect","False","Microsoft;No OAuth grants","","","0"
"OfficeFeedProcessors","98c8388a-4e86-424f-a176-d1288462816f","pass","True","False","False","False","Microsoft Services",,"False","False",,,"f8cdef31-a31e-4b4a-93e4-5f571e91255a","True","True","False","False","False",,"Application","98c8388a-4e86-424f-a176-d1288462816f","False","False","",,"Disabled","False","Microsoft;No OAuth grants","","","0"
"AZWEZNConnect01","dfa430a1-da60-473d-8bbd-29543069069f","pass","True","False","False","False",,"identity.azure.net","True","False",,,,"False","False","False","False","False",,"ManagedIdentity","https://identity.azure.net//RIKcI2U4hstgsEkoRfQm8TSkp+PiVafiYGoi/qNRbs=;dfa430a1-da60-473d-8bbd-29543069069f","True","False","",,"Disabled","False","Microsoft;No OAuth grants","","","0"
"Power BI Service","00000009-0000-0000-c000-000000000000","pass","True","False","False","False","Microsoft Services","dailyapi.fabric.microsoft.com","True","False",,,"f8cdef31-a31e-4b4a-93e4-5f571e91255a","True","True","False","False","False",,"Application","https://dailyapi.fabric.microsoft.com;https://dailyapi.fabric.microsoft.com/;https://dxtapi.fabric.microsoft.com;https://dxtapi.fabric.microsoft.com/;https://msitapi.fabric.microsoft.com;https://msitapi.fabric.microsoft.com/;https://api.fabric.microsoft.com/;api://dxt.powerbi.com/botid-e10af16e-ea3e-4ee2-8c87-61f71f9b8fa5;api://botid-e10af16e-ea3e-4ee2-8c87-61f71f9b8fa5;api://msit.powerbi.com/botid-d00f51c7-f7b6-4989-b73f-7e3093498cd7;api://botid-d00f51c7-f7b6-4989-b73f-7e3093498cd7;api://app.powerbi.com/botid-9d35fbfb-4215-4ecf-997f-f45bcbd2f9a9;api://botid-9d35fbfb-4215-4ecf-997f-f45bcbd2f9a9;api://daily.powerbi.com/botid-eec63e08-5dea-428c-aade-23c000f82d93;api://botid-eec63e08-5dea-428c-aade-23c000f82d93;api://daily.local.powerbi.com/00000009-0000-0000-c000-000000000000;https://analysis.windows.net/powerbi/api;https://analysis.windows.net/powerbi/api-management;00000009-0000-0000-c000-000000000000;00000009-0000-0000-c000-000000000000/analysis.windows.net;api://daily.powerbi.com/botid-1d8f972c-f346-4130-8eaa-dece10666c2d;api://dxt.powerbi.com/botid-4eb9ce96-03c5-42ec-93f8-c6417a473800;api://msit.powerbi.com/botid-7b49e98b-e124-449c-a99f-16894b5572d8;api://app.powerbi.com/botid-61cccd33-6c1a-4329-b091-504c7ddd882f;api://app.powerbi.com/00000009-0000-0000-c000-000000000000;api://msit.powerbi.com/00000009-0000-0000-c000-000000000000;api://dxt.powerbi.com/00000009-0000-0000-c000-000000000000;api://daily.powerbi.com/00000009-0000-0000-c000-000000000000;api://botid-61cccd33-6c1a-4329-b091-504c7ddd882f;api://botid-7b49e98b-e124-449c-a99f-16894b5572d8;api://botid-4eb9ce96-03c5-42ec-93f8-c6417a473800;api://botid-1d8f972c-f346-4130-8eaa-dece10666c2d;api://botid-f433e0e9-d3ff-42fb-abe1-e91e34f5f293;api://botid-18563b69-42ea-4693-9fe8-32ed3cab102d;api://botid-b76e1078-3416-45a9-bb7a-54828299362f;api://botid-365f198c-f33d-4b87-b209-62033e2f4d6f;api://botid-190e2548-e973-438f-904e-75ed471108a8;api://botid-10231bf5-a479-49bd-90bf-3d452fbdd06b;api://botid-cbba985a-17bf-4a94-aedd-601b84e47e70;https://api.fabric.microsoft.com","True","False","",,"Disabled","False","Microsoft;No OAuth grants","","","0"
"Microsoft Teams Chat Agent DF","1f596be5-e7dc-4c5c-886f-655908ec77b1","pass","True","False","False","False","Microsoft Services","botid-1f596be5-e7dc-4c5c-886f-655908ec77b1","False","False",,,"f8cdef31-a31e-4b4a-93e4-5f571e91255a","True","True","False","False","False",,"Application","1f596be5-e7dc-4c5c-886f-655908ec77b1;api://botid-1f596be5-e7dc-4c5c-886f-655908ec77b1","False","False","disableLegacyUserImpersonationClient;disableLegacyUserImpersonationResource;GitCreatedApp",,"OpenID Connect","False","Microsoft;No OAuth grants","","","0"
"Office 365 Information Protection","2f3f02c9-5679-4a5c-a605-0de55b07d135","pass","True","False","False","False","Microsoft Services","alert.o365infoprotservice.com","False","False",,,"f8cdef31-a31e-4b4a-93e4-5f571e91255a","True","True","False","False","False",,"Application","2f3f02c9-5679-4a5c-a605-0de55b07d135;https://alert.o365infoprotservice.com","False","False","",,"Disabled","False","Microsoft;No OAuth grants","","","0"
"M365 License Manager","aeb86249-8ea3-49e2-900b-54cc8e308f85","pass","True","False","False","False","Microsoft Services",,"False","False",,,"f8cdef31-a31e-4b4a-93e4-5f571e91255a","True","True","False","False","False",,"Application","aeb86249-8ea3-49e2-900b-54cc8e308f85","False","False","",,"OpenID Connect","False","Microsoft;No OAuth grants","","","0"
"Domain Controller Services","abba844e-bc0e-44b0-947a-dc74e5d09022","pass","True","False","False","False","Microsoft Services",,"False","False","Microsoft Corporation","5206095","f8cdef31-a31e-4b4a-93e4-5f571e91255a","True","True","True","False","False",,"Application","abba844e-bc0e-44b0-947a-dc74e5d09022","False","False","disableLegacyUserImpersonationResource;disableLegacyUserImpersonationClient",,"OpenID Connect","False","Microsoft;No OAuth grants","","","0"
"Azure Region Move Orchestrator Application","51df634f-ddb4-4901-8a2d-52f6393a796b","pass","True","False","False","False","Microsoft Services",,"False","False",,,"f8cdef31-a31e-4b4a-93e4-5f571e91255a","True","True","False","False","False",,"Application","51df634f-ddb4-4901-8a2d-52f6393a796b","False","False","",,"Disabled","False","Microsoft;No OAuth grants","","","0"
"SecurityCopilotAgentIdentity-82310e2d-7aa4-460e-b716-60168e180457","a7e25ff9-fa92-430b-8c66-0caebd518a2c","pass","False","False","False","False",,,"False","False",,,,"False","False","False","False","False",,"ServiceIdentity","a7e25ff9-fa92-430b-8c66-0caebd518a2c","False","False","",,"Disabled","False","No OAuth grants","","","0"
"ddafdfafe","74ea27c0-0142-4789-b465-195220aeb449","pass","False","False","True","False","Base-IT Intune.cc",,"False","False",,,"a65f6b72-abef-4f0b-88d6-3256be9a72d1","False","False","False","True","False",,"Application","74ea27c0-0142-4789-b465-195220aeb449","False","False","WindowsAzureActiveDirectoryIntegratedApp",,"OpenID Connect","True","Home Tenant;staleApps;No OAuth grants","","","0"
"VulnerabilityAlert","f37d9958-9b01-4c9e-9455-120cb43f0493","pass","True","False","False","False",,"identity.azure.net","True","False",,,,"False","False","False","False","False",,"ManagedIdentity","https://identity.azure.net//Agouu5B79qVfT6Jnwbov3IycKCJA7ZSf/G+v7wuIRA=;f37d9958-9b01-4c9e-9455-120cb43f0493","True","False","",,"Disabled","False","Microsoft;No OAuth grants","","","0"
"Sales Close Agent - Custom Research (Microsoft Copilot Studio)","134ed7ba-a42e-481a-a4fa-19bd85fe2ad9","pass","False","False","True","False","Base-IT Intune.cc",,"False","False",,,"a65f6b72-abef-4f0b-88d6-3256be9a72d1","False","False","False","False","False",,"Application","134ed7ba-a42e-481a-a4fa-19bd85fe2ad9","False","False","AgenticApp;AIAgentBuilder;AgentCreatedBy:CopilotStudio;AgenticInstance;power-virtual-agents-c188d58b-0148-1b7c-ba5b-51660687e603","This application is required to support messaging and authentication for an individual chatbot built with Power Virtual Agents. Power Platform Environment: '19dde003-f47b-e12b-bdf6-e963eddc0758', Bot Id: 'c188d58b-0148-1b7c-ba5b-51660687e603', More information: https://go.microsoft.com/fwlink/?linkid=2096220","Disabled","False","Home Tenant;No OAuth grants","","","0"
"MDATPNetworkScanAgent","04687a56-4fc2-4e36-b274-b862fb649733","pass","True","False","False","False","Microsoft Services","securitycenter.onmicrosoft.com","False","False",,,"f8cdef31-a31e-4b4a-93e4-5f571e91255a","True","True","False","False","False",,"Application","https://securitycenter.onmicrosoft.com/MdatpNetworkScanAgent;04687a56-4fc2-4e36-b274-b862fb649733","True","False","",,"Disabled","False","Microsoft;No OAuth grants","","","0"
"Power Platform Governance Services - TIRPS","2b5e68f0-bdc2-45b0-920a-217d5cbbd505","pass","True","False","False","False","Microsoft Services",,"False","False","Microsoft Corporation","5206095","f8cdef31-a31e-4b4a-93e4-5f571e91255a","True","True","True","False","False",,"Application","2b5e68f0-bdc2-45b0-920a-217d5cbbd505","False","False","",,"Disabled","False","Microsoft;No OAuth grants","","","0"
"Azure Site Recovery MRG Application","cd3454bc-4b9c-47d4-a8e5-93717dba34ec","pass","True","False","False","False","Microsoft Services",,"False","False",,,"f8cdef31-a31e-4b4a-93e4-5f571e91255a","True","True","False","False","False",,"Application","cd3454bc-4b9c-47d4-a8e5-93717dba34ec","False","False","",,"Disabled","False","Microsoft;No OAuth grants","","","0"
" ATHQWAC01.intune.cc","11ba33ca-4c94-4953-aedd-38a026edd9f7","pass","False","False","True","True","Base-IT Intune.cc","11ba33ca-4c94-4953-aedd-38a026edd9f7","False","False",,,"a65f6b72-abef-4f0b-88d6-3256be9a72d1","False","False","False","True","False",,"Application","api://11ba33ca-4c94-4953-aedd-38a026edd9f7;11ba33ca-4c94-4953-aedd-38a026edd9f7","False","False","IsAccessibleViaZTNAClient;HideApp;PrivateAccessNonWebApplication;WindowsAzureActiveDirectoryCustomSingleSignOnApplication;WindowsAzureActiveDirectoryIntegratedApp",,"Disabled","True","Home Tenant;Hidden;staleApps;No OAuth grants","","","0"
"testwinph","6fb484ad-d2ac-457c-8573-243114d76779","pass","True","False","False","False",,"identity.azure.net","True","False",,,,"False","False","False","False","False",,"ManagedIdentity","6fb484ad-d2ac-457c-8573-243114d76779;https://identity.azure.net/U408f8SkEXvGNqLx8WvtjeXYA90CDADgKv+L4pGorws=","True","False","",,"Disabled","False","Microsoft;No OAuth grants","","","0"
"Microsoft.IoTFirmwareDefense.Prod","d6d855d0-705d-4f41-8a67-215ffa52110a","pass","True","False","False","False","Microsoft Services","d6d855d0-705d-4f41-8a67-215ffa52110a","False","False","Microsoft Corporation","5206095","f8cdef31-a31e-4b4a-93e4-5f571e91255a","True","True","True","False","False",,"Application","d6d855d0-705d-4f41-8a67-215ffa52110a;api://d6d855d0-705d-4f41-8a67-215ffa52110a","False","False","",,"Disabled","False","Microsoft;No OAuth grants","","","0"
"VM-WALJU-PKI01","f51798dd-d7de-403b-95a6-f86a880bdf79","pass","False","False","True","True","Base-IT Intune.cc","f51798dd-d7de-403b-95a6-f86a880bdf79","False","False",,,"a65f6b72-abef-4f0b-88d6-3256be9a72d1","False","False","False","True","False",,"Application","api://f51798dd-d7de-403b-95a6-f86a880bdf79;f51798dd-d7de-403b-95a6-f86a880bdf79","False","False","IsAccessibleViaZTNAClient;HideApp;PrivateAccessNonWebApplication;WindowsAzureActiveDirectoryCustomSingleSignOnApplication;WindowsAzureActiveDirectoryIntegratedApp",,"Disabled","False","Home Tenant;Hidden;No OAuth grants","","","0"
"MicrosoftSLOResourceProvider","0a062d55-991a-44fa-9b15-615acd0d5d47","pass","True","False","False","False","Microsoft Services",,"False","False",,,"f8cdef31-a31e-4b4a-93e4-5f571e91255a","True","True","False","False","False",,"Application","0a062d55-991a-44fa-9b15-615acd0d5d47","False","False","disableLegacyUserImpersonationClient;disableLegacyUserImpersonationResource;GitCreatedApp",,"Disabled","False","Microsoft;No OAuth grants","","","0"
"Machine Learning Services Network Management","aa175e40-6f9c-4aa5-856a-4638955d2366","pass","True","False","False","False","Microsoft Services",,"False","False",,,"f8cdef31-a31e-4b4a-93e4-5f571e91255a","True","True","False","False","False",,"Application","aa175e40-6f9c-4aa5-856a-4638955d2366","False","False","",,"Disabled","False","Microsoft;No OAuth grants","","","0"
"K8s Update Status writer","ef7d7fe5-7775-4f5c-95ae-f07d934f8fcf","pass","True","False","False","False","Microsoft Services",,"False","False","Microsoft Corporation","5206095","f8cdef31-a31e-4b4a-93e4-5f571e91255a","True","True","True","False","False",,"Application","ef7d7fe5-7775-4f5c-95ae-f07d934f8fcf","False","False","GitCreatedApp;disableLegacyUserImpersonationResource;disableLegacyUserImpersonationClient",,"Disabled","False","Microsoft;No OAuth grants","","","0"
"PrivacyEngine","c94ede5f-b856-405a-bcd9-406285330a76","pass","True","False","False","False","Microsoft Services","substrate.office.com","True","False",,,"f8cdef31-a31e-4b4a-93e4-5f571e91255a","True","True","False","False","False",,"Application","c94ede5f-b856-405a-bcd9-406285330a76;https://substrate.office.com/privacy;https://substrate.office.com/privacyengine","True","False","",,"Disabled","False","Microsoft;No OAuth grants","","","0"
"AzureTerraform","d99ebd2c-7667-48c7-a145-04212409f9e5","pass","True","False","False","False","Microsoft Services",,"False","False",,,"f8cdef31-a31e-4b4a-93e4-5f571e91255a","True","True","False","False","False",,"Application","d99ebd2c-7667-48c7-a145-04212409f9e5","False","False","disableLegacyUserImpersonationClient;disableLegacyUserImpersonationResource;GitCreatedApp",,"Disabled","False","Microsoft;No OAuth grants","","","0"
"Microsoft Flow Portal","6204c1d1-4712-4c46-a7d9-3ed63d992682","pass","True","False","False","False","Microsoft Services","flow.microsoft.com","True","False","Microsoft Corporation","5206095","f8cdef31-a31e-4b4a-93e4-5f571e91255a","True","True","True","False","False",,"Application","https://flow.microsoft.com;https://ms.flow.microsoft.com/;6204c1d1-4712-4c46-a7d9-3ed63d992682","True","False","",,"OpenID Connect","False","Microsoft;No OAuth grants","","","0"
"Exchange Office Graph Client for AAD - Noninteractive","765fe668-04e7-42ba-aec0-2c96f1d8b652","pass","True","False","False","False","Microsoft Services",,"False","False",,,"f8cdef31-a31e-4b4a-93e4-5f571e91255a","True","True","False","False","False",,"Application","765fe668-04e7-42ba-aec0-2c96f1d8b652","False","False","",,"Disabled","False","Microsoft;No OAuth grants","","","0"
"SliManagementApiService","590ebdd1-291d-4daa-b9bb-680ca04612bd","pass","True","False","False","False","Microsoft Services",,"False","False",,,"f8cdef31-a31e-4b4a-93e4-5f571e91255a","True","True","False","False","False",,"Application","590ebdd1-291d-4daa-b9bb-680ca04612bd","False","False","disableLegacyUserImpersonationClient;disableLegacyUserImpersonationResource;GitCreatedApp",,"Disabled","False","Microsoft;No OAuth grants","","","0"
"AUVA-Sentinel-Logic-App","2a9f7158-a3c5-4c0e-815b-f9c4eabb2d72","pass","True","False","False","False",,"identity.azure.net","True","False",,,,"False","False","False","False","False",,"ManagedIdentity","2a9f7158-a3c5-4c0e-815b-f9c4eabb2d72;https://identity.azure.net/lXb9CaxNRjM5qF/rmzE7uPFm9R9jMsWG0joxtIiyMYA=","True","False","",,"Disabled","False","Microsoft;No OAuth grants","","","0"
"SharePoint Online Client","57fb890c-0dab-4253-a5e0-7188c88b2bb4","pass","True","False","False","False","Microsoft Services",,"False","False",,,"f8cdef31-a31e-4b4a-93e4-5f571e91255a","True","True","False","False","False",,"Application","57fb890c-0dab-4253-a5e0-7188c88b2bb4","False","False","",,"OpenID Connect","False","Microsoft;No OAuth grants","","","0"
"Azure SQL Managed Instance to Azure AD Resource Provider","9c8b80bc-6887-42d0-b1af-d0c40f9bf1fa","pass","True","False","False","False","Microsoft Services",,"False","False",,,"f8cdef31-a31e-4b4a-93e4-5f571e91255a","True","True","False","False","False",,"Application","9c8b80bc-6887-42d0-b1af-d0c40f9bf1fa","False","False","",,"Disabled","False","Microsoft;No OAuth grants","","","0"
"easmApiDev","9a751391-6e9f-4199-ad8d-360712a1285c","pass","True","False","False","False","Microsoft Services","9a751391-6e9f-4199-ad8d-360712a1285c","False","False",,,"f8cdef31-a31e-4b4a-93e4-5f571e91255a","True","True","False","False","False",,"Application","api://9a751391-6e9f-4199-ad8d-360712a1285c;https://easm-api-dev.trafficmanager.net/;9a751391-6e9f-4199-ad8d-360712a1285c","False","False","GitCreatedApp;disableLegacyUserImpersonationResource;disableLegacyUserImpersonationClient",,"OpenID Connect","False","Microsoft;No OAuth grants","","","0"
"Azure Data Factory","5d13f7d7-0567-429c-9880-320e9555e5fc","pass","True","False","False","False","Microsoft Services",,"False","False",,,"f8cdef31-a31e-4b4a-93e4-5f571e91255a","True","True","False","False","False",,"Application","5d13f7d7-0567-429c-9880-320e9555e5fc","False","False","",,"OpenID Connect","False","Microsoft;No OAuth grants","","","0"
"networkcopilotRP","d66e9e8e-53a4-420c-866d-5bb39aaea675","pass","True","False","False","False","Microsoft Services",,"False","False",,,"f8cdef31-a31e-4b4a-93e4-5f571e91255a","True","True","False","False","False",,"Application","d66e9e8e-53a4-420c-866d-5bb39aaea675","False","False","disableLegacyUserImpersonationClient;disableLegacyUserImpersonationResource;GitCreatedApp",,"Disabled","False","Microsoft;No OAuth grants","","","0"
"Azure AD Identity Governance","bf26f092-3426-4a99-abfb-97dad74e661a","pass","True","False","False","False","Microsoft Services",,"False","False",,,"f8cdef31-a31e-4b4a-93e4-5f571e91255a","True","True","False","False","False",,"Application","bf26f092-3426-4a99-abfb-97dad74e661a","False","False","",,"Disabled","False","Microsoft;No OAuth grants","","","0"
"Intune DeviceCheckIn ConfidentialClient","4c1a3aed-b389-4824-99b0-514c07906851","pass","True","False","False","False","Microsoft Services",,"False","False",,,"f8cdef31-a31e-4b4a-93e4-5f571e91255a","True","True","False","False","False",,"Application","4c1a3aed-b389-4824-99b0-514c07906851","False","False","",,"Disabled","False","Microsoft;No OAuth grants","","","0"
"Microsoft Azure Authorization Private Link Provider","de926fbf-e23b-41f9-ae15-c943a9cfa630","pass","True","False","False","False","Microsoft Services",,"False","False",,,"f8cdef31-a31e-4b4a-93e4-5f571e91255a","True","True","False","False","False",,"Application","de926fbf-e23b-41f9-ae15-c943a9cfa630","False","False","",,"Disabled","False","Microsoft;No OAuth grants","","","0"
"Azure Spring Cloud DiagSettings App","b61cc489-e138-4a69-8bf3-c2c5855c8784","pass","True","False","False","False","Microsoft Services",,"False","False",,,"f8cdef31-a31e-4b4a-93e4-5f571e91255a","True","True","False","False","False",,"Application","b61cc489-e138-4a69-8bf3-c2c5855c8784","False","False","",,"Disabled","False","Microsoft;No OAuth grants","","","0"
"ResourceHealthRP","8bdebf23-c0fe-4187-a378-717ad86f6a53","pass","True","False","False","False","Microsoft Services",,"False","False",,,"f8cdef31-a31e-4b4a-93e4-5f571e91255a","True","True","False","False","False",,"Application","8bdebf23-c0fe-4187-a378-717ad86f6a53","False","False","",,"Disabled","False","Microsoft;No OAuth grants","","","0"
"MIP Exchange Solutions - SPO","192644fe-6aac-4786-8d93-775a056aa1de","pass","True","False","False","False","Microsoft Services",,"False","False",,,"f8cdef31-a31e-4b4a-93e4-5f571e91255a","True","True","False","False","False",,"Application","192644fe-6aac-4786-8d93-775a056aa1de","False","False","",,"Disabled","False","Microsoft;No OAuth grants","","","0"
"D365 Sales Agent - Summary Synthesizer (Microsoft Copilot Studio)","f144ae24-0b63-41eb-9d71-144ba66bfd8b","pass","False","False","True","False","Base-IT Intune.cc",,"False","False",,,"a65f6b72-abef-4f0b-88d6-3256be9a72d1","False","False","False","False","False",,"Application","f144ae24-0b63-41eb-9d71-144ba66bfd8b","False","False","AgenticApp;AIAgentBuilder;AgentCreatedBy:CopilotStudio;AgenticInstance;power-virtual-agents-6ce7dae1-d607-bd2b-1029-c652a3f1fcf0","This application is required to support messaging and authentication for an individual chatbot built with Power Virtual Agents. Power Platform Environment: '19dde003-f47b-e12b-bdf6-e963eddc0758', Bot Id: '6ce7dae1-d607-bd2b-1029-c652a3f1fcf0', More information: https://go.microsoft.com/fwlink/?linkid=2096220","Disabled","False","Home Tenant;No OAuth grants","","","0"
"Azure Advanced Threat Protection","7b7531ad-5926-4f2d-8a1d-38495ad33e17","pass","True","False","False","False","Microsoft Services","atp.azure.com","True","False",,,"f8cdef31-a31e-4b4a-93e4-5f571e91255a","True","True","False","False","False",,"Application","https://atp.azure.com;7b7531ad-5926-4f2d-8a1d-38495ad33e17","True","False","",,"Disabled","False","Microsoft;No OAuth grants","","","0"
"Azure Container Apps Arc - Data Plane","409eb69a-5e20-4e1e-a8bf-c23300057950","pass","True","False","False","False","Microsoft Services",,"False","False","Microsoft Corporation","5206095","f8cdef31-a31e-4b4a-93e4-5f571e91255a","True","True","True","False","False",,"Application","409eb69a-5e20-4e1e-a8bf-c23300057950","False","False","disableLegacyUserImpersonationClient;disableLegacyUserImpersonationResource",,"Disabled","False","Microsoft;No OAuth grants","","","0"
"Business Scenario Service","ae04d195-7aae-4ed7-800c-cfed140e3b1b","pass","True","False","False","False","Microsoft Services","bizextsvc-int.microsoft.com","True","False","Microsoft Corporation","5206095","f8cdef31-a31e-4b4a-93e4-5f571e91255a","True","True","True","False","False",,"Application","https://bizextsvc-int.microsoft.com/;https://bizextsvc.microsoft.com/;https://bizextsvc-int.microsoft.com;https://bizextsvc.microsoft.com;ae04d195-7aae-4ed7-800c-cfed140e3b1b","True","False","",,"Disabled","False","Microsoft;No OAuth grants","","","0"
"Sales Close Agent - Compete Research (Microsoft Copilot Studio)","3b765467-d74d-4efb-b70a-8770766690aa","pass","False","False","True","False","Base-IT Intune.cc",,"False","False",,,"a65f6b72-abef-4f0b-88d6-3256be9a72d1","False","False","False","False","False",,"Application","3b765467-d74d-4efb-b70a-8770766690aa","False","False","AgenticApp;AIAgentBuilder;AgentCreatedBy:CopilotStudio;AgenticInstance;power-virtual-agents-f82fdc80-de28-220d-58b7-467ce3fe84d0","This application is required to support messaging and authentication for an individual chatbot built with Power Virtual Agents. Power Platform Environment: '19dde003-f47b-e12b-bdf6-e963eddc0758', Bot Id: 'f82fdc80-de28-220d-58b7-467ce3fe84d0', More information: https://go.microsoft.com/fwlink/?linkid=2096220","Disabled","False","Home Tenant;No OAuth grants","","","0"
"Azure Data Warehouse Polybase","0130cc9f-7ac5-4026-bd5f-80a08a54e6d9","pass","True","False","False","False","Microsoft Services",,"False","False",,,"f8cdef31-a31e-4b4a-93e4-5f571e91255a","True","True","False","False","False",,"Application","0130cc9f-7ac5-4026-bd5f-80a08a54e6d9","False","False","",,"OpenID Connect","False","Microsoft;No OAuth grants","","","0"
"CreateIncident-MicrosoftForm","80fe9278-df57-42c9-b4cb-479d93af75b3","pass","True","False","False","False",,"identity.azure.net","True","False",,,,"False","False","False","False","False",,"ManagedIdentity","80fe9278-df57-42c9-b4cb-479d93af75b3;https://identity.azure.net/dHKrp1vSfaPeS4s9GgPYBl49NcRXbcnkXHk6z96Achs=","True","False","",,"Disabled","False","Microsoft;No OAuth grants","","","0"
"Azure Arc Data Services","bb55177b-a7d9-4939-a257-8ab53a3b2bc6","pass","True","False","False","False","Microsoft Services",,"False","False",,,"f8cdef31-a31e-4b4a-93e4-5f571e91255a","True","True","False","False","False",,"Application","bb55177b-a7d9-4939-a257-8ab53a3b2bc6","False","False","",,"Disabled","False","Microsoft;No OAuth grants","","","0"
"PROD-Alps","03b184b5-8cb6-45d1-bef1-10db52790f06","pass","True","False","False","False","Microsoft Services","df.alps.cloud.dev.microsoft","False","False",,,"f8cdef31-a31e-4b4a-93e4-5f571e91255a","True","True","False","False","False",,"Application","03b184b5-8cb6-45d1-bef1-10db52790f06;https://df.alps.cloud.dev.microsoft;https://df.opal.frontier.microsoft365.com;https://opal.frontier.microsoft365.com;https://msd.opal.frontier.microsoft365.com","True","False","disableLegacyUserImpersonationClient;disableLegacyUserImpersonationResource;GitCreatedApp",,"OpenID Connect","False","Microsoft;No OAuth grants","","","0"
"Azure Static Web Apps","a7d8f84e-510b-46d6-8f59-77e581db63bc","pass","True","False","False","False","Microsoft Services","azurestaticwebapps.azure.com","True","False",,,"f8cdef31-a31e-4b4a-93e4-5f571e91255a","True","True","False","False","False",,"Application","a7d8f84e-510b-46d6-8f59-77e581db63bc;https://azurestaticwebapps.azure.com","True","False","disableLegacyUserImpersonationClient;disableLegacyUserImpersonationResource;GitCreatedApp",,"Disabled","False","Microsoft;No OAuth grants","","","0"
"DevilFish","eaf8a961-f56e-47eb-9ffd-936e22a554ef","pass","True","False","False","False","Microsoft Services",,"False","False",,,"f8cdef31-a31e-4b4a-93e4-5f571e91255a","True","True","False","False","False",,"Application","eaf8a961-f56e-47eb-9ffd-936e22a554ef","False","False","",,"Disabled","False","Microsoft;No OAuth grants","","","0"
"GSA - SSH - 10.0.0.9","b21575d7-781e-4387-9c97-61dc8b51800e","pass","False","False","True","True","Base-IT Intune.cc","b21575d7-781e-4387-9c97-61dc8b51800e","False","False",,,"a65f6b72-abef-4f0b-88d6-3256be9a72d1","False","False","False","True","False",,"Application","b21575d7-781e-4387-9c97-61dc8b51800e;api://b21575d7-781e-4387-9c97-61dc8b51800e","False","False","WindowsAzureActiveDirectoryIntegratedApp;WindowsAzureActiveDirectoryCustomSingleSignOnApplication;PrivateAccessNonWebApplication;HideApp;IsAccessibleViaZTNAClient",,"Disabled","True","Home Tenant;Hidden;staleApps;No OAuth grants","","","0"
"Standard Approvals Connector","b8c6afb3-f3a7-4ee4-9b1b-75e72ab1d4c9","pass","True","False","False","False","Microsoft Services",,"False","False",,,"f8cdef31-a31e-4b4a-93e4-5f571e91255a","True","True","False","False","False",,"Application","b8c6afb3-f3a7-4ee4-9b1b-75e72ab1d4c9","False","False","disableLegacyUserImpersonationClient;disableLegacyUserImpersonationResource;GitCreatedApp",,"OpenID Connect","False","Microsoft;No OAuth grants","","","0"
"MCAPI Authorization Prod","d73f4b35-55c9-48c7-8b10-651f6f2acb2e","pass","True","False","False","False","Microsoft Services","authorizationjournal.cp.microsoft.com","True","False",,,"f8cdef31-a31e-4b4a-93e4-5f571e91255a","True","True","False","False","False",,"Application","d73f4b35-55c9-48c7-8b10-651f6f2acb2e;https://authorizationjournal.cp.microsoft.com/;https://authorizationjournal.cp.microsoft.com;https://authorization.cp.microsoft.com/;https://authorization.cp.microsoft.com","True","False","",,"Disabled","False","Microsoft;No OAuth grants","","","0"
"MDA AppG DCS","5011132f-12d7-4327-bf50-7c522b0144dd","pass","True","False","False","False","Microsoft Services",,"False","False",,,"f8cdef31-a31e-4b4a-93e4-5f571e91255a","True","True","False","False","False",,"Application","5011132f-12d7-4327-bf50-7c522b0144dd","False","False","disableLegacyUserImpersonationClient;disableLegacyUserImpersonationResource;GitCreatedApp",,"Disabled","False","Microsoft;No OAuth grants","","","0"
"id-rumth-test","d42f5ad3-6e4d-4510-8937-02293dd5ee1f","pass","True","False","False","False",,"identity.azure.net","True","False",,,,"False","False","False","False","False",,"ManagedIdentity","d42f5ad3-6e4d-4510-8937-02293dd5ee1f;https://identity.azure.net/ANH9qIoSgNvHhwyPDMpI49RUQnUOOSo8/dBMM53bIwQ=","True","False","",,"Disabled","False","Microsoft;No OAuth grants","","","0"
"ArcGatewayApp","61414a6b-7050-4d69-8e88-d6c5646bab20","pass","True","False","False","False","Microsoft Services",,"False","False",,,"f8cdef31-a31e-4b4a-93e4-5f571e91255a","True","True","False","False","False",,"Application","61414a6b-7050-4d69-8e88-d6c5646bab20","False","False","disableLegacyUserImpersonationClient;disableLegacyUserImpersonationResource;GitCreatedApp",,"Disabled","False","Microsoft;No OAuth grants","","","0"
"Common Data Service User Management","c92229fa-e4e7-47fc-81a8-01386459c021","pass","True","False","False","False","Microsoft Services","kepler.partner.microsoftonline.cn","False","False","Microsoft Corporation","5206095","f8cdef31-a31e-4b4a-93e4-5f571e91255a","True","True","True","False","False",,"Application","https://kepler.partner.microsoftonline.cn;https://kepler.appsplatform.us;https://high.kepler.powerplatform.microsoft.us;https://gov.kepler.powerplatform.microsoft.us;https://kepler-tip.powerplatform.microsoft.com/;https://kepler-preprod.powerplatform.microsoft.com/;https://kepler.powerplatform.microsoft.com/;c92229fa-e4e7-47fc-81a8-01386459c021","True","False","",,"Disabled","False","Microsoft;No OAuth grants","","","0"
"Managed Service Identity","ef5d5c69-a5df-46bb-acaf-426f161a21a2","pass","True","False","False","False","Microsoft Services","serviceidentity.azure.net","True","False","Microsoft Corporation","5206095","f8cdef31-a31e-4b4a-93e4-5f571e91255a","True","True","True","False","False",,"Application","https://serviceidentity.azure.net/;ef5d5c69-a5df-46bb-acaf-426f161a21a2","True","False","",,"Disabled","False","Microsoft;No OAuth grants","","","0"
"Production-DPS-1P-SQLIaaS","56a02f66-b2ce-4568-954b-907d5476c479","pass","True","False","False","False","Microsoft Services","sqliaas.dataplaneservice.net","False","False",,,"f8cdef31-a31e-4b4a-93e4-5f571e91255a","True","True","False","False","False",,"Application","https://sqliaas.dataplaneservice.net;56a02f66-b2ce-4568-954b-907d5476c479","False","False","GitCreatedApp;disableLegacyUserImpersonationResource;disableLegacyUserImpersonationClient",,"Disabled","False","Microsoft;No OAuth grants","","","0"
"ConfigMgrSvc_81a55630-4fa8-48c4-bf21-65a569ebb53f","f3e03773-783b-4321-93a3-4349afa14324","pass","False","False","True","False","Base-IT Intune.cc","a65f6b72-abef-4f0b-88d6-3256be9a72d1","False","False",,,"a65f6b72-abef-4f0b-88d6-3256be9a72d1","False","False","False","True","False",,"Application","api://a65f6b72-abef-4f0b-88d6-3256be9a72d1/f3e03773-783b-4321-93a3-4349afa14324;f3e03773-783b-4321-93a3-4349afa14324","False","False","WindowsAzureActiveDirectoryIntegratedApp",,"OpenID Connect","True","Home Tenant;staleApps;No OAuth grants","","","0"
"Group Configuration Processor","1690c5aa-925a-4d0e-836b-722c795bd0d0","pass","True","False","False","False","Microsoft Services","substrate.office365.us","False","False",,,"f8cdef31-a31e-4b4a-93e4-5f571e91255a","True","True","False","False","False",,"Application","https://substrate.office365.us/GroupService;https://partner.outlook.cn/GroupService;https://substrate.office.de/GroupService;https://substrate.office.com/GroupService;https://substrate-sdf.office.com/GroupService;1690c5aa-925a-4d0e-836b-722c795bd0d0;https://substrate.office.com/GuardRail;https://substrate.office.de/GuardRail;https://partner.outlook.cn/GuardRail;https://substrate.office365.us/GuardRail;https://substrate-sdf.office.com/GuardRail","True","False","",,"Disabled","False","Microsoft;No OAuth grants","","","0"
"TenantSearchProcessors","abc63b55-0325-4305-9e1e-3463b182a6dc","pass","True","False","False","False","Microsoft Services",,"False","False",,,"f8cdef31-a31e-4b4a-93e4-5f571e91255a","True","True","False","False","False",,"Application","abc63b55-0325-4305-9e1e-3463b182a6dc","False","False","disableLegacyUserImpersonationClient;disableLegacyUserImpersonationResource;GitCreatedApp",,"Disabled","False","Microsoft;No OAuth grants","","","0"
"Winfield Services App","1b2dbca4-eb0c-44f2-98e4-545ff297914c","pass","True","False","False","False","Microsoft Services",,"False","False",,,"f8cdef31-a31e-4b4a-93e4-5f571e91255a","True","True","False","False","False",,"Application","1b2dbca4-eb0c-44f2-98e4-545ff297914c","False","False","disableLegacyUserImpersonationClient;disableLegacyUserImpersonationResource;GitCreatedApp",,"Disabled","False","Microsoft;No OAuth grants","","","0"
"Microsoft Defender for Cloud Pricing Resource Provider","cbff9545-769a-4b41-b76e-fbb069e8727e","pass","True","False","False","False","Microsoft Services",,"False","False",,,"f8cdef31-a31e-4b4a-93e4-5f571e91255a","True","True","False","False","False",,"Application","cbff9545-769a-4b41-b76e-fbb069e8727e","False","False","disableLegacyUserImpersonationResource;disableLegacyUserImpersonationClient",,"Disabled","False","Microsoft;No OAuth grants","","","0"
"d976887461d84fcf9a25654a","3f2846c8-8c62-4c61-bf54-d6aa2350aabe","pass","True","False","False","False",,"identity.azure.net","True","False",,,,"False","False","False","False","False",,"ManagedIdentity","3f2846c8-8c62-4c61-bf54-d6aa2350aabe;https://identity.azure.net/M1uzl59E0YUBaDP7aVXAo6pQqKygTnQqlDccYcAt1OQ=","True","False","",,"Disabled","False","Microsoft;No OAuth grants","","","0"
"Azure Sentinel Content Deployment App (8e7b67aa-2036-4bfb-aed3-825ac7ddff7f)","73931607-f9ae-426d-b385-3b11b85fb321","pass","False","False","True","False","Base-IT Intune.cc",,"False","False",,,"a65f6b72-abef-4f0b-88d6-3256be9a72d1","False","False","False","False","False",,"Application","73931607-f9ae-426d-b385-3b11b85fb321","False","False","",,"Disabled","True","Home Tenant;staleApps;No OAuth grants","","","0"
"PowerPlatform-a365outlookmailmcp-Connector","67a22a09-a89e-4845-95da-28a8e6f7069d","pass","True","False","False","False","Microsoft Services",,"False","False",,,"f8cdef31-a31e-4b4a-93e4-5f571e91255a","True","True","False","False","False",,"Application","67a22a09-a89e-4845-95da-28a8e6f7069d","False","False","disableLegacyUserImpersonationClient;disableLegacyUserImpersonationResource;GitCreatedApp",,"OpenID Connect","False","Microsoft;No OAuth grants","","","0"
"Dynamics CRM Online Administration","637fcc9f-4a9b-4aaa-8713-a2a3cfda1505","pass","True","False","False","False","Microsoft Services",,"False","False",,,"f8cdef31-a31e-4b4a-93e4-5f571e91255a","True","True","False","False","False",,"Application","637fcc9f-4a9b-4aaa-8713-a2a3cfda1505","False","False","",,"OpenID Connect","False","Microsoft;No OAuth grants","","","0"
"Customization Agent (Microsoft Copilot Studio)","f2a7f3bf-42f4-459a-8a95-a9a2f6e534f6","pass","False","False","True","False","Base-IT Intune.cc",,"False","False",,,"a65f6b72-abef-4f0b-88d6-3256be9a72d1","False","False","False","False","False",,"Application","f2a7f3bf-42f4-459a-8a95-a9a2f6e534f6","False","False","AgenticApp;AIAgentBuilder;AgentCreatedBy:CopilotStudio;AgenticInstance;power-virtual-agents-5e77943b-ebf7-a4de-4f0e-8fef385c1242","This application is required to support messaging and authentication for an individual chatbot built with Power Virtual Agents. Power Platform Environment: '19dde003-f47b-e12b-bdf6-e963eddc0758', Bot Id: '5e77943b-ebf7-a4de-4f0e-8fef385c1242', More information: https://go.microsoft.com/fwlink/?linkid=2096220","Disabled","False","Home Tenant;No OAuth grants","","","0"
"Hubble Media Service","84a0e9dd-6e58-4aad-82af-ebe485acd09d","pass","True","False","False","False","Microsoft Services","hubble.df.officeapps.live.com","True","False",,,"f8cdef31-a31e-4b4a-93e4-5f571e91255a","True","True","False","False","False",,"Application","https://hubble.df.officeapps.live.com;https://hubble.officeapps.live.com;https://hubble.msit.officeapps.live.com;84a0e9dd-6e58-4aad-82af-ebe485acd09d","True","False","disableLegacyUserImpersonationClient;disableLegacyUserImpersonationResource",,"OpenID Connect","False","Microsoft;No OAuth grants","","","0"
"Microsoft Azure Authorization Resource Provider","1dcb1bc7-c721-498e-b2fa-bcddcea44171","pass","True","False","False","False","Microsoft Services",,"False","False",,,"f8cdef31-a31e-4b4a-93e4-5f571e91255a","True","True","False","False","False",,"Application","1dcb1bc7-c721-498e-b2fa-bcddcea44171","False","False","",,"Disabled","False","Microsoft;No OAuth grants","","","0"
"PowerPlatform-a365memcp-Connector","f5f46cfd-576b-4dd6-b24e-460c84b3793c","pass","True","False","False","False","Microsoft Services",,"False","False",,,"f8cdef31-a31e-4b4a-93e4-5f571e91255a","True","True","False","False","False",,"Application","f5f46cfd-576b-4dd6-b24e-460c84b3793c","False","False","disableLegacyUserImpersonationClient;disableLegacyUserImpersonationResource;GitCreatedApp",,"OpenID Connect","False","Microsoft;No OAuth grants","","","0"
"SCOM","86d1dc85-fe97-46c1-b63d-8d0b7a5c5884","pass","False","False","True","True","Base-IT Intune.cc",,"False","False",,,"a65f6b72-abef-4f0b-88d6-3256be9a72d1","False","False","False","True","False",,"Application","86d1dc85-fe97-46c1-b63d-8d0b7a5c5884","False","False","WindowsAzureActiveDirectoryIntegratedApp;HideApp",,"Disabled","True","Home Tenant;Hidden;staleApps;No OAuth grants","","","0"
"Storage Resource Provider","a6aa9161-5291-40bb-8c5c-923b567bee3b","pass","True","False","False","False","Microsoft Services",,"False","False",,,"f8cdef31-a31e-4b4a-93e4-5f571e91255a","True","True","False","False","False",,"Application","a6aa9161-5291-40bb-8c5c-923b567bee3b","False","False","",,"Disabled","False","Microsoft;No OAuth grants","","","0"
"Azure OSSRDBMS Database","123cd850-d9df-40bd-94d5-c9f07b7fa203","pass","True","False","False","False","Microsoft Services","ossrdbms-aad.database.windows.net","True","False",,,"f8cdef31-a31e-4b4a-93e4-5f571e91255a","True","True","False","False","False",,"Application","123cd850-d9df-40bd-94d5-c9f07b7fa203;https://ossrdbms-aad.database.windows.net","True","False","",,"Disabled","False","Microsoft;No OAuth grants","","","0"
"Microsoft Cognitive Services","7d312290-28c8-473c-a0ed-8e53749b6d6d","pass","True","False","False","False","Microsoft Services","internal.cognitiveservices.azure.us","False","False",,,"f8cdef31-a31e-4b4a-93e4-5f571e91255a","True","True","False","False","False",,"Application","7d312290-28c8-473c-a0ed-8e53749b6d6d;https://internal.cognitiveservices.azure.us;https://internal.cognitiveservices.azure.com;https://cognitiveservices.azure.us;https://cognitiveservices.azure.com","True","False","",,"Disabled","False","Microsoft;No OAuth grants","","","0"
"CustomerServiceKnowledgeHarvest (Microsoft Copilot Studio)","5f47862b-b587-4729-b79b-531a878284d6","pass","False","False","True","False","Base-IT Intune.cc",,"False","False",,,"a65f6b72-abef-4f0b-88d6-3256be9a72d1","False","False","False","False","False",,"Application","5f47862b-b587-4729-b79b-531a878284d6","False","False","AIAgentBuilder;AgentCreatedBy:CopilotStudio;AgenticApp;power-virtual-agents-87efb653-a5d0-1868-0bed-de8241f05719","This application is required to support messaging and authentication for an individual chatbot built with Power Virtual Agents. Power Platform Environment: '19dde003-f47b-e12b-bdf6-e963eddc0758', Bot Id: '87efb653-a5d0-1868-0bed-de8241f05719', More information: https://go.microsoft.com/fwlink/?linkid=2096220","Disabled","False","Home Tenant;No OAuth grants","","","0"
"base-IT_SOC_mailnotification_template_ponpa","6823d2bf-771b-4ff6-b37f-668f68507c6c","pass","True","False","False","False",,"identity.azure.net","True","False",,,,"False","False","False","False","False",,"ManagedIdentity","6823d2bf-771b-4ff6-b37f-668f68507c6c;https://identity.azure.net/y8d5F1wKGxe7JR0aMUh3p2UR3NbImTCGxzom3TDdJFk=","True","False","",,"Disabled","False","Microsoft;No OAuth grants","","","0"
"Microsoft.BareBoneClusterService","2e458d69-0892-4655-b713-4f7b182315dd","pass","True","False","False","False","Microsoft Services",,"False","False",,,"f8cdef31-a31e-4b4a-93e4-5f571e91255a","True","True","False","False","False",,"Application","2e458d69-0892-4655-b713-4f7b182315dd","False","False","",,"Disabled","False","Microsoft;No OAuth grants","","","0"
"Azure Kubernetes Service AAD Server","6dae42f8-4368-4678-94ff-3960e28e3630","pass","True","False","False","False","Microsoft Services","aks-aad-server.azure.com","True","False","Microsoft Corporation","5206095","f8cdef31-a31e-4b4a-93e4-5f571e91255a","True","True","True","False","False",,"Application","https://aks-aad-server.azure.com;6dae42f8-4368-4678-94ff-3960e28e3630","True","False","",,"Disabled","False","Microsoft;No OAuth grants","","","0"
"Microsoft.ExtensibleRealUserMonitoring","e3583ad2-c781-4224-9b91-ad15a8179ba0","pass","True","False","False","False","Microsoft Services","na.myservice.com","False","False",,,"f8cdef31-a31e-4b4a-93e4-5f571e91255a","True","True","False","False","False",,"Application","e3583ad2-c781-4224-9b91-ad15a8179ba0;e3583ad2-c781-4224-9b91-ad15a8179ba0/na.myservice.com","False","False","",,"OpenID Connect","False","Microsoft;No OAuth grants","","","0"
"MRMapsProd","af7c72b5-1a61-4bf3-958b-4e51e1ddfbe8","pass","True","False","False","False","Microsoft Services",,"False","False","Microsoft Corporation","5206095","f8cdef31-a31e-4b4a-93e4-5f571e91255a","True","True","True","False","False",,"Application","af7c72b5-1a61-4bf3-958b-4e51e1ddfbe8","False","False","disableLegacyUserImpersonationClient;disableLegacyUserImpersonationResource;GitCreatedApp",,"Disabled","False","Microsoft;No OAuth grants","","","0"
"Dynamics 365 Universal Resource Scheduling","b2b4502c-fedd-4748-8828-09e1eae11d6a","pass","True","False","False","False","Microsoft Services",,"False","False",,,"f8cdef31-a31e-4b4a-93e4-5f571e91255a","True","True","False","False","False",,"Application","b2b4502c-fedd-4748-8828-09e1eae11d6a","False","False","",,"Disabled","False","Microsoft;No OAuth grants","","","0"
"Dynamics 365 Analytics","61d02d70-ab6c-4569-be48-787ea2cda65d","pass","True","False","False","False","Microsoft Services","ccadas-prod","False","False",,,"f8cdef31-a31e-4b4a-93e4-5f571e91255a","True","True","False","False","False",,"Application","api://ccadas-prod;https://microsoft.onmicrosoft.com/ccadataanalytics.dynamics.com;https://mspmecloud.onmicrosoft.com/pme.ccadataanalytics.dynamics.com;61d02d70-ab6c-4569-be48-787ea2cda65d;api://ccadas-gov","True","False","",,"OpenID Connect","False","Microsoft;No OAuth grants","","","0"
"USX Triage Agent","ccc10f5c-2352-4d8d-8854-6043c0f493fc","pass","True","False","False","False","Microsoft Services","ccc10f5c-2352-4d8d-8854-6043c0f493fc","False","False",,,"f8cdef31-a31e-4b4a-93e4-5f571e91255a","True","True","False","False","False",,"Application","ccc10f5c-2352-4d8d-8854-6043c0f493fc;api://ccc10f5c-2352-4d8d-8854-6043c0f493fc","False","False","disableLegacyUserImpersonationClient;disableLegacyUserImpersonationResource;GitCreatedApp",,"Disabled","False","Microsoft;No OAuth grants","","","0"
"MTS","6682cfa5-2710-44c9-adb8-5ac9d76e394a","pass","True","False","False","False","Microsoft Services",,"False","False",,,"f8cdef31-a31e-4b4a-93e4-5f571e91255a","True","True","False","False","False",,"Application","6682cfa5-2710-44c9-adb8-5ac9d76e394a","False","False","",,"Disabled","False","Microsoft;No OAuth grants","","","0"
"My Profile","8c59ead7-d703-4a27-9e55-c96a0054c8d2","pass","True","False","False","False","Microsoft Services",,"False","False",,,"f8cdef31-a31e-4b4a-93e4-5f571e91255a","True","True","False","False","False",,"Application","8c59ead7-d703-4a27-9e55-c96a0054c8d2","False","False","",,"OpenID Connect","False","Microsoft;No OAuth grants","","","0"
"Azure AD Identity Governance - User Management","ec245c98-4a90-40c2-955a-88b727d97151","pass","True","False","False","False","Microsoft Services",,"False","False",,,"f8cdef31-a31e-4b4a-93e4-5f571e91255a","True","True","False","False","False",,"Application","ec245c98-4a90-40c2-955a-88b727d97151","False","False","",,"Disabled","False","Microsoft;No OAuth grants","","","0"
"vm-hubd-avd-0","f5fcb2d1-e0e9-4523-8a7b-5e8994069f44","pass","True","False","False","False",,"identity.azure.net","True","False",,,,"False","False","False","False","False",,"ManagedIdentity","f5fcb2d1-e0e9-4523-8a7b-5e8994069f44;https://identity.azure.net/AshT/zZ7dKbzEF1TBwAyabsdqDMKdGDP85cabXI2EB8=","True","False","",,"Disabled","False","Microsoft;No OAuth grants","","","0"
"AzureBackup_Fabric_Service","e81c7467-0fc3-4866-b814-c973488361cd","pass","True","False","False","False","Microsoft Services",,"False","False",,,"f8cdef31-a31e-4b4a-93e4-5f571e91255a","True","True","False","False","False",,"Application","e81c7467-0fc3-4866-b814-c973488361cd","False","False","",,"Disabled","False","Microsoft;No OAuth grants","","","0"
"Azure Kubernetes Service - Fleet RP","609d2f62-527f-4451-bfd2-ac2c7850822c","pass","True","False","False","False","Microsoft Services",,"False","False",,,"f8cdef31-a31e-4b4a-93e4-5f571e91255a","True","True","False","False","False",,"Application","609d2f62-527f-4451-bfd2-ac2c7850822c","False","False","",,"Disabled","False","Microsoft;No OAuth grants","","","0"
"Microsoft Teams Graph Service","ab3be6b7-f5df-413d-ac2d-abf1e3fd9c0b","pass","True","False","False","False","Microsoft Services","graphservice.teams.microsoft.com","True","False",,,"f8cdef31-a31e-4b4a-93e4-5f571e91255a","True","True","False","False","False",,"Application","https://graphservice.teams.microsoft.com;https://teamsgraphserviceppe.trafficmanager.net;https://teamsgraphservice.trafficmanager.net;ab3be6b7-f5df-413d-ac2d-abf1e3fd9c0b;https://teamsgraph.teams.microsoft.com;https://teamsgraph.dod.teams.microsoft.us;https://teamsgraph.gov.teams.microsoft.us;https://teamsgraph-pr.teams.microsoft.com/;https://teamsgraph-pr.teams.microsoft.com;https://mst-graph-asse.azurefd.net/;https://mst-graph-asse.azurefd.net;https://mst-graph-euwe.azurefd.net/;https://mst-graph-euwe.azurefd.net;https://mst-graph-euno.azurefd.net/;https://mst-graph-euno.azurefd.net;https://mst-graph-usea.azurefd.net/;https://mst-graph-usea.azurefd.net;https://mst-graph-uswe.azurefd.net/;https://mst-graph-uswe.azurefd.net;https://teamsgraph.gov.teams.microsoft.us/;https://teamsgraph.dod.teams.microsoft.us/;https://teamsgraph.teams.microsoft.com/;https://teamsgraph.gcc.teams.microsoft.com;https://tabs.teams.microsoft.com","True","False","",,"Disabled","False","Microsoft;No OAuth grants","","","0"
"Office365 Shell SS-Server Default","6872b314-67ab-4a16-98e7-a663b0f772c3","pass","True","False","False","False","Microsoft Services",,"False","False","Microsoft Corporation","5206095","f8cdef31-a31e-4b4a-93e4-5f571e91255a","True","True","True","False","False",,"Application","6872b314-67ab-4a16-98e7-a663b0f772c3","False","False","disableRequestingTenantedPassthroughTokens;disableAcceptingTenantedPassthroughTokens;disableLegacyUserImpersonationResource;disableLegacyUserImpersonationClient",,"Disabled","False","Microsoft;No OAuth grants","","","0"
"Modern workplace","5261cd9e-9047-4d9a-ad71-20186e5cf942","pass","True","False","False","False","Microsoft Services",,"False","False",,,"f8cdef31-a31e-4b4a-93e4-5f571e91255a","True","True","False","False","False",,"Application","5261cd9e-9047-4d9a-ad71-20186e5cf942","False","False","",,"Disabled","False","Microsoft;No OAuth grants","","","0"
"Microsoft Power BI Information Service","0000001b-0000-0000-c000-000000000000","pass","True","False","False","False","Microsoft Services","ssim.powerbi.microsoft.com","True","False",,,"f8cdef31-a31e-4b4a-93e4-5f571e91255a","True","True","False","False","False",,"Application","0000001b-0000-0000-c000-000000000000;0000001b-0000-0000-c000-000000000000/ssim.powerbi.microsoft.com","True","False","",,"Disabled","False","Microsoft;No OAuth grants","","","0"
"Test","f385b0b5-8046-4845-a3ae-dd54f919ac96","pass","False","False","True","True","Base-IT Intune.cc",,"False","False",,,"a65f6b72-abef-4f0b-88d6-3256be9a72d1","False","False","False","True","False",,"Application","f385b0b5-8046-4845-a3ae-dd54f919ac96","False","False","WindowsAzureActiveDirectoryIntegratedApp;HideApp",,"Disabled","True","Home Tenant;Hidden;staleApps;No OAuth grants","","","0"
"ProjectWorkManagement","09abbdfd-ed23-44ee-a2d9-a627aa1c90f3","pass","True","False","False","False","Microsoft Services","tasks.office.com","True","False","Microsoft Corporation","5206095","f8cdef31-a31e-4b4a-93e4-5f571e91255a","True","True","True","False","False",,"Application","https://tasks.office.com;https://s2s.tasks.office.net;09abbdfd-ed23-44ee-a2d9-a627aa1c90f3;09abbdfd-ed23-44ee-a2d9-a627aa1c90f3/tasks.office.com","True","False","",,"OpenID Connect","False","Microsoft;No OAuth grants","","","0"
"Hybrid Container Service","e65f9af7-1b91-4078-a98f-83eb5fe83e00","pass","True","False","False","False","Microsoft Services",,"False","False","Microsoft Corporation","5206095","f8cdef31-a31e-4b4a-93e4-5f571e91255a","True","True","True","False","False",,"Application","e65f9af7-1b91-4078-a98f-83eb5fe83e00","False","False","disableLegacyUserImpersonationClient;disableLegacyUserImpersonationResource",,"Disabled","False","Microsoft;No OAuth grants","","","0"
"TeamsChatServiceApp","4cba1704-a0c1-45ee-9d41-fe75b4ef9190","pass","True","False","False","False","Microsoft Services","msg.teams.microsoft.com","True","False",,,"f8cdef31-a31e-4b4a-93e4-5f571e91255a","True","True","False","False","False",,"Application","https://msg.teams.microsoft.com;4cba1704-a0c1-45ee-9d41-fe75b4ef9190","True","False","",,"Disabled","False","Microsoft;No OAuth grants","","","0"
"AI Builder Authorization Service","ad40333e-9910-4b61-b281-e3aeeb8c3ef3","pass","True","False","False","False","Microsoft Services",,"False","False",,,"f8cdef31-a31e-4b4a-93e4-5f571e91255a","True","True","False","False","False",,"Application","ad40333e-9910-4b61-b281-e3aeeb8c3ef3","False","False","",,"Disabled","False","Microsoft;No OAuth grants","","","0"
"Add-IP-to-TIIndicators-Sentinel","5352a8f9-d845-49bf-af00-1c95296e2efe","pass","True","False","False","False",,"identity.azure.net","True","False",,,,"False","False","False","False","False",,"ManagedIdentity","https://identity.azure.net/PQlKP58GRFFX7vxw/q1v3SS5qqUVWU0Hy+vfZM4WTn8=;5352a8f9-d845-49bf-af00-1c95296e2efe","True","False","",,"Disabled","False","Microsoft;No OAuth grants","","","0"
"ForPe-Default-AgentSharePoint (Microsoft Copilot Studio)","26a5b79f-cb20-4bd2-9f7d-37fe4252674a","pass","False","False","True","False","Base-IT Intune.cc",,"False","False",,,"a65f6b72-abef-4f0b-88d6-3256be9a72d1","False","False","False","False","False",,"Application","26a5b79f-cb20-4bd2-9f7d-37fe4252674a","False","False","AgenticApp;AIAgentBuilder;AgentCreatedBy:CopilotStudio;AgenticInstance;power-virtual-agents-82234bc8-13f9-c078-5c69-83127c52de48","This application is required to support messaging and authentication for an individual chatbot built with Power Virtual Agents. Power Platform Environment: '035a17de-c1e1-e6f2-abe2-ee8e69d5c556', Bot Id: '82234bc8-13f9-c078-5c69-83127c52de48', More information: https://go.microsoft.com/fwlink/?linkid=2096220","Disabled","False","Home Tenant;No OAuth grants","","","0"
"Skype Presence Service","1e70cd27-4707-4589-8ec5-9bd20c472a46","pass","True","False","False","False","Microsoft Services","test.presence.interop.services.sfb.trafficmanager.net","False","False",,,"f8cdef31-a31e-4b4a-93e4-5f571e91255a","True","True","False","False","False",,"Application","https://test.presence.interop.services.sfb.trafficmanager.net/;https://test.presence.services.sfb.trafficmanager.net/;https://int.presence.interop.services.sfb.trafficmanager.net/;https://int.presence.services.sfb.trafficmanager.net/;https://dev.presence.interop.services.sfb.trafficmanager.net/;https://dev.presence.services.sfb.trafficmanager.net/;https://apac.presence-interop.teams.microsoft.com/;https://emea.presence-interop.teams.microsoft.com/;https://noam.presence-interop.teams.microsoft.com/;https://noamdf.presence-interop.teams.microsoft.com/;https://noamdf.presence.teams.microsoft.com:444/;https://apac.presence.teams.microsoft.com:444/;https://emea.presence.teams.microsoft.com:444/;https://noam.presence.teams.microsoft.com:444/;https://emea.presence.interop.services.sfb.trafficmanager.net/;https://apac.presence.interop.services.sfb.trafficmanager.net/;https://noam.presence.interop.services.sfb.trafficmanager.net/;https://noamdf.presence.interop.services.sfb.trafficmanager.net/;https://noamdf.presence.teams.microsoft.com/;https://presence.teams.microsoft.com/;https://apac.presence.teams.microsoft.com/;https://emea.presence.teams.microsoft.com/;https://noam.presence.teams.microsoft.com/;1e70cd27-4707-4589-8ec5-9bd20c472a46;https://gw.presence.infra.dod.teams.microsoft.us/;https://presence.dod.teams.microsoft.us/;https://gw.presence.infra.gov.teams.microsoft.us/;https://presence.gov.teams.microsoft.us/;https://gw.presence.infra.gcc.teams.microsoft.com/;https://presence.gcc.teams.microsoft.com/;https://int.presence.teams.microsoft.net/","True","False","",,"OpenID Connect","False","Microsoft;No OAuth grants","","","0"
"Azure Notebooks","0d973830-135d-4ffa-92cd-4c57650dc220","pass","True","False","False","False","Microsoft",,"False","False",,,"72f988bf-86f1-41af-91ab-2d7cd011db47","True","True","False","True","False",,"Application","0d973830-135d-4ffa-92cd-4c57650dc220","False","False","WindowsAzureActiveDirectoryIntegratedApp",,"OpenID Connect","False","Microsoft;No OAuth grants","","","0"
"1b774a5974254d26a4f7c8e4","36f52810-a678-4528-9eae-7b7b9395dbe7","pass","True","False","False","False",,"identity.azure.net","True","False",,,,"False","False","False","False","False",,"ManagedIdentity","36f52810-a678-4528-9eae-7b7b9395dbe7;https://identity.azure.net/+HR2xU9FRJIZc4TWxRRt1ITKVQ9zPsp/THn78XjIXNE=","True","False","",,"Disabled","False","Microsoft;No OAuth grants","","","0"
"SharePoint eSignature","37f6eaf4-3611-4fbc-9667-ee2ba7e889c0","pass","True","False","False","False","Microsoft Services","agreement.esign.microsoft.com","True","False",,,"f8cdef31-a31e-4b4a-93e4-5f571e91255a","True","True","False","False","False",,"Application","37f6eaf4-3611-4fbc-9667-ee2ba7e889c0;https://agreement.esign.microsoft.com;https://agreement.service.esign.microsoft.com;https://agreement.internal.service.esign.microsoft.com;https://agreement.preview.service.esign.microsoft.com;https://esign.svc.cloud.microsoft","True","False","",,"Disabled","False","Microsoft;No OAuth grants","","","0"
"Office Online Service","e03a13ee-9730-4cae-8525-47559c8cf18a","pass","True","False","False","False","Microsoft Services",,"False","False",,,"f8cdef31-a31e-4b4a-93e4-5f571e91255a","True","True","False","False","False",,"Application","e03a13ee-9730-4cae-8525-47559c8cf18a","False","False","disableLegacyUserImpersonationResource;disableLegacyUserImpersonationClient;disableAcceptingTenantedPassthroughTokens;disableRequestingTenantedPassthroughTokens",,"Disabled","False","Microsoft;No OAuth grants","","","0"
"ZTNA Network Access Control Plane","9d4afbbc-06a4-49e0-8005-4e5afd1d4fec","pass","True","False","False","False","Microsoft Services",,"False","False",,,"f8cdef31-a31e-4b4a-93e4-5f571e91255a","True","True","False","False","False",,"Application","9d4afbbc-06a4-49e0-8005-4e5afd1d4fec","False","False","",,"Disabled","False","Microsoft;No OAuth grants","","","0"
"SecurityCopilotAgentIdentity-e1e9d54b-cc48-4c30-8048-aa8c3e274ee4","b8c723ad-e2d3-4e23-af32-99b14082e55a","pass","False","False","False","False",,,"False","False",,,,"False","False","False","False","False",,"ServiceIdentity","b8c723ad-e2d3-4e23-af32-99b14082e55a","False","False","",,"Disabled","False","No OAuth grants","","","0"
"DISCOVER-AGENTc94eauthandaccessaadapp","6b6e2a05-ed5e-4c25-b616-8650046748ee","pass","False","False","True","False","Base-IT Intune.cc",,"False","False",,,"a65f6b72-abef-4f0b-88d6-3256be9a72d1","False","False","False","False","False",,"Application","6b6e2a05-ed5e-4c25-b616-8650046748ee","False","False","AzureMigrateAppliance",,"Disabled","True","Home Tenant;staleApps;No OAuth grants","","","0"
"ar-MyWorkID-backend","633e662d-4aed-4733-bfff-9b4f1a02df8f","pass","False","False","True","False","Base-IT Intune.cc","633e662d-4aed-4733-bfff-9b4f1a02df8f","False","False",,,"a65f6b72-abef-4f0b-88d6-3256be9a72d1","False","False","False","False","False",,"Application","api://633e662d-4aed-4733-bfff-9b4f1a02df8f;633e662d-4aed-4733-bfff-9b4f1a02df8f","False","False","",,"Disabled","True","Home Tenant;staleApps;No OAuth grants","","","0"
"Azure Cost Management Exports","e5408ad0-c4e2-43aa-b6f2-3b4951286d99","pass","True","False","False","False","Microsoft Services",,"False","False",,,"f8cdef31-a31e-4b4a-93e4-5f571e91255a","True","True","False","False","False",,"Application","e5408ad0-c4e2-43aa-b6f2-3b4951286d99","False","False","",,"OpenID Connect","False","Microsoft;No OAuth grants","","","0"
"MDEDevice","69990b63-763d-47e3-ac2d-5e94158313b0","pass","True","False","False","False",,"identity.azure.net","True","False",,,,"False","False","False","False","False",,"ManagedIdentity","https://identity.azure.net/8UnEkCD0TQHToLuJR+iNJw8BYR54V6Kf8WCWcqBxxjc=;69990b63-763d-47e3-ac2d-5e94158313b0","True","False","",,"Disabled","False","Microsoft;No OAuth grants","","","0"
"Office 365 Import Service","3eb95cef-b10f-46fe-94e0-969a3d4c9292","pass","True","False","False","False","Microsoft Services","microsoft.onmicrosoft.com","False","False",,,"f8cdef31-a31e-4b4a-93e4-5f571e91255a","True","True","False","False","False",,"Application","https://microsoft.onmicrosoft.com/86dfdabb-5089-4a0c-880a-cfa5a790c5b1;3eb95cef-b10f-46fe-94e0-969a3d4c9292","True","False","",,"OpenID Connect","False","Microsoft;No OAuth grants","","","0"
"NetworkTrafficAnalyticsService","1e3e4475-288f-4018-a376-df66fd7fac5f","pass","True","False","False","False","Microsoft Services",,"False","False",,,"f8cdef31-a31e-4b4a-93e4-5f571e91255a","True","True","False","False","False",,"Application","1e3e4475-288f-4018-a376-df66fd7fac5f","False","False","",,"OpenID Connect","False","Microsoft;No OAuth grants","","","0"
"201048 Support Agent (Microsoft Copilot Studio)","ba75638d-32ce-4d10-adad-84199cea92a7","pass","False","False","False","False",,,"False","False",,,,"False","False","False","False","False",,"ServiceIdentity","ba75638d-32ce-4d10-adad-84199cea92a7","False","False","",,"Disabled","False","No OAuth grants","","","0"
"test_boepa_11233","c66c2e56-82b2-40d1-b57c-dad5f39359ab","pass","False","False","True","False","Base-IT Intune.cc",,"False","False",,,"a65f6b72-abef-4f0b-88d6-3256be9a72d1","False","False","False","True","False",,"Application","c66c2e56-82b2-40d1-b57c-dad5f39359ab","False","False","WindowsAzureActiveDirectoryIntegratedApp;WindowsAzureActiveDirectoryCustomSingleSignOnApplication",,"Disabled","True","Home Tenant;staleApps;No OAuth grants","","","0"
"Microsoft Defender Hunting","992136bc-5b57-425f-8d95-ac65975722cd","pass","True","False","False","False","Microsoft Services",,"False","False",,,"f8cdef31-a31e-4b4a-93e4-5f571e91255a","True","True","False","False","False",,"Application","992136bc-5b57-425f-8d95-ac65975722cd","False","False","disableLegacyUserImpersonationClient;disableLegacyUserImpersonationResource;GitCreatedApp",,"Disabled","False","Microsoft;No OAuth grants","","","0"
"CAP Neptune Prod CM Prod ","ab158d9a-0b5c-4cc3-bb2b-f6646581e4e4","pass","True","False","False","False","Microsoft Services","licensing.powerplatform.microsoft.com","True","False","Microsoft Corporation","5206095","f8cdef31-a31e-4b4a-93e4-5f571e91255a","True","True","True","False","False",,"Application","https://licensing.powerplatform.microsoft.com/auth;ab158d9a-0b5c-4cc3-bb2b-f6646581e4e4","True","False","",,"Disabled","False","Microsoft;No OAuth grants","","","0"
"7b4d57fd3fd443e98e7cfdc6","d7a20d4f-0f69-4098-b0ef-3bb23b7631b7","pass","True","False","False","False",,"identity.azure.net","True","False",,,,"False","False","False","False","False",,"ManagedIdentity","d7a20d4f-0f69-4098-b0ef-3bb23b7631b7;https://identity.azure.net/qgCKRlQ3Fm8NcxUmxwU2KJrQTrUydVfYgmTV1CGztAQ=","True","False","",,"Disabled","False","Microsoft;No OAuth grants","","","0"
"Azure SQL Managed Instance to Microsoft.Network","76c7f279-7959-468f-8943-3954880e0d8c","pass","True","False","False","False","Microsoft Services",,"False","False",,,"f8cdef31-a31e-4b4a-93e4-5f571e91255a","True","True","False","False","False",,"Application","76c7f279-7959-468f-8943-3954880e0d8c","False","False","disableLegacyUserImpersonationClient;disableLegacyUserImpersonationResource",,"Disabled","False","Microsoft;No OAuth grants","","","0"
"Microsoft Dynamics CRM Learning Path","2db8cb1d-fb6c-450b-ab09-49b6ae35186b","pass","True","False","False","False","Microsoft Services","learningpath.crm.com","False","False",,,"f8cdef31-a31e-4b4a-93e4-5f571e91255a","True","True","False","False","False",,"Application","https://learningpath.crm.com/v2/;2db8cb1d-fb6c-450b-ab09-49b6ae35186b","False","False","",,"OpenID Connect","False","Microsoft;No OAuth grants","","","0"
"Cloud Hybrid Search","feff8b5b-97f3-4374-a16a-1911ae9e15e9","pass","True","False","False","False","Microsoft Services",,"False","False",,,"f8cdef31-a31e-4b4a-93e4-5f571e91255a","True","True","False","False","False",,"Application","feff8b5b-97f3-4374-a16a-1911ae9e15e9","False","False","",,"Disabled","False","Microsoft;No OAuth grants","","","0"
"Microsoft Flow CDS Integration Service TIP1","eacba838-453c-4d3e-8c6a-eb815d3469a3","pass","True","False","False","False","Microsoft Services",,"False","False",,,"f8cdef31-a31e-4b4a-93e4-5f571e91255a","True","True","False","False","False",,"Application","eacba838-453c-4d3e-8c6a-eb815d3469a3","False","False","",,"OpenID Connect","False","Microsoft;No OAuth grants","","","0"
"Excel Online Business Connector","7442f35f-64b6-45b8-bbee-f069b75cd4f2","pass","True","False","False","False","Microsoft Services",,"False","False",,,"f8cdef31-a31e-4b4a-93e4-5f571e91255a","True","True","False","False","False",,"Application","7442f35f-64b6-45b8-bbee-f069b75cd4f2","False","False","disableLegacyUserImpersonationClient;disableLegacyUserImpersonationResource;GitCreatedApp",,"OpenID Connect","False","Microsoft;No OAuth grants","","","0"
"Reading Assignments","22d27567-b3f0-4dc2-9ec2-46ed368ba538","pass","True","False","False","False","Microsoft Services","ppe.speakerprogress.edu.svc.cloud.microsoft","False","False","Microsoft Corporation","5206095","f8cdef31-a31e-4b4a-93e4-5f571e91255a","True","True","True","False","False",,"Application","https://ppe.speakerprogress.edu.svc.cloud.microsoft;https://speakerprogress.edu.svc.cloud.microsoft;https://ppe.learningactivities.edu.cloud.microsoft;https://learningactivities.edu.cloud.microsoft;https://readingprogress.edu.svc.cloud.microsoft;https://readingprogress.edu.svc.cloud.dev.microsoft;https://ppe.readingprogress.edu.svc.cloud.microsoft;https://edu-readingassignments-prod.eastus2.cloudapp.azure.com;https://readingprogress.microsoft.com;https://readingprogress.ppe.microsoft.com;https://readingprogress.int.microsoft.com;https://edu-readingassignments.cloudapp.azure.com;https://edu-readingassignments-ci.cloudapp.azure.com;https://edu-readingassignments-int.cloudapp.azure.com;https://edu-readingassignments-ppe.cloudapp.azure.com;https://edu-readingassignments-prod.cloudapp.azure.com;https://edu-readingassignments-ci.westus2.cloudapp.azure.com;https://edu-readingassignments-int.westus2.cloudapp.azure.com;https://edu-readingassignments-ppe.westus2.cloudapp.azure.com;https://edu-readingassignments-prod.westus2.cloudapp.azure.com;22d27567-b3f0-4dc2-9ec2-46ed368ba538;https://edu-readingassignments-int2.westus2.cloudapp.azure.com;https://localhost:50443","True","False","",,"OpenID Connect","False","Microsoft;No OAuth grants","","","0"
"Exchange Office Graph Client for AAD - Interactive","6da466b6-1d13-4a2c-97bd-51a99e8d4d74","pass","True","False","False","False","Microsoft Services",,"False","False",,,"f8cdef31-a31e-4b4a-93e4-5f571e91255a","True","True","False","False","False",,"Application","6da466b6-1d13-4a2c-97bd-51a99e8d4d74","False","False","",,"Disabled","False","Microsoft;No OAuth grants","","","0"
"AADReporting","1b912ec3-a9dd-4c4d-a53e-76aa7adb28d7","pass","True","False","False","False","Microsoft Services","reportingservice.activedirectory.windowsazure.com","False","False",,,"f8cdef31-a31e-4b4a-93e4-5f571e91255a","True","True","False","False","False",,"Application","https://reportingservice.activedirectory.windowsazure.com/;1b912ec3-a9dd-4c4d-a53e-76aa7adb28d7","True","False","",,"OpenID Connect","False","Microsoft;No OAuth grants","","","0"
"Outlook Online Add-in App","bc59ab01-8403-45c6-8796-ac3ef710b3e3","pass","True","False","False","False","Microsoft Services",,"False","False",,,"f8cdef31-a31e-4b4a-93e4-5f571e91255a","True","True","False","False","False",,"Application","bc59ab01-8403-45c6-8796-ac3ef710b3e3","False","False","",,"OpenID Connect","False","Microsoft;No OAuth grants","","","0"
"Azure Guest Container Update Manager","c8f5141d-83e0-4e9a-84d0-bb6677e26f64","pass","True","False","False","False","Microsoft Services",,"False","False","Microsoft Corporation","5206095","f8cdef31-a31e-4b4a-93e4-5f571e91255a","True","True","True","False","False",,"Application","c8f5141d-83e0-4e9a-84d0-bb6677e26f64","False","False","",,"Disabled","False","Microsoft;No OAuth grants","","","0"
"Intune oAuth Graph","0f6e3eff-886c-4f7a-a1d7-6f1f0177273b","pass","True","False","False","False","Microsoft Services",,"False","False",,,"f8cdef31-a31e-4b4a-93e4-5f571e91255a","True","True","False","False","False",,"Application","0f6e3eff-886c-4f7a-a1d7-6f1f0177273b","False","False","",,"Disabled","False","Microsoft;No OAuth grants","","","0"
"Universal Print Native Client","dae89220-69ba-4957-a77a-47b78695e883","pass","True","False","False","False","Microsoft Services",,"False","False",,,"f8cdef31-a31e-4b4a-93e4-5f571e91255a","True","True","False","False","False",,"Application","dae89220-69ba-4957-a77a-47b78695e883","False","False","",,"OpenID Connect","False","Microsoft;No OAuth grants","","","0"
"Azure Iot Hub","89d10474-74af-4874-99a7-c23c2f643083","pass","True","False","False","False","Microsoft Services","iothubs.eaglex.ic.gov","False","False",,,"f8cdef31-a31e-4b4a-93e4-5f571e91255a","True","True","False","False","False",,"Application","https://iothubs.eaglex.ic.gov;https://iothubs.microsoft.scloud;https://iothubs.azure.net;89d10474-74af-4874-99a7-c23c2f643083","True","False","",,"Disabled","False","Microsoft;No OAuth grants","","","0"
"ATHQHCICL01-arcbridge","63dd95fc-972e-4b63-ab17-d29d8bd222d6","pass","True","False","False","False",,"identity.azure.net","True","False",,,,"False","False","False","False","False",,"ManagedIdentity","63dd95fc-972e-4b63-ab17-d29d8bd222d6;https://identity.azure.net/WVQKe29ffgBP9dltthXt8XkDX2UW6k5ORmN5QjEbZgE=","True","False","",,"Disabled","False","Microsoft;No OAuth grants","","","0"
"Sentinel Dashboard2","355111e7-76be-48b6-ba3d-385e2f0a77c1","pass","False","False","True","False","Base-IT Intune.cc",,"False","False",,,"a65f6b72-abef-4f0b-88d6-3256be9a72d1","False","False","False","True","False",,"Application","355111e7-76be-48b6-ba3d-385e2f0a77c1","False","False","WindowsAzureActiveDirectoryCustomSingleSignOnApplication;WindowsAzureActiveDirectoryIntegratedApp",,"Disabled","True","Home Tenant;staleApps;No OAuth grants","","","0"
"dfeffqa","c4202c49-eb91-4e5a-80b7-040681c224f5","pass","False","False","True","False","Base-IT Intune.cc","c4202c49-eb91-4e5a-80b7-040681c224f5","False","False",,,"a65f6b72-abef-4f0b-88d6-3256be9a72d1","False","False","False","True","False",,"Application","c4202c49-eb91-4e5a-80b7-040681c224f5;api://c4202c49-eb91-4e5a-80b7-040681c224f5","False","False","WindowsAzureActiveDirectoryIntegratedApp",,"Disabled","True","Home Tenant;staleApps;No OAuth grants","","","0"
"Universal Print","da9b70f6-5323-4ce6-ae5c-88dcc5082966","pass","True","False","False","False","Microsoft Services","print.print.microsoft.com","True","False",,,"f8cdef31-a31e-4b4a-93e4-5f571e91255a","True","True","False","False","False",,"Application","https://print.print.microsoft.com;da9b70f6-5323-4ce6-ae5c-88dcc5082966;https://print.print.azure.us","True","False","",,"OpenID Connect","False","Microsoft;No OAuth grants","","","0"
"storageDataScanner","20f8926b-5c51-4a02-9f0a-977d4b0b7ed3","pass","True","False","False","False",,"identity.azure.net","True","False",,,,"False","False","False","False","False",,"ManagedIdentity","20f8926b-5c51-4a02-9f0a-977d4b0b7ed3;https://identity.azure.net/RGxss4BXvP3O8k/KJ5qCKaTY/R55XyXs+zpXxmVyAC8=","True","False","",,"Disabled","False","Microsoft;No OAuth grants","","","0"
"Power Query Online GCC-L4","ef947699-9b52-4b31-9a37-ef325c6ffc47","pass","True","False","False","False","Microsoft Services","high.powerquery.microsoft.us","True","False",,,"f8cdef31-a31e-4b4a-93e4-5f571e91255a","True","True","False","False","False",,"Application","https://high.powerquery.microsoft.us;ef947699-9b52-4b31-9a37-ef325c6ffc47","True","False","",,"Disabled","False","Microsoft;No OAuth grants","","","0"
"EDU Assignments","8f348934-64be-4bb2-bc16-c54c96789f43","pass","True","False","False","False","Microsoft Services","8f348934-64be-4bb2-bc16-c54c96789f43","False","False","Microsoft Corporation","5206095","f8cdef31-a31e-4b4a-93e4-5f571e91255a","True","True","True","False","False",,"Application","api://8f348934-64be-4bb2-bc16-c54c96789f43;8f348934-64be-4bb2-bc16-c54c96789f43","False","False","",,"Disabled","False","Microsoft;No OAuth grants","","","0"
"AzureAutomationAADPatchS2S","fc75330b-179d-49af-87dd-3b1acf6827fa","pass","True","False","False","False","Microsoft Services",,"False","False",,,"f8cdef31-a31e-4b4a-93e4-5f571e91255a","True","True","False","False","False",,"Application","fc75330b-179d-49af-87dd-3b1acf6827fa","False","False","",,"Disabled","False","Microsoft;No OAuth grants","","","0"
"Skype for Business Management Reporting and Analytics","de17788e-c765-4d31-aba4-fb837cfff174","pass","True","False","False","False","Microsoft Services",,"False","False",,,"f8cdef31-a31e-4b4a-93e4-5f571e91255a","True","True","False","False","False",,"Application","de17788e-c765-4d31-aba4-fb837cfff174","False","False","",,"OpenID Connect","False","Microsoft;No OAuth grants","","","0"
"D365 Sales - Sales Close Agent - Engage (Microsoft Copilot Studio)","bf8bc210-92cf-419d-8c7e-b8e6d76936c2","pass","False","False","False","False",,,"False","False",,,,"False","False","False","False","False",,"ServiceIdentity","bf8bc210-92cf-419d-8c7e-b8e6d76936c2","False","False","",,"Disabled","False","No OAuth grants","","","0"
"IntuneCCAppServer02","4c797342-67db-4e89-b8b3-50f68508cd82","pass","True","False","False","False",,"identity.azure.net","True","False",,,,"False","False","False","False","False",,"ManagedIdentity","4c797342-67db-4e89-b8b3-50f68508cd82;https://identity.azure.net/fqkPYadvsWk0sjky5ghgiheXucdZguDBFMZ8zxjqHqQ=","True","False","",,"Disabled","False","Microsoft;No OAuth grants","","","0"
"Azure Diagnostics Resource Provider","fd225045-a727-45dc-8caa-77c8eb1b9521","pass","True","False","False","False","Microsoft Services",,"False","False","Microsoft Corporation","5206095","f8cdef31-a31e-4b4a-93e4-5f571e91255a","True","True","True","False","False",,"Application","fd225045-a727-45dc-8caa-77c8eb1b9521","False","False","",,"Disabled","False","Microsoft;No OAuth grants","","","0"
"HCI Connectivity status writer","049a083f-1f6b-482b-9553-003ef9ca64af","pass","True","False","False","False","Microsoft Services",,"False","False","Microsoft Corporation","5206095","f8cdef31-a31e-4b4a-93e4-5f571e91255a","True","True","True","False","False",,"Application","049a083f-1f6b-482b-9553-003ef9ca64af","False","False","GitCreatedApp;disableLegacyUserImpersonationResource;disableLegacyUserImpersonationClient",,"Disabled","False","Microsoft;No OAuth grants","","","0"
"Office 365 Management APIs","c5393580-f805-4401-95e8-94b7a6ef2fc2","pass","True","False","False","False","Microsoft Services","manage-gcc.office.com","True","False",,,"f8cdef31-a31e-4b4a-93e4-5f571e91255a","True","True","False","False","False",,"Application","https://manage-gcc.office.com;https://manage.protection.apps.mil;https://manage.office365.us;https://manage.office.com;c5393580-f805-4401-95e8-94b7a6ef2fc2","True","False","",,"OpenID Connect","False","Microsoft;No OAuth grants","","","0"
"Azure Healthcare APIs Resource Provider","894b1496-c6e0-4001-b69c-81b327564ca4","pass","True","False","False","False","Microsoft Services",,"False","False",,,"f8cdef31-a31e-4b4a-93e4-5f571e91255a","True","True","False","False","False",,"Application","894b1496-c6e0-4001-b69c-81b327564ca4","False","False","",,"Disabled","False","Microsoft;No OAuth grants","","","0"
"DfMGraphApp","380e9762-7111-490b-800b-0dd9857ca41a","pass","True","False","False","False","Microsoft Services",,"False","False",,,"f8cdef31-a31e-4b4a-93e4-5f571e91255a","True","True","False","False","False",,"Application","380e9762-7111-490b-800b-0dd9857ca41a","False","False","",,"Disabled","False","Microsoft;No OAuth grants","","","0"
"vmAVD-1","ddc35bcf-a3d1-42cc-af23-568294fe694e","pass","True","False","False","False",,"identity.azure.net","True","False",,,,"False","False","False","False","False",,"ManagedIdentity","https://identity.azure.net/U40qTVQraZVoh1FrazgRQ8sdOcs5tPy18l1jYIWpMCc=;ddc35bcf-a3d1-42cc-af23-568294fe694e","True","False","",,"Disabled","False","Microsoft;No OAuth grants","","","0"
"Power Apps Service Customer Management Plane Backend","3570e63c-5acf-4f3f-9f15-a49faa5120d3","pass","True","False","False","False","Microsoft Services",,"False","False",,,"f8cdef31-a31e-4b4a-93e4-5f571e91255a","True","True","False","False","False",,"Application","3570e63c-5acf-4f3f-9f15-a49faa5120d3","False","False","",,"Disabled","False","Microsoft;No OAuth grants","","","0"
"Microsoft.Azure.ActiveDirectoryIUX","bb8f18b0-9c38-48c9-a847-e1ef3af0602d","pass","True","False","False","False","Microsoft Services","stamp2.activedirectory.ext.azure.com","True","False",,,"f8cdef31-a31e-4b4a-93e4-5f571e91255a","True","True","False","False","False",,"Application","https://stamp2.activedirectory.ext.azure.com;https://stamp1.activedirectory.ext.azure.com;https://tip.activedirectory.ext.azure.com;bb8f18b0-9c38-48c9-a847-e1ef3af0602d","True","False","",,"OpenID Connect","False","Microsoft;No OAuth grants","","","0"
"Viva Skills","75d4238e-b142-4d2d-aed9-232b830b8706","pass","True","False","False","False","Microsoft Services","75d4238e-b142-4d2d-aed9-232b830b8706","False","False",,,"f8cdef31-a31e-4b4a-93e4-5f571e91255a","True","True","False","False","False",,"Application","75d4238e-b142-4d2d-aed9-232b830b8706;api://75d4238e-b142-4d2d-aed9-232b830b8706;https://substrate.office.com/VivaSkills;https://substrate-sdf.office.com/VivaSkills;https://substrate-tdf.office.com/VivaSkills","True","False","",,"Disabled","False","Microsoft;No OAuth grants","","","0"
"Microsoft.Relay","91bb937c-29c2-4275-982f-9465f0caf03d","pass","True","False","False","False","Microsoft Services","relay.azure.net","True","False",,,"f8cdef31-a31e-4b4a-93e4-5f571e91255a","True","True","False","False","False",,"Application","91bb937c-29c2-4275-982f-9465f0caf03d;https://relay.azure.net","True","False","disableAcceptingTenantedPassthroughTokens;disableRequestingTenantedPassthroughTokens",,"Disabled","False","Microsoft;No OAuth grants","","","0"
"DCIntunecc","710a9523-3d69-4a7a-9cfe-f743ca33ddbc","pass","True","False","False","False",,"identity.azure.net","True","False",,,,"False","False","False","False","False",,"ManagedIdentity","710a9523-3d69-4a7a-9cfe-f743ca33ddbc;https://identity.azure.net/SUPEhX8HNX2Dgd2K44/CsKxALliUSMGQVsyr+vgTimI=","True","False","",,"Disabled","False","Microsoft;No OAuth grants","","","0"
"Dual-write","6f7d0213-62b1-43a8-b7f4-ff2bb8b7b452","pass","True","False","False","False","Microsoft Services",,"False","False","Microsoft Corporation","5206095","f8cdef31-a31e-4b4a-93e4-5f571e91255a","True","True","True","False","False",,"Application","6f7d0213-62b1-43a8-b7f4-ff2bb8b7b452","False","False","",,"OpenID Connect","False","Microsoft;No OAuth grants","","","0"
"KCS-UserRP","64b12d6e-6549-484c-8cc6-6281839ba394","pass","True","False","False","False","Microsoft Services",,"False","False","Microsoft Corporation","5206095","f8cdef31-a31e-4b4a-93e4-5f571e91255a","True","True","True","False","False",,"Application","64b12d6e-6549-484c-8cc6-6281839ba394","False","False","",,"OpenID Connect","False","Microsoft;No OAuth grants","","","0"
"MISP-Test-Matschnig","3be6013a-60fe-43ab-b760-2c8c6bc77165","pass","False","False","True","True","Base-IT Intune.cc",,"False","False",,,"a65f6b72-abef-4f0b-88d6-3256be9a72d1","False","False","False","True","False",,"Application","3be6013a-60fe-43ab-b760-2c8c6bc77165","False","False","WindowsAzureActiveDirectoryIntegratedApp;HideApp",,"Disabled","True","Home Tenant;Hidden;staleApps;No OAuth grants","","","0"
"SPAuthEvent","3340b944-b12e-47d0-b46b-35f08ec1d8ee","pass","True","False","False","False","Microsoft Services",,"False","False",,,"f8cdef31-a31e-4b4a-93e4-5f571e91255a","True","True","False","False","False",,"Application","3340b944-b12e-47d0-b46b-35f08ec1d8ee","False","False","",,"Disabled","False","Microsoft;No OAuth grants","","","0"
"Azure Arc Data Services Billing","a12e8ccb-0fcd-46f8-b6a1-b9df7a9d7231","pass","True","False","False","False","Microsoft Services","azurearcdata.billing.publiccloudapi.net","False","False",,,"f8cdef31-a31e-4b4a-93e4-5f571e91255a","True","True","False","False","False",,"Application","https://azurearcdata.billing.publiccloudapi.net;a12e8ccb-0fcd-46f8-b6a1-b9df7a9d7231","False","False","",,"Disabled","False","Microsoft;No OAuth grants","","","0"
"Dataverse","00000007-0000-0000-c000-000000000000","pass","True","False","False","False","Microsoft Services","admin.services.crm.microsoftdynamics.us","False","False",,,"f8cdef31-a31e-4b4a-93e4-5f571e91255a","True","True","False","False","False",,"Application","https://admin.services.crm.microsoftdynamics.us/;https://admin.services.crm11.dynamics.com/;https://admin.services.crm9.dynamics.com/;https://admin.services.crm8.dynamics.com/;https://admin.services.crm7.dynamics.com/;https://admin.services.crm6.dynamics.com/;https://admin.services.crm5.dynamics.com/;https://admin.services.crm4.dynamics.com/;https://admin.services.crm3.dynamics.com/;https://admin.services.crm2.dynamics.com/;https://admin.services.crm.dynamics.com/;00000007-0000-0000-c000-000000000000;00000007-0000-0000-c000-000000000000/*.crm.dynamics.com;00000007-0000-0000-c000-000000000000/*.crm4.dynamics.com;00000007-0000-0000-c000-000000000000/*.crm5.dynamics.com;00000007-0000-0000-c000-000000000000/*.crm2.dynamics.com;00000007-0000-0000-c000-000000000000/*.crm6.dynamics.com;00000007-0000-0000-c000-000000000000/*.crm7.dynamics.com;00000007-0000-0000-c000-000000000000/*.crm9.dynamics.com;https://admin.services.crm15.dynamics.com/;https://admin.services.crm14.dynamics.com/;https://admin.services.crm12.dynamics.com/;https://admin.services.crm.appsplatform.us/;https://admin.services.crm16.dynamics.com/;https://admin.services.crm17.dynamics.com/;https://siteapi.crm2.crmlivetie.com/;https://admin.services.crm20.dynamics.com/;https://admin.services.crm19.dynamics.com/;https://admin.services.crm18.dynamics.com/","True","False","disableAcceptingTenantedPassthroughTokens;disableRequestingTenantedPassthroughTokens",,"OpenID Connect","False","Microsoft;No OAuth grants","","","0"
"Office Hive","166f1b03-5b19-416f-a94b-1d7aa2d247dc","pass","True","False","False","False","Microsoft Services","lists.officeppe.com","False","False",,,"f8cdef31-a31e-4b4a-93e4-5f571e91255a","True","True","False","False","False",,"Application","https://lists.officeppe.com;https://lists.office.com;https://tables.office.com/;https://tables.officeppe.com/;166f1b03-5b19-416f-a94b-1d7aa2d247dc","True","False","",,"OpenID Connect","False","Microsoft;No OAuth grants","","","0"
"RPA - Machine Management Relay Service","aad3e70f-aa64-4fde-82aa-c9d97a4501dc","pass","True","False","False","False","Microsoft Services","services.mmr.microsoft.com","True","False",,,"f8cdef31-a31e-4b4a-93e4-5f571e91255a","True","True","False","False","False",,"Application","https://services.mmr.microsoft.com;aad3e70f-aa64-4fde-82aa-c9d97a4501dc","True","False","",,"Disabled","False","Microsoft;No OAuth grants","","","0"
"AAD Lifecycle Management","ce79fdc4-cd1d-4ea5-8139-e74d7dbe0bb7","pass","True","False","False","False","Microsoft Services",,"False","False","Microsoft Corporation","5206095","f8cdef31-a31e-4b4a-93e4-5f571e91255a","True","True","True","False","False",,"Application","ce79fdc4-cd1d-4ea5-8139-e74d7dbe0bb7","False","False","",,"Disabled","False","Microsoft;No OAuth grants","","","0"
"Conditional Access Agent","2da945fb-ebec-4967-a89a-2af05a81279b","pass","True","False","False","False","Microsoft Services",,"False","False",,,"f8cdef31-a31e-4b4a-93e4-5f571e91255a","True","True","False","False","False",,"Application","2da945fb-ebec-4967-a89a-2af05a81279b","False","False","disableLegacyUserImpersonationClient;disableLegacyUserImpersonationResource;GitCreatedApp",,"Disabled","False","Microsoft;No OAuth grants","","","0"
"SubscriptionRP","e3335adb-5ca0-40dc-b8d3-bedc094e523b","pass","True","False","False","False","Microsoft Services","subscriptionrp.trafficemanager.net","False","False",,,"f8cdef31-a31e-4b4a-93e4-5f571e91255a","True","True","False","False","False",,"Application","e3335adb-5ca0-40dc-b8d3-bedc094e523b;https://subscriptionrp.trafficemanager.net","False","False","",,"Disabled","False","Microsoft;No OAuth grants","","","0"
"Marketplace Caps API","184909ca-69f1-4368-a6a7-c558ee6eb0bd","pass","True","False","False","False","Microsoft Services","marketplacecaps.azure.com","True","False",,,"f8cdef31-a31e-4b4a-93e4-5f571e91255a","True","True","False","False","False",,"Application","https://marketplacecaps.azure.com;184909ca-69f1-4368-a6a7-c558ee6eb0bd","True","False","",,"Disabled","False","Microsoft;No OAuth grants","","","0"
"M365 App Management Service","0517ffae-825d-4aff-999e-3f2336b8a20a","pass","True","False","False","False","Microsoft Services",,"False","False","Microsoft Corporation","5206095","f8cdef31-a31e-4b4a-93e4-5f571e91255a","True","True","True","False","False",,"Application","0517ffae-825d-4aff-999e-3f2336b8a20a","False","False","",,"Disabled","False","Microsoft;No OAuth grants","","","0"
"Power Platform Governance Services","342f61e2-a864-4c50-87de-86abc6790d49","pass","True","False","False","False","Microsoft Services",,"False","False","Microsoft Corporation","5206095","f8cdef31-a31e-4b4a-93e4-5f571e91255a","True","True","True","False","False",,"Application","342f61e2-a864-4c50-87de-86abc6790d49","False","False","",,"Disabled","False","Microsoft;No OAuth grants","","","0"
"Dynamics 365 Business Central","996def3d-b36c-4153-8607-a6fd3c01b89f","pass","True","False","False","False","Microsoft Services","mcp.businesscentral.dynamics.com","False","False",,,"f8cdef31-a31e-4b4a-93e4-5f571e91255a","True","True","False","False","False",,"Application","https://mcp.businesscentral.dynamics.com;https://gevis-erp.mcp.bc.dynamics.com;https://prodware-scm.mcp.bc.dynamics.com;https://to-increase-food.mcp.bc.dynamics.com;https://amp.mcp.bc.dynamics.com;https://frentals.mcp.bc.dynamics.com;https://wiise.mcp.bc.dynamics.com;https://deonline.mcp.bc.dynamics.com;https://sparkrock365.mcp.bc.dynamics.com;https://4psconstruct.mcp.bc.dynamics.com;https://incadea-fastfit.mcp.bc.dynamics.com;https://lscentral.mcp.bc.dynamics.com;https://serenicnavigator.mcp.bc.dynamics.com;https://infoma.mcp.bc.dynamics.com;https://api.accountants.dynamics.com;https://api.businesscentral.dynamics.com;https://api.invoicing.office.net;https://api.financials.dynamics.com;https://projectmadeira.com;https://financials.dynamics.com;996def3d-b36c-4153-8607-a6fd3c01b89f;https://apps.businesscentral.dynamics.com;https://gevis-erp.api.bc.dynamics.com;https://prodware-scm.api.bc.dynamics.com;https://3pl-dynamics.api.bc.dynamics.com;https://to-increase-food.api.bc.dynamics.com;https://amp.api.bc.dynamics.com;https://frentals.api.bc.dynamics.com;https://wiise.api.bc.dynamics.com;https://deonline.api.bc.dynamics.com;https://sparkrock365.api.bc.dynamics.com;https://4psconstruct.api.bc.dynamics.com;https://project365.api.bc.dynamics.com;https://incadea-fastfit.api.bc.dynamics.com;https://lscentral.api.bc.dynamics.com;https://serenicnavigator.api.bc.dynamics.com;https://infoma.api.bc.dynamics.com","False","False","",,"OpenID Connect","False","Microsoft;No OAuth grants","","","0"
"Microsoft Container Registry","a4c95b9e-3994-40cc-8953-5dc66d48348d","pass","True","False","False","False","Microsoft Services",,"False","False",,,"f8cdef31-a31e-4b4a-93e4-5f571e91255a","True","True","False","False","False",,"Application","a4c95b9e-3994-40cc-8953-5dc66d48348d","False","False","",,"Disabled","False","Microsoft;No OAuth grants","","","0"
"OMSAuthorizationServicePROD","50d8616b-fd4f-4fac-a1c9-a6a9440d7fe0","pass","True","False","False","False","Microsoft Services",,"False","False",,,"f8cdef31-a31e-4b4a-93e4-5f571e91255a","True","True","False","False","False",,"Application","50d8616b-fd4f-4fac-a1c9-a6a9440d7fe0","False","False","",,"Disabled","False","Microsoft;No OAuth grants","","","0"
"Application Insights Configuration Service","6a0a243c-0886-468a-a4c2-eff52c7445da","pass","True","False","False","False","Microsoft Services",,"False","False",,,"f8cdef31-a31e-4b4a-93e4-5f571e91255a","True","True","False","False","False",,"Application","6a0a243c-0886-468a-a4c2-eff52c7445da","False","False","",,"OpenID Connect","False","Microsoft;No OAuth grants","","","0"
"ForPe-base-IT-Information-Hub (Microsoft Copilot Studio)","e90d074d-b33a-4fdc-b3ad-1146703078cb","pass","False","False","True","False","Base-IT Intune.cc",,"False","False",,,"a65f6b72-abef-4f0b-88d6-3256be9a72d1","False","False","False","False","False",,"Application","e90d074d-b33a-4fdc-b3ad-1146703078cb","False","False","AgenticApp;AIAgentBuilder;AgentCreatedBy:CopilotStudio;AgenticInstance;power-virtual-agents-71722512-8f58-fa7a-2dc1-253b76e629b8","This application is required to support messaging and authentication for an individual chatbot built with Power Virtual Agents. Power Platform Environment: '035a17de-c1e1-e6f2-abe2-ee8e69d5c556', Bot Id: '71722512-8f58-fa7a-2dc1-253b76e629b8', More information: https://go.microsoft.com/fwlink/?linkid=2096220","Disabled","False","Home Tenant;No OAuth grants","","","0"
"GraTh_PW_Reset","a04e7d8b-8815-47de-8649-08f71d38c0a1","pass","False","False","True","True","Base-IT Intune.cc",,"False","False",,,"a65f6b72-abef-4f0b-88d6-3256be9a72d1","False","False","False","True","False",,"Application","a04e7d8b-8815-47de-8649-08f71d38c0a1","False","False","HideApp;WindowsAzureActiveDirectoryIntegratedApp",,"Disabled","False","Home Tenant;Hidden;No OAuth grants","","","0"
"Microsoft Connected Cache","74e6a066-dc08-4f09-b7db-63671913f210","pass","True","False","False","False","Microsoft Services",,"False","False",,,"f8cdef31-a31e-4b4a-93e4-5f571e91255a","True","True","False","False","False",,"Application","74e6a066-dc08-4f09-b7db-63671913f210","False","False","",,"Disabled","False","Microsoft;No OAuth grants","","","0"
"Azure Support - Network Watcher","341b7f3d-69b3-47f9-9ce7-5b7f4945fdbd","pass","True","False","False","False","Microsoft Services",,"False","False",,,"f8cdef31-a31e-4b4a-93e4-5f571e91255a","True","True","False","False","False",,"Application","341b7f3d-69b3-47f9-9ce7-5b7f4945fdbd","False","False","",,"Disabled","False","Microsoft;No OAuth grants","","","0"
"Automanage API Access","d828acde-4b48-47f5-a6e8-52460104a052","pass","True","False","False","False","Microsoft Services",,"False","False",,,"f8cdef31-a31e-4b4a-93e4-5f571e91255a","True","True","False","False","False",,"Application","d828acde-4b48-47f5-a6e8-52460104a052","False","False","",,"Disabled","False","Microsoft;No OAuth grants","","","0"
"GSA-Microsoft365trafficforwardingprofile","766e7940-80d5-43c0-b0c2-10ce3c6c538a","pass","False","False","True","False","Base-IT Intune.cc",,"False","False",,,"a65f6b72-abef-4f0b-88d6-3256be9a72d1","False","False","False","False","False",,"Application","766e7940-80d5-43c0-b0c2-10ce3c6c538a","False","False","",,"Disabled","False","Home Tenant;No OAuth grants","","","0"
"G Suite","6ee5b9b6-065e-4986-82bb-2a6d21a7a9c8","pass","False","False","True","True","Base-IT Intune.cc","googleapps","False","False",,,"a65f6b72-abef-4f0b-88d6-3256be9a72d1","False","False","False","True","True",,"Application","http://googleapps/04fbe048-8799-44ec-96dd-53eb7720c6a0;6ee5b9b6-065e-4986-82bb-2a6d21a7a9c8","False","False","WindowsAzureActiveDirectoryIntegratedApp;WindowsAzureActiveDirectoryGalleryApplicationPrimaryV1;01303a13-8322-4e06-bee5-80d612907131;HideApp",,"OpenID Connect","False","Home Tenant;Hidden;No OAuth grants","","","0"
"Customer Experience Platform CDPA Provisioning TIP","f5223e1a-4d50-4fda-9049-55d819fbb03e","pass","True","False","False","False","Microsoft Services",,"False","False",,,"f8cdef31-a31e-4b4a-93e4-5f571e91255a","True","True","False","False","False",,"Application","f5223e1a-4d50-4fda-9049-55d819fbb03e","False","False","",,"Disabled","False","Microsoft;No OAuth grants","","","0"
"Service Encryption","dbc36ae1-c097-4df9-8d94-343c3d091a76","pass","True","False","False","False","Microsoft Services",,"False","False",,,"f8cdef31-a31e-4b4a-93e4-5f571e91255a","True","True","False","False","False",,"Application","dbc36ae1-c097-4df9-8d94-343c3d091a76","False","False","",,"Disabled","False","Microsoft;No OAuth grants","","","0"
"Power Apps Service Data Plane Backend","b6fb6bd6-f0fb-4a60-beb1-4e50afd0eaa9","pass","True","False","False","False","Microsoft Services",,"False","False",,,"f8cdef31-a31e-4b4a-93e4-5f571e91255a","True","True","False","False","False",,"Application","b6fb6bd6-f0fb-4a60-beb1-4e50afd0eaa9","False","False","",,"Disabled","False","Microsoft;No OAuth grants","","","0"
"Intune AndroidFOTAService ConfidentialClient","f8c6c2cc-4c3a-4157-b91c-11034ba01a6e","pass","True","False","False","False","Microsoft Services",,"False","False",,,"f8cdef31-a31e-4b4a-93e4-5f571e91255a","True","True","False","False","False",,"Application","f8c6c2cc-4c3a-4157-b91c-11034ba01a6e","False","False","",,"Disabled","False","Microsoft;No OAuth grants","","","0"
"ViewPoint","8338dec2-e1b3-48f7-8438-20c30a534458","pass","True","False","False","False","Microsoft Services","concierge.support.office.net","False","False",,,"f8cdef31-a31e-4b4a-93e4-5f571e91255a","True","True","False","False","False",,"Application","https://concierge.support.office.net/;8338dec2-e1b3-48f7-8438-20c30a534458","False","False","",,"OpenID Connect","False","Microsoft;No OAuth grants","","","0"
"Service Bus MSI App","eb070ea5-bd17-41f1-ad68-5851f6e71774","pass","True","False","False","False","Microsoft Services",,"False","False",,,"f8cdef31-a31e-4b4a-93e4-5f571e91255a","True","True","False","False","False",,"Application","eb070ea5-bd17-41f1-ad68-5851f6e71774","False","False","",,"Disabled","False","Microsoft;No OAuth grants","","","0"
"MDEData","7ec015fb-d634-46e9-a78d-deab826fcd18","pass","True","False","False","False","Microsoft Services",,"False","False",,,"f8cdef31-a31e-4b4a-93e4-5f571e91255a","True","True","False","False","False",,"Application","7ec015fb-d634-46e9-a78d-deab826fcd18","False","False","disableLegacyUserImpersonationClient;disableLegacyUserImpersonationResource;GitCreatedApp",,"Disabled","False","Microsoft;No OAuth grants","","","0"
"EdgeConfigurationsFPA","13cdc9e5-ae99-4051-8712-1d6f3807beba","pass","True","False","False","False","Microsoft Services",,"False","False","Microsoft Corporation","5206095","f8cdef31-a31e-4b4a-93e4-5f571e91255a","True","True","True","False","False",,"Application","13cdc9e5-ae99-4051-8712-1d6f3807beba","False","False","disableLegacyUserImpersonationClient;disableLegacyUserImpersonationResource;GitCreatedApp",,"Disabled","False","Microsoft;No OAuth grants","","","0"
"fdsfsde","e449ee48-fed4-4595-8980-6172edc59957","pass","False","False","True","True","Base-IT Intune.cc",,"False","False",,,"a65f6b72-abef-4f0b-88d6-3256be9a72d1","False","False","False","True","False",,"Application","e449ee48-fed4-4595-8980-6172edc59957","False","False","WindowsAzureActiveDirectoryIntegratedApp;HideApp",,"Disabled","True","Home Tenant;Hidden;staleApps;No OAuth grants","","","0"
"AML Inferencing Frontdoor - Staging","6608bce8-e060-4e82-bfd2-67ed4f60262f","pass","True","False","False","False","Microsoft Services",,"False","False","Microsoft Corporation","5206095","f8cdef31-a31e-4b4a-93e4-5f571e91255a","True","True","True","False","False",,"Application","6608bce8-e060-4e82-bfd2-67ed4f60262f","False","False","",,"Disabled","False","Microsoft;No OAuth grants","","","0"
"TEST_SEA","6d14db14-8e9c-45cd-be09-0f421fd33a22","pass","False","False","True","False","Base-IT Intune.cc","procuretest.dig.at","False","False",,,"a65f6b72-abef-4f0b-88d6-3256be9a72d1","False","False","False","True","False",,"Application","https://procuretest.dig.at;6d14db14-8e9c-45cd-be09-0f421fd33a22","False","False","WindowsAzureActiveDirectoryCustomSingleSignOnApplication;WindowsAzureActiveDirectoryIntegratedApp",,"SAML","True","Home Tenant;staleApps;No OAuth grants","","","0"
"Microsoft Intune Web Company Portal","74bcdadc-2fdc-4bb3-8459-76d06952a0e9","pass","True","False","False","False","Microsoft Services",,"False","False",,,"f8cdef31-a31e-4b4a-93e4-5f571e91255a","True","True","False","False","False",,"Application","74bcdadc-2fdc-4bb3-8459-76d06952a0e9","False","False","",,"OpenID Connect","False","Microsoft;No OAuth grants","","","0"
"Connectors","48af08dc-f6d2-435f-b2a7-069abd99c086","pass","True","False","False","False","Microsoft Services","auth-5ec4a563-75fa-4656-922e-7d1f6680be43","False","False",,,"f8cdef31-a31e-4b4a-93e4-5f571e91255a","True","True","False","False","False",,"Application","api://auth-5ec4a563-75fa-4656-922e-7d1f6680be43/48af08dc-f6d2-435f-b2a7-069abd99c086;api://auth-63ff5842-2734-4f48-97a7-cb5a1385047a/48af08dc-f6d2-435f-b2a7-069abd99c086;https://outlook.office365.com/connectors;48af08dc-f6d2-435f-b2a7-069abd99c086","True","False","",,"OpenID Connect","False","Microsoft;No OAuth grants","","","0"
"OCaaS Client Interaction Service","c2ada927-a9e2-4564-aae2-70775a2fa0af","pass","True","False","False","False","Microsoft Services","clients.config.office.net","False","False",,,"f8cdef31-a31e-4b4a-93e4-5f571e91255a","True","True","False","False","False",,"Application","https://clients.config.office.net/;c2ada927-a9e2-4564-aae2-70775a2fa0af;https://clients.config.gcc.office.com/;https://clients.config.office.net;https://clients.config.gcc.office.net/","True","False","",,"OpenID Connect","False","Microsoft;No OAuth grants","","","0"
"EZRADIUS","5c0e7b30-d0aa-456a-befb-df8c75e8467b","pass","False","True","False","False","Keytos Prod","5c0e7b30-d0aa-456a-befb-df8c75e8467b","False","False","Keytos LLC","6379889","d47b647b-ed31-46ef-829c-57e53b4b7cdd","False","False","False","True","False",,"Application","api://5c0e7b30-d0aa-456a-befb-df8c75e8467b;5c0e7b30-d0aa-456a-befb-df8c75e8467b","False","False","WindowsAzureActiveDirectoryIntegratedApp",,"Disabled","False","3rd Party;No OAuth grants","","","0"
"Microsoft Office 365 Portal","00000006-0000-0ff1-ce00-000000000000","pass","True","False","False","False","Microsoft Services","int.m365.admin.cloud.microsoft","False","False",,,"f8cdef31-a31e-4b4a-93e4-5f571e91255a","True","True","False","False","False",,"Application","https://int.m365.admin.cloud.microsoft;api://auth-dc434a28-dc4b-4e7b-9fc2-76aed3dc8a0a/00000006-0000-0ff1-ce00-000000000000;api://auth-afd180b4-6c21-4545-9176-0043b8d68313/00000006-0000-0ff1-ce00-000000000000;https://m365.admin.cloud.microsoft;https://naprodprv3.office.com;https://wukportal.office.com/;https://admin-ignite.microsoft.com;https://admin-sdf.microsoft.com;https://ncuportalprv-staging.office.com;https://scuportalprv-staging.office.com;https://admin.microsoft365.com;https://portal-sdf.apps.mil/;https://portal-sdf.apps.mil;https://portal.apps.mil/;https://portal.apps.mil;https://portal-sdf.office365.us/;https://portal-sdf.office365.us;https://portal.office365.us/;https://portal.office365.us;https://portal.microsoft.com;https://admin.microsoft.com;https://wusportalprv.office.com;https://auth.microsoftonline.com;https://portal.office.com;https://portal-sdf.office.com/;https://portal.office.com/;https://cp.portal.office.com/;https://scuportalprv.office.com;https://ncuportalprv.office.com;https://ncuportal.office.com;https://weuportal.office.com;https://eusportal.office.com;https://scuportal.office.com;https://seaportal.office.com;https://wusportal.office.com;https://easportal.office.com;https://ejpportal.office.com;https://nukportal.office.com;https://sukportal.office.com;00000006-0000-0ff1-ce00-000000000000;00000006-0000-0ff1-ce00-000000000000/portal.microsoftonline.com","True","False","",,"OpenID Connect","False","Microsoft;No OAuth grants","","","0"
"Messaging Bot API Application","5a807f24-c9de-44ee-a3a7-329e88a00ffc","pass","True","False","False","False","Microsoft Services","botapi.skype.com","False","False",,,"f8cdef31-a31e-4b4a-93e4-5f571e91255a","True","True","False","False","False",,"Application","5a807f24-c9de-44ee-a3a7-329e88a00ffc;https://botapi.skype.com","False","False","",,"Disabled","False","Microsoft;No OAuth grants","","","0"
"Microsoft Azure Windows Virtual Machine Sign-in","372140e0-b3b7-4226-8ef9-d57986796201","pass","True","False","False","False","Microsoft Services","pas.windows.net","True","False",,,"f8cdef31-a31e-4b4a-93e4-5f571e91255a","True","True","False","False","False",,"Application","https://pas.windows.net/CheckMyAccess/Windows;372140e0-b3b7-4226-8ef9-d57986796201","True","False","",,"Disabled","False","Microsoft;No OAuth grants","","","0"
"Call Quality Dashboard","c61d67cf-295a-462c-972f-33af37008751","pass","True","False","False","False","Microsoft Services","cqd.teams.microsoft.com","True","False",,,"f8cdef31-a31e-4b4a-93e4-5f571e91255a","True","True","False","False","False",,"Application","https://cqd.teams.microsoft.com;https://cqd.gov.teams.microsoft.us;https://cqd.dod.teams.microsoft.us;https://cqd.lync.com;c61d67cf-295a-462c-972f-33af37008751","True","False","",,"OpenID Connect","False","Microsoft;No OAuth grants","","","0"
"ConnectedClusterIdentityForHIS","de742ffc-b441-4542-8646-7e805426b824","pass","True","False","False","False","Microsoft Services",,"False","False","Microsoft Corporation","5206095","f8cdef31-a31e-4b4a-93e4-5f571e91255a","True","True","True","False","False",,"Application","de742ffc-b441-4542-8646-7e805426b824","False","False","",,"Disabled","False","Microsoft;No OAuth grants","","","0"
"Power Virtual Agents Service","9d8f559b-5984-46a4-902a-ad4271e83efa","pass","True","False","False","False","Microsoft Services",,"False","False","Microsoft Corporation","5206095","f8cdef31-a31e-4b4a-93e4-5f571e91255a","True","True","True","False","False",,"Application","9d8f559b-5984-46a4-902a-ad4271e83efa","False","False","",,"Disabled","False","Microsoft;No OAuth grants","","","0"
"ZTNA Policy Service Graph Client ","3b80cd3f-61ca-49b0-8d0f-7b6760e08705","pass","True","False","False","False","Microsoft Services","3b80cd3f-61ca-49b0-8d0f-7b6760e08705","False","False",,,"f8cdef31-a31e-4b4a-93e4-5f571e91255a","True","True","False","False","False",,"Application","api://3b80cd3f-61ca-49b0-8d0f-7b6760e08705;3b80cd3f-61ca-49b0-8d0f-7b6760e08705","False","False","disableLegacyUserImpersonationResource;disableLegacyUserImpersonationClient",,"Disabled","False","Microsoft;No OAuth grants","","","0"
"200236-3DGraphiDesigner (Microsoft Copilot Studio)","cd610fd2-46c9-4129-a030-b369b0267155","pass","False","False","True","False","Base-IT Intune.cc",,"False","False",,,"a65f6b72-abef-4f0b-88d6-3256be9a72d1","False","False","False","False","False",,"Application","cd610fd2-46c9-4129-a030-b369b0267155","False","False","AgenticApp;AIAgentBuilder;AgentCreatedBy:CopilotStudio;AgenticInstance;power-virtual-agents-259894a9-65e0-ca2a-888d-8a2bb9851537","This application is required to support messaging and authentication for an individual chatbot built with Power Virtual Agents. Power Platform Environment: '035a17de-c1e1-e6f2-abe2-ee8e69d5c556', Bot Id: '259894a9-65e0-ca2a-888d-8a2bb9851537', More information: https://go.microsoft.com/fwlink/?linkid=2096220","Disabled","False","Home Tenant;No OAuth grants","","","0"
"Data Migration Service","a4bad4aa-bf02-4631-9f78-a64ffdba8150","pass","True","False","False","False","Microsoft","datamigration.azure.com","True","False",,,"72f988bf-86f1-41af-91ab-2d7cd011db47","True","True","False","False","False",,"Application","http://datamigration.azure.com;a4bad4aa-bf02-4631-9f78-a64ffdba8150","True","False","",,"OpenID Connect","False","Microsoft;No OAuth grants","","","0"
"Microsoft.SCOM Resource Provider","d3315f6c-968a-40bb-94d2-a6a9503b05f5","pass","True","False","False","False","Microsoft Services",,"False","False","Microsoft Corporation","5206095","f8cdef31-a31e-4b4a-93e4-5f571e91255a","True","True","True","False","False",,"Application","d3315f6c-968a-40bb-94d2-a6a9503b05f5","False","False","",,"Disabled","False","Microsoft;No OAuth grants","","","0"
"Compute Resource Provider","60e6cd67-9c8c-4951-9b3c-23c25a2169af","pass","True","False","False","False","Microsoft Services",,"False","False","Microsoft Corporation","5206095","f8cdef31-a31e-4b4a-93e4-5f571e91255a","True","True","True","False","False",,"Application","60e6cd67-9c8c-4951-9b3c-23c25a2169af","False","False","",,"Disabled","False","Microsoft;No OAuth grants","","","0"
"App Studio for Microsoft Teams","e1979c22-8b73-4aed-a4da-572cc4d0b832","pass","True","False","False","False","Microsoft Services","dev.teams.microsoft.com","True","False","Microsoft Corporation","5206095","f8cdef31-a31e-4b4a-93e4-5f571e91255a","True","True","True","False","False",,"Application","https://dev.teams.microsoft.com;https://dev-api.teams.microsoft.com;e1979c22-8b73-4aed-a4da-572cc4d0b832;https://dev-int.teams.microsoft.com","True","False","",,"OpenID Connect","False","Microsoft;No OAuth grants","","","0"
"SharePoint Connector","ec32cc4e-a086-4860-b15c-7b9d98722d20","pass","True","False","False","False","Microsoft Services",,"False","False",,,"f8cdef31-a31e-4b4a-93e4-5f571e91255a","True","True","False","False","False",,"Application","ec32cc4e-a086-4860-b15c-7b9d98722d20","False","False","disableLegacyUserImpersonationClient;disableLegacyUserImpersonationResource;GitCreatedApp",,"OpenID Connect","False","Microsoft;No OAuth grants","","","0"
"Microsoft_Azure_Support","959678cf-d004-4c22-82a6-d2ce549a58b8","pass","True","False","False","False","Microsoft Services","s2.support.ext.azure.com","True","False","Microsoft Corporation","5206095","f8cdef31-a31e-4b4a-93e4-5f571e91255a","True","True","True","False","False",,"Application","https://s2.support.ext.azure.com;959678cf-d004-4c22-82a6-d2ce549a58b8","True","False","",,"Disabled","False","Microsoft;No OAuth grants","","","0"
"Marketplace Catalog","a5ce81bb-67c7-4043-952a-22004782adb5","pass","True","False","False","False","Microsoft Services",,"False","False","Microsoft Corporation","5206095","f8cdef31-a31e-4b4a-93e4-5f571e91255a","True","True","True","False","False",,"Application","a5ce81bb-67c7-4043-952a-22004782adb5","False","False","",,"Disabled","False","Microsoft;No OAuth grants","","","0"
"Edge-Hardware-Center-Access","89d7a6e7-8c6f-49ec-86d3-6f77d3ceab9d","pass","True","False","False","False","Microsoft Services",,"False","False",,,"f8cdef31-a31e-4b4a-93e4-5f571e91255a","True","True","False","False","False",,"Application","89d7a6e7-8c6f-49ec-86d3-6f77d3ceab9d","False","False","disableLegacyUserImpersonationClient;disableLegacyUserImpersonationResource;GitCreatedApp",,"Disabled","False","Microsoft;No OAuth grants","","","0"
"Windows 365 Ibiza Extension","69cc3193-b6c4-4172-98e5-ed0f38ab3ff8","pass","True","False","False","False","Microsoft Services",,"False","False",,,"f8cdef31-a31e-4b4a-93e4-5f571e91255a","True","True","False","False","False",,"Application","69cc3193-b6c4-4172-98e5-ed0f38ab3ff8","False","False","",,"OpenID Connect","False","Microsoft;No OAuth grants","","","0"
"Targeted Messaging Service","4c4f550b-42b2-4a16-93f9-fdb9e01bb6ed","pass","True","False","False","False","Microsoft Services","messaging.office.com","True","False",,,"f8cdef31-a31e-4b4a-93e4-5f571e91255a","True","True","False","False","False",,"Application","4c4f550b-42b2-4a16-93f9-fdb9e01bb6ed;https://messaging.office.com/web","True","False","",,"OpenID Connect","False","Microsoft;No OAuth grants","","","0"
"migra-marmaa1c2authandaccessaadapp","f9b2b621-8781-4bab-aafe-6fc4e2e27b4c","pass","False","False","True","False","Base-IT Intune.cc",,"False","False",,,"a65f6b72-abef-4f0b-88d6-3256be9a72d1","False","False","False","False","False",,"Application","f9b2b621-8781-4bab-aafe-6fc4e2e27b4c","False","False","AzureMigrateAppliance",,"Disabled","True","Home Tenant;staleApps;No OAuth grants","","","0"
"App Protection","c6e44401-4d0a-4542-ab22-ecd4c90d28d7","pass","True","False","False","False","Microsoft Services","m365appprotectionencypt.outlook.com","False","False",,,"f8cdef31-a31e-4b4a-93e4-5f571e91255a","True","True","False","False","False",,"Application","https://M365AppProtectionEncypt.outlook.com/usage.read.all;c6e44401-4d0a-4542-ab22-ecd4c90d28d7","False","False","",,"Disabled","False","Microsoft;No OAuth grants","","","0"
"Azure Data Lake","e9f49c6b-5ce5-44c8-925d-015017e9f7ad","pass","True","False","False","False","Microsoft Services","datalake.azure.net","True","False",,,"f8cdef31-a31e-4b4a-93e4-5f571e91255a","True","True","False","False","False",,"Application","e9f49c6b-5ce5-44c8-925d-015017e9f7ad;https://datalake.azure.net/;https://KonaCompute.net;https://datalake.azure.net","True","False","disableAcceptingTenantedPassthroughTokens;disableRequestingTenantedPassthroughTokens;disableLegacyUserImpersonationResource",,"OpenID Connect","False","Microsoft;No OAuth grants","","","0"
"ASA Curation Web Tool","a15bc1de-f777-408f-9d2b-a27ed19c72ba","pass","True","False","False","False","Microsoft Services",,"False","False",,,"f8cdef31-a31e-4b4a-93e4-5f571e91255a","True","True","False","False","False",,"Application","a15bc1de-f777-408f-9d2b-a27ed19c72ba","False","False","",,"Disabled","False","Microsoft;No OAuth grants","","","0"
"Federated Profile Service","7e468355-e4db-46a9-8289-8d414c89c43c","pass","True","False","False","False","Microsoft Services",,"False","False",,,"f8cdef31-a31e-4b4a-93e4-5f571e91255a","True","True","False","False","False",,"Application","7e468355-e4db-46a9-8289-8d414c89c43c","False","False","",,"Disabled","False","Microsoft;No OAuth grants","","","0"
"LA_DEV","3d7ba7b0-7e23-467f-a62d-631e72b1abe2","pass","True","False","False","False",,"identity.azure.net","True","False",,,,"False","False","False","False","False",,"ManagedIdentity","https://identity.azure.net/PefXpi473HX5CwF5griE79J5R5nfNfE6+/iG2KTnLnY=;3d7ba7b0-7e23-467f-a62d-631e72b1abe2","True","False","",,"Disabled","False","Microsoft;No OAuth grants","","","0"
"AzureLockbox","a0551534-cfc9-4e1f-9a7a-65093b32bb38","pass","True","False","False","False","Microsoft Services",,"False","False",,,"f8cdef31-a31e-4b4a-93e4-5f571e91255a","True","True","False","False","False",,"Application","a0551534-cfc9-4e1f-9a7a-65093b32bb38","False","False","",,"OpenID Connect","False","Microsoft;No OAuth grants","","","0"
"Coworker","6ab48b67-cd74-4ad4-81af-5932984589be","pass","True","False","False","False","Microsoft Services",,"False","False",,,"f8cdef31-a31e-4b4a-93e4-5f571e91255a","True","True","False","False","False",,"Application","6ab48b67-cd74-4ad4-81af-5932984589be","False","False","disableLegacyUserImpersonationClient;disableLegacyUserImpersonationResource;GitCreatedApp",,"Disabled","False","Microsoft;No OAuth grants","","","0"
"dddd","0d8dbcb6-aaab-4ae1-9e69-b4980c8d243c","pass","False","False","True","False","Base-IT Intune.cc",,"False","False",,,"a65f6b72-abef-4f0b-88d6-3256be9a72d1","False","False","False","True","False",,"Application","0d8dbcb6-aaab-4ae1-9e69-b4980c8d243c","False","False","WindowsAzureActiveDirectoryIntegratedApp;WindowsAzureActiveDirectoryCustomSingleSignOnApplication",,"Disabled","True","Home Tenant;staleApps;No OAuth grants","","","0"
"Car Guide (Microsoft Copilot Studio)","64295515-2adb-4cde-b90e-962250395f28","pass","False","False","True","False","Base-IT Intune.cc",,"False","False",,,"a65f6b72-abef-4f0b-88d6-3256be9a72d1","False","False","False","False","False",,"Application","64295515-2adb-4cde-b90e-962250395f28","False","False","AIAgentBuilder;AgentCreatedBy:CopilotStudio;AgenticApp;power-virtual-agents-2052a960-aade-1373-0d1f-9b981025b701","This application is required to support messaging and authentication for an individual chatbot built with Power Virtual Agents. Power Platform Environment: 'Default-a65f6b72-abef-4f0b-88d6-3256be9a72d1', Bot Id: '2052a960-aade-1373-0d1f-9b981025b701', More information: https://go.microsoft.com/fwlink/?linkid=2096220","Disabled","False","Home Tenant;No OAuth grants","","","0"
"Skype Teams Calling API Service","26a18ebc-cdf7-4a6a-91cb-beb352805e81","pass","True","False","False","False","Microsoft Services","ppe.plat.teams.microsoft.com","True","False",,,"f8cdef31-a31e-4b4a-93e4-5f571e91255a","True","True","False","False","False",,"Application","26a18ebc-cdf7-4a6a-91cb-beb352805e81;https://ppe.plat.teams.microsoft.com;https://perf.plat-dev.net;https://plat.teams.microsoft.com;https://c.plat.teams.microsoft.com;https://b.plat.teams.microsoft.com;https://a.plat.teams.microsoft.com;https://dev-1.plat-dev.net;https://dev-0.plat-dev.net;https://int.plat-dev.net","True","False","",,"Disabled","False","Microsoft;No OAuth grants","","","0"
"scom-heartbeat","25e03433-0a53-44b6-89b9-451e38bd76e4","pass","False","False","True","True","Base-IT Intune.cc",,"False","False",,,"a65f6b72-abef-4f0b-88d6-3256be9a72d1","False","False","False","True","False",,"Application","25e03433-0a53-44b6-89b9-451e38bd76e4","False","False","HideApp;WindowsAzureActiveDirectoryIntegratedApp",,"Disabled","True","Home Tenant;Hidden;staleApps;No OAuth grants","","","0"
"Microsoft apps with Global Secure Access","c08f52c9-8f03-4558-a0ea-9a4c878cf343","pass","True","False","False","False","Microsoft Services",,"False","False",,,"f8cdef31-a31e-4b4a-93e4-5f571e91255a","True","True","False","False","False",,"Application","c08f52c9-8f03-4558-a0ea-9a4c878cf343","False","False","disableLegacyUserImpersonationClient;disableLegacyUserImpersonationResource;GitCreatedApp",,"Disabled","False","Microsoft;No OAuth grants","","","0"
"AADPremiumService","bf4fa6bf-d24c-4d1c-8cfd-12063dd646b2","pass","True","False","False","False","Microsoft Services",,"False","False",,,"f8cdef31-a31e-4b4a-93e4-5f571e91255a","True","True","False","False","False",,"Application","bf4fa6bf-d24c-4d1c-8cfd-12063dd646b2","False","False","",,"Disabled","False","Microsoft;No OAuth grants","","","0"
"D365 Sales FIRE Agent - Rating Generator (Microsoft Copilot Studio)","86cc0459-82f8-4fe6-811c-f37efcc81094","pass","False","False","True","False","Base-IT Intune.cc",,"False","False",,,"a65f6b72-abef-4f0b-88d6-3256be9a72d1","False","False","False","False","False",,"Application","86cc0459-82f8-4fe6-811c-f37efcc81094","False","False","AgenticApp;AIAgentBuilder;AgentCreatedBy:CopilotStudio;AgenticInstance;power-virtual-agents-b6784a58-a6ee-0d0a-1f9a-20a43402cec7","This application is required to support messaging and authentication for an individual chatbot built with Power Virtual Agents. Power Platform Environment: '19dde003-f47b-e12b-bdf6-e963eddc0758', Bot Id: 'b6784a58-a6ee-0d0a-1f9a-20a43402cec7', More information: https://go.microsoft.com/fwlink/?linkid=2096220","Disabled","False","Home Tenant;No OAuth grants","","","0"
"Automated Call Distribution","11cd3e2e-fccb-42ad-ad00-878b93575e07","pass","True","False","False","False","Microsoft Services","dlx.acd.infra.dod.teams.microsoft.us","True","False",,,"f8cdef31-a31e-4b4a-93e4-5f571e91255a","True","True","False","False","False",,"Application","https://dlx.acd.infra.dod.teams.microsoft.us;https://dlx.acd.infra.gov.teams.microsoft.us;https://emea.dlx.acd.services.skypeforbusiness.com;https://noam.dlx.acd.services.skypeforbusiness.com;https://apac.dlx.acd.services.skypeforbusiness.com;https://puppyfood.dlx.acd.services.skypeforbusiness.com;https://dogfood.dlx.acd.services.skypeforbusiness.com;11cd3e2e-fccb-42ad-ad00-878b93575e07","True","False","",,"OpenID Connect","False","Microsoft;No OAuth grants","","","0"
"Azure Key Vault Managed HSM Key Governance Service","a1b76039-a76c-499f-a2dd-846b4cc32627","pass","True","False","False","False","Microsoft Services",,"False","False","Microsoft Corporation","5206095","f8cdef31-a31e-4b4a-93e4-5f571e91255a","True","True","True","False","False",,"Application","a1b76039-a76c-499f-a2dd-846b4cc32627","False","False","",,"Disabled","False","Microsoft;No OAuth grants","","","0"
"AzureUpdateCenter","8c420feb-03df-47cc-8a05-55df0cf3064b","pass","True","False","False","False","Microsoft Services",,"False","False","Microsoft Corporation","5206095","f8cdef31-a31e-4b4a-93e4-5f571e91255a","True","True","True","False","False",,"Application","8c420feb-03df-47cc-8a05-55df0cf3064b","False","False","",,"Disabled","False","Microsoft;No OAuth grants","","","0"
"Azure Resource Tags Provider","94946920-7f9c-4956-93c0-2fcf94608102","pass","True","False","False","False","Microsoft Services",,"False","False",,,"f8cdef31-a31e-4b4a-93e4-5f571e91255a","True","True","False","False","False",,"Application","94946920-7f9c-4956-93c0-2fcf94608102","False","False","",,"Disabled","False","Microsoft;No OAuth grants","","","0"
"SCEPman-api","acafbda9-4c76-4a3d-9675-1347bbe6896b","pass","False","False","True","False","Base-IT Intune.cc","acafbda9-4c76-4a3d-9675-1347bbe6896b","False","False",,,"a65f6b72-abef-4f0b-88d6-3256be9a72d1","False","False","False","False","False",,"Application","api://acafbda9-4c76-4a3d-9675-1347bbe6896b;acafbda9-4c76-4a3d-9675-1347bbe6896b","False","False","",,"Disabled","True","Home Tenant;staleApps;No OAuth grants","","","0"
"Azns AAD Webhook","461e8683-5575-4561-ac7f-899cc907d62a","pass","True","False","False","False","Microsoft Services",,"False","False","Microsoft Corporation","5206095","f8cdef31-a31e-4b4a-93e4-5f571e91255a","True","True","True","False","False",,"Application","461e8683-5575-4561-ac7f-899cc907d62a","False","False","",,"Disabled","False","Microsoft;No OAuth grants","","","0"
"Power Platform API","8578e004-a5c6-46e7-913e-12f58912df43","pass","True","False","False","False","Microsoft Services","api.powerplatform.com","False","False",,,"f8cdef31-a31e-4b4a-93e4-5f571e91255a","True","True","False","False","False",,"Application","8578e004-a5c6-46e7-913e-12f58912df43;https://api.powerplatform.com;https://api.gov.powerplatform.microsoft.us","True","False","",,"Disabled","False","Microsoft;No OAuth grants","","","0"
"Verifiable Credentials Service","bb2a64ee-5d29-4b07-a491-25806dc854d3","pass","True","False","False","False","Microsoft Services",,"False","False","Microsoft Corporation","5206095","f8cdef31-a31e-4b4a-93e4-5f571e91255a","True","True","True","False","False",,"Application","bb2a64ee-5d29-4b07-a491-25806dc854d3","False","False","",,"Disabled","False","Microsoft;No OAuth grants","","","0"
"AzureDatabricks","2ff814a6-3304-4ab8-85cb-cd0e6f879c1d","pass","True","False","False","False","Microsoft Services","azuredatabricks.net","False","False",,,"f8cdef31-a31e-4b4a-93e4-5f571e91255a","True","True","False","False","False",,"Application","2ff814a6-3304-4ab8-85cb-cd0e6f879c1d;https://azuredatabricks.net/","False","False","",,"OpenID Connect","False","Microsoft;No OAuth grants","","","0"
"Auto Sales Assistant (Microsoft Copilot Studio)","a1f6294d-3cbe-4dc3-8b3d-73ee55b389e2","pass","False","False","True","False","Base-IT Intune.cc",,"False","False",,,"a65f6b72-abef-4f0b-88d6-3256be9a72d1","False","False","False","False","False",,"Application","a1f6294d-3cbe-4dc3-8b3d-73ee55b389e2","False","False","AgenticApp;AIAgentBuilder;AgentCreatedBy:CopilotStudio;AgenticInstance;power-virtual-agents-c96c472e-5109-3368-c3fd-92d81ed3ff1b","This application is required to support messaging and authentication for an individual chatbot built with Power Virtual Agents. Power Platform Environment: '035a17de-c1e1-e6f2-abe2-ee8e69d5c556', Bot Id: 'c96c472e-5109-3368-c3fd-92d81ed3ff1b', More information: https://go.microsoft.com/fwlink/?linkid=2096220","Disabled","False","Home Tenant;No OAuth grants","","","0"
"Cortana Experience with O365","0a0a29f9-0a25-49c7-94bf-c53c3f8fa69d","pass","True","False","False","False","Microsoft Services","cortanaexpforo365.azurewebsites.net","False","False",,,"f8cdef31-a31e-4b4a-93e4-5f571e91255a","True","True","False","False","False",,"Application","https://cortanaexpforo365.azurewebsites.net/;0a0a29f9-0a25-49c7-94bf-c53c3f8fa69d;0a0a29f9-0a25-49c7-94bf-c53c3f8fa69d/cortanaexpforo365.azurewebsites.net","False","False","",,"OpenID Connect","False","Microsoft;No OAuth grants","","","0"
"Microsoft.CustomProviders RP","bf8eb16c-7ba7-4b47-86be-ac5e4b2007a5","pass","True","False","False","False","Microsoft Services",,"False","False",,,"f8cdef31-a31e-4b4a-93e4-5f571e91255a","True","True","False","False","False",,"Application","bf8eb16c-7ba7-4b47-86be-ac5e4b2007a5","False","False","",,"Disabled","False","Microsoft;No OAuth grants","","","0"
"Custom Locations RP","bc313c14-388c-4e7d-a58e-70017303ee3b","pass","True","False","False","False","Microsoft Services",,"False","False","Microsoft Corporation","5206095","f8cdef31-a31e-4b4a-93e4-5f571e91255a","True","True","True","False","False",,"Application","bc313c14-388c-4e7d-a58e-70017303ee3b","False","False","",,"Disabled","False","Microsoft;No OAuth grants","","","0"
"Azure SQL Virtual Network to Network Resource Provider","76cd24bf-a9fc-4344-b1dc-908275de6d6d","pass","True","False","False","False","Microsoft Services",,"False","False",,,"f8cdef31-a31e-4b4a-93e4-5f571e91255a","True","True","False","False","False",,"Application","76cd24bf-a9fc-4344-b1dc-908275de6d6d","False","False","disableRequestingTenantedPassthroughTokens;disableAcceptingTenantedPassthroughTokens",,"Disabled","False","Microsoft;No OAuth grants","","","0"
"Microsoft Teams AuthSvc","a164aee5-7d0a-46bb-9404-37421d58bdf7","pass","True","False","False","False","Microsoft Services","authsvc.teams.microsoft.com","True","False",,,"f8cdef31-a31e-4b4a-93e4-5f571e91255a","True","True","False","False","False",,"Application","https://authsvc.teams.microsoft.com;a164aee5-7d0a-46bb-9404-37421d58bdf7","True","False","",,"OpenID Connect","False","Microsoft;No OAuth grants","","","0"
"SpiRoTest_dvTz0jXcCpUn+hiA7w6yUxkpHe8P1y3tcYyMEwxIZPY=","d1d80127-598a-44d6-81ee-27e84e305426","pass","False","False","True","False","Base-IT Intune.cc","spn","False","False",,,"a65f6b72-abef-4f0b-88d6-3256be9a72d1","False","False","False","False","False",,"Application","d1d80127-598a-44d6-81ee-27e84e305426;https://spn/dvTz0jXcCpUn%2bhiA7w6yUxkpHe8P1y3tcYyMEwxIZPY%3d","False","False","",,"Disabled","True","Home Tenant;staleApps;No OAuth grants","","","0"
"O365Account","1cda9b54-9852-4a5a-96d4-c2ab174f9edf","pass","True","False","False","False","Microsoft Services",,"False","False",,,"f8cdef31-a31e-4b4a-93e4-5f571e91255a","True","True","False","False","False",,"Application","1cda9b54-9852-4a5a-96d4-c2ab174f9edf","False","False","",,"Disabled","False","Microsoft;No OAuth grants","","","0"
"Privacy Management","5a4a238f-f186-4fff-95bd-d3e70f9e1a08","pass","True","False","False","False","Microsoft Services","botid-5a4a238f-f186-4fff-95bd-d3e70f9e1a08","False","False",,,"f8cdef31-a31e-4b4a-93e4-5f571e91255a","True","True","False","False","False",,"Application","5a4a238f-f186-4fff-95bd-d3e70f9e1a08;api://botid-5a4a238f-f186-4fff-95bd-d3e70f9e1a08;https://privacyppe.trafficmanager.net;https://privacy.trafficmanager.net","False","False","",,"Disabled","False","Microsoft;No OAuth grants","","","0"
"Microsoft Substrate Management","98db8bd6-0cc0-4e67-9de5-f187f1cd1b41","pass","True","False","False","False","Microsoft Services",,"False","False",,,"f8cdef31-a31e-4b4a-93e4-5f571e91255a","True","True","False","False","False",,"Application","98db8bd6-0cc0-4e67-9de5-f187f1cd1b41","False","False","",,"Disabled","False","Microsoft;No OAuth grants","","","0"
"Microsoft Teams Targeting Application","8e14e873-35ba-4720-b787-0bed94370b17","pass","True","False","False","False","Microsoft Services","botid-8e14e873-35ba-4720-b787-0bed94370b17","False","False",,,"f8cdef31-a31e-4b4a-93e4-5f571e91255a","True","True","False","False","False",,"Application","api://botid-8e14e873-35ba-4720-b787-0bed94370b17;8e14e873-35ba-4720-b787-0bed94370b17","False","False","",,"Disabled","False","Microsoft;No OAuth grants","","","0"
"OneLTI","d3ee6f25-becc-4659-9bc6-bbe6af7d18e6","pass","True","False","False","False","Microsoft Services","lti.edu.cloud.microsoft","False","False",,,"f8cdef31-a31e-4b4a-93e4-5f571e91255a","True","True","False","False","False",,"Application","https://lti.edu.cloud.microsoft;api://d3ee6f25-becc-4659-9bc6-bbe6af7d18e6;https://lti.ppe.microsoft.com;https://lti.microsoft.com;d3ee6f25-becc-4659-9bc6-bbe6af7d18e6","True","False","",,"OpenID Connect","False","Microsoft;No OAuth grants","","","0"
"Microsoft AppPlat EMA","dee7ba80-6a55-4f3b-a86c-746a9231ae49","pass","True","False","False","False","Microsoft Services","consent.msp.windows.net","True","False",,,"f8cdef31-a31e-4b4a-93e4-5f571e91255a","True","True","False","False","False",,"Application","dee7ba80-6a55-4f3b-a86c-746a9231ae49;https://consent.msp.windows.net/","True","False","",,"Disabled","False","Microsoft;No OAuth grants","","","0"
"M365 Pillar Diagnostics Service API","8bea2130-23a1-4c09-acfb-637a9fb7c157","pass","True","False","False","False","Microsoft Services","m365diagnostics.microsoft.com","True","False","Microsoft Corporation","5206095","f8cdef31-a31e-4b4a-93e4-5f571e91255a","True","True","True","False","False",,"Application","https://m365diagnostics.microsoft.com;https://m365diagnosticssdf.microsoft.com;https://sdfapi.msftclouddiagnostics.net;https://api.msftclouddiagnostics.net;8bea2130-23a1-4c09-acfb-637a9fb7c157;https://sdfsapi.msftclouddiagnostics.net;https://gccmsapi.msftclouddiagnostics.net;https://eursapi.msftclouddiagnostics.net;https://m365diagnosticssdfs.microsoft.com;https://wwsapi.msftclouddiagnostics.net;https://intapi.msftclouddiagnostics.net;https://autodiscoversdf.msftclouddiagnostics.net;https://autodiscover.msftclouddiagnostics.net","True","False","",,"OpenID Connect","False","Microsoft;No OAuth grants","","","0"
"Azure Synapse Studio","ec52d13d-2e85-410e-a89a-8c79fb6a32ac","pass","True","False","False","False","Microsoft Services",,"False","False",,,"f8cdef31-a31e-4b4a-93e4-5f571e91255a","True","True","False","False","False",,"Application","ec52d13d-2e85-410e-a89a-8c79fb6a32ac","False","False","",,"OpenID Connect","False","Microsoft;No OAuth grants","","","0"
"Microsoft Azure Stack HCI Service","1322e676-dee7-41ee-a874-ac923822781c","pass","True","False","False","False","Microsoft Services","azurestackhci-usage.trafficmanager.net","False","False",,,"f8cdef31-a31e-4b4a-93e4-5f571e91255a","True","True","False","False","False",,"Application","1322e676-dee7-41ee-a874-ac923822781c;https://azurestackhci-usage.trafficmanager.net","False","False","",,"Disabled","False","Microsoft;No OAuth grants","","","0"
"MicrosoftAzureADFulfillment","f09d1391-098c-47d7-ac7e-6ed2afc5016b","pass","True","False","False","False","Microsoft Services","fulfillment.mcapi.microsoft.com","True","False",,,"f8cdef31-a31e-4b4a-93e4-5f571e91255a","True","True","False","False","False",,"Application","https://fulfillment.mcapi.microsoft.com;f09d1391-098c-47d7-ac7e-6ed2afc5016b","True","False","",,"Disabled","False","Microsoft;No OAuth grants","","","0"
"Microsoft Teams AadSync","62b732f7-fc71-40bc-b27d-35efcb0509de","pass","True","False","False","False","Microsoft Services",,"False","False",,,"f8cdef31-a31e-4b4a-93e4-5f571e91255a","True","True","False","False","False",,"Application","62b732f7-fc71-40bc-b27d-35efcb0509de","False","False","",,"Disabled","False","Microsoft;No OAuth grants","","","0"
"Microsoft Graph","00000003-0000-0000-c000-000000000000","pass","True","False","False","False","Microsoft Services","dod-graph.microsoft.us","True","False",,,"f8cdef31-a31e-4b4a-93e4-5f571e91255a","True","True","False","False","False","00000003-0000-0000-c000-000000000000","Application","https://dod-graph.microsoft.us;https://graph.microsoft.com/;https://graph.microsoft.us;https://ags.windows.net;https://graph.microsoft.com;https://canary.graph.microsoft.com;00000003-0000-0000-c000-000000000000;00000003-0000-0000-c000-000000000000/ags.windows.net;https://dod-graph.microsoft.us/;https://graph.microsoft.us/;https://canary.graph.microsoft.com/","True","False","",,"Disabled","False","Microsoft;No OAuth grants","","","0"
"Windows Azure Active Directory","00000002-0000-0000-c000-000000000000","pass","True","False","False","False","Microsoft Services","graph.microsoftazure.us","False","False",,,"f8cdef31-a31e-4b4a-93e4-5f571e91255a","True","True","False","False","False","00000002-0000-0000-c000-000000000000","Application","https://graph.microsoftazure.us;https://graph.windows.net/;00000002-0000-0000-c000-000000000000;00000002-0000-0000-c000-000000000000/directory.windows.net;00000002-0000-0000-c000-000000000000/graph.windows.net;00000002-0000-0000-c000-000000000000/graph.microsoftazure.us;https://graph.windows.net","True","False","",,"Disabled","False","Microsoft;No OAuth grants","","","0"
"D365 Sales Agent - Engage Autonomous (Microsoft Copilot Studio)","c5d64b4f-4d62-47ae-9804-233b7c6bc97c","pass","False","False","True","False","Base-IT Intune.cc",,"False","False",,,"a65f6b72-abef-4f0b-88d6-3256be9a72d1","False","False","False","False","False",,"Application","c5d64b4f-4d62-47ae-9804-233b7c6bc97c","False","False","AgenticApp;AIAgentBuilder;AgentCreatedBy:CopilotStudio;AgenticInstance;power-virtual-agents-06710d7e-86d4-063a-0ed0-7a45a5b662d6","This application is required to support messaging and authentication for an individual chatbot built with Power Virtual Agents. Power Platform Environment: '19dde003-f47b-e12b-bdf6-e963eddc0758', Bot Id: '06710d7e-86d4-063a-0ed0-7a45a5b662d6', More information: https://go.microsoft.com/fwlink/?linkid=2096220","Disabled","False","Home Tenant;No OAuth grants","","","0"
"Fiji Storage Backend","05d97c70-cb7c-4e66-8138-d5ca7c59d206","pass","True","False","False","False","Microsoft Services",,"False","False",,,"f8cdef31-a31e-4b4a-93e4-5f571e91255a","True","True","False","False","False",,"Application","05d97c70-cb7c-4e66-8138-d5ca7c59d206","False","False","",,"Disabled","False","Microsoft;No OAuth grants","","","0"
"Intune CertificateAuthority Client Prod","3dde09a2-ff4f-4ebd-9b9a-d24a7a819b6f","pass","True","False","False","False","Microsoft Services",,"False","False",,,"f8cdef31-a31e-4b4a-93e4-5f571e91255a","True","True","False","False","False",,"Application","3dde09a2-ff4f-4ebd-9b9a-d24a7a819b6f","False","False","disableLegacyUserImpersonationClient;disableLegacyUserImpersonationResource",,"Disabled","False","Microsoft;No OAuth grants","","","0"
"Defender for Cloud Apps - Power Platform Solution Deployer","7598ef18-a171-4c40-b5b2-9b6df5d67a21","pass","True","False","False","False","Microsoft Services","webhooks.stg-inline.mda.microsoft-int.com","False","False",,,"f8cdef31-a31e-4b4a-93e4-5f571e91255a","True","True","False","False","False",,"Application","7598ef18-a171-4c40-b5b2-9b6df5d67a21;https://webhooks.stg-inline.mda.microsoft-int.com","True","False","disableLegacyUserImpersonationClient;disableLegacyUserImpersonationResource;GitCreatedApp",,"Disabled","False","Microsoft;No OAuth grants","","","0"
"SP_Barracuda_LAB","5474df4f-be3a-4d5d-907f-f3b002abdc9c","pass","False","False","True","False","Base-IT Intune.cc",,"False","False",,,"a65f6b72-abef-4f0b-88d6-3256be9a72d1","False","False","False","False","False",,"Application","5474df4f-be3a-4d5d-907f-f3b002abdc9c","False","False","AzureArcSPN",,"Disabled","True","Home Tenant;staleApps;No OAuth grants","","","0"
"Azure Cosmos DB","a232010e-820c-4083-83bb-3ace5fc29d0b","pass","True","False","False","False","Microsoft Services","cosmos.windows-ppe.net","False","False",,,"f8cdef31-a31e-4b4a-93e4-5f571e91255a","True","True","False","False","False",,"Application","https://cosmos.windows-ppe.net;https://cosmos.windows-int.net;https://cosmos.azure.com;a232010e-820c-4083-83bb-3ace5fc29d0b","True","False","",,"Disabled","False","Microsoft;No OAuth grants","","","0"
"Azure Synapse Link for Dataverse","7f15f9d9-cad0-44f1-bbba-d36650e07765","pass","True","False","False","False","Microsoft Services","exporttodatalake.com","False","False",,,"f8cdef31-a31e-4b4a-93e4-5f571e91255a","True","True","False","False","False",,"Application","7f15f9d9-cad0-44f1-bbba-d36650e07765;https://exporttodatalake.com/","False","False","",,"OpenID Connect","False","Microsoft;No OAuth grants","","","0"
"Defender for Containers provisioning ARC k8s Enabled","12136bdf-7467-452b-9ac8-3930ef5dc1b4","pass","True","False","False","False",,"identity.azure.net","True","False",,,,"False","False","False","False","False",,"ManagedIdentity","12136bdf-7467-452b-9ac8-3930ef5dc1b4;https://identity.azure.net/VOeY+txQ+gN7tRHYUR/U4DAJAZS1PK0E7gt5Uj+kB+o=","True","False","",,"Disabled","False","Microsoft;No OAuth grants","","","0"
"Azure SignalR Service Resource Provider","cdad765c-f191-43ba-b9f5-7aef392f811d","pass","True","False","False","False","Microsoft Services","signalr.azure.com","True","False","Microsoft Corporation","5206095","f8cdef31-a31e-4b4a-93e4-5f571e91255a","True","True","True","False","False",,"Application","cdad765c-f191-43ba-b9f5-7aef392f811d;https://signalr.azure.com;https://webpubsub.azure.com","True","False","",,"Disabled","False","Microsoft;No OAuth grants","","","0"
"Azure AD Identity Governance - SPO Management","396e7f4b-41ea-4851-b04d-65de6cf1b4a3","pass","True","False","False","False","Microsoft Services",,"False","False",,,"f8cdef31-a31e-4b4a-93e4-5f571e91255a","True","True","False","False","False",,"Application","396e7f4b-41ea-4851-b04d-65de6cf1b4a3","False","False","",,"Disabled","False","Microsoft;No OAuth grants","","","0"
"OCPS Checkin Service","23c898c1-f7e8-41da-9501-f16571f8d097","pass","True","False","False","False","Microsoft Services","ocps.manage.microsoft.com","True","False",,,"f8cdef31-a31e-4b4a-93e4-5f571e91255a","True","True","False","False","False",,"Application","https://ocps.manage.microsoft.com;23c898c1-f7e8-41da-9501-f16571f8d097","True","False","",,"OpenID Connect","False","Microsoft;No OAuth grants","","","0"
"Microsoft Office Licensing Service Agents","d7097cd1-c779-44d0-8c71-ab1f8386a97e","pass","True","False","False","False","Microsoft Services",,"False","False",,,"f8cdef31-a31e-4b4a-93e4-5f571e91255a","True","True","False","False","False",,"Application","d7097cd1-c779-44d0-8c71-ab1f8386a97e","False","False","",,"Disabled","False","Microsoft;No OAuth grants","","","0"
"Microsoft.EventGrid","4962773b-9cdb-44cf-a8bf-237846a00ab7","pass","True","False","False","False","Microsoft Services","topictypemanagement.eventgrid.azure.net","True","False",,,"f8cdef31-a31e-4b4a-93e4-5f571e91255a","True","True","False","False","False",,"Application","https://topicTypeManagement.eventgrid.azure.net;4962773b-9cdb-44cf-a8bf-237846a00ab7","True","False","",,"Disabled","False","Microsoft;No OAuth grants","","","0"
"Graph Connector Service","56c1da01-2129-48f7-9355-af6d59d42766","pass","True","False","False","False","Microsoft Services","copilot-connectors.core.microsoft","False","False",,,"f8cdef31-a31e-4b4a-93e4-5f571e91255a","True","True","False","False","False",,"Application","https://copilot-connectors.core.microsoft;https://gcs.office.com;56c1da01-2129-48f7-9355-af6d59d42766;https://substrate.office.com/scd;https://substrate.office.com/GraphConnectors;https://link-df.gcs.office.com","True","False","",,"OpenID Connect","False","Microsoft;No OAuth grants","","","0"
"Microsoft Stream Service","2634dd23-5e5a-431c-81ca-11710d9079f4","pass","True","False","False","False","Microsoft Services",,"False","False",,,"f8cdef31-a31e-4b4a-93e4-5f571e91255a","True","True","False","False","False",,"Application","2634dd23-5e5a-431c-81ca-11710d9079f4","False","False","",,"OpenID Connect","False","Microsoft;No OAuth grants","","","0"
"wahpa-2274-tests-resource/projects/wahpa-2274-tests","c638cdd9-e9c3-4fb3-bfc4-d5d5ddf35680","pass","True","False","False","False",,"identity.azure.net","True","False",,,,"False","False","False","False","False",,"ManagedIdentity","c638cdd9-e9c3-4fb3-bfc4-d5d5ddf35680;https://identity.azure.net/UOsb9KbYhMLnz1Gvnrdnp0m9H1QEj1wqLR+/JWul+sU=","True","False","AgentCreatedBy:Foundry;AgenticInstance",,"Disabled","False","Microsoft;No OAuth grants","","","0"
"Compute Recommendation Service","b9a92e36-2cf8-4f4e-bcb3-9d99e00e14ab","pass","True","False","False","False","Microsoft Services","b9a92e36-2cf8-4f4e-bcb3-9d99e00e14ab","False","False","Microsoft Corporation","5206095","f8cdef31-a31e-4b4a-93e4-5f571e91255a","True","True","True","False","False",,"Application","api://b9a92e36-2cf8-4f4e-bcb3-9d99e00e14ab;b9a92e36-2cf8-4f4e-bcb3-9d99e00e14ab","False","False","",,"Disabled","False","Microsoft;No OAuth grants","","","0"
"Demeter.WorkerRole","3c31d730-a768-4286-a972-43e9b83601cd","pass","True","False","False","False","Microsoft Services",,"False","False",,,"f8cdef31-a31e-4b4a-93e4-5f571e91255a","True","True","False","False","False",,"Application","3c31d730-a768-4286-a972-43e9b83601cd","False","False","",,"OpenID Connect","False","Microsoft;No OAuth grants","","","0"
"Teams NRT DLP Ingestion Service","0ef94e72-e4fc-4aa0-a8f4-ff27deb3e6eb","pass","True","False","False","False","Microsoft Services",,"False","False",,,"f8cdef31-a31e-4b4a-93e4-5f571e91255a","True","True","False","False","False",,"Application","0ef94e72-e4fc-4aa0-a8f4-ff27deb3e6eb","False","False","",,"Disabled","False","Microsoft;No OAuth grants","","","0"
"Microsoft Learn Q&A Assistant (Microsoft Copilot Studio)","efb7048a-0658-4682-a4ed-61dbcc8c2947","pass","False","False","True","False","Base-IT Intune.cc",,"False","False",,,"a65f6b72-abef-4f0b-88d6-3256be9a72d1","False","False","False","False","False",,"Application","efb7048a-0658-4682-a4ed-61dbcc8c2947","False","False","AgenticApp;AIAgentBuilder;AgentCreatedBy:CopilotStudio;AgenticInstance;power-virtual-agents-837902c1-5b51-a14f-8b51-39a9e7dabf27","This application is required to support messaging and authentication for an individual chatbot built with Power Virtual Agents. Power Platform Environment: '035a17de-c1e1-e6f2-abe2-ee8e69d5c556', Bot Id: '837902c1-5b51-a14f-8b51-39a9e7dabf27', More information: https://go.microsoft.com/fwlink/?linkid=2096220","Disabled","False","Home Tenant;No OAuth grants","","","0"
"My Staff","ba9ff945-a723-4ab5-a977-bd8c9044fe61","pass","True","False","False","False","Microsoft Services",,"False","False",,,"f8cdef31-a31e-4b4a-93e4-5f571e91255a","True","True","False","False","False",,"Application","ba9ff945-a723-4ab5-a977-bd8c9044fe61","False","False","",,"OpenID Connect","False","Microsoft;No OAuth grants","","","0"
"Azure HDInsight Cluster API","7865c1d2-f040-46cc-875f-831a1ef6a28a","pass","True","False","False","False","Microsoft Services","hib.azurehdinsight.net","False","False","Microsoft Corporation","5206095","f8cdef31-a31e-4b4a-93e4-5f571e91255a","True","True","True","False","False",,"Application","7865c1d2-f040-46cc-875f-831a1ef6a28a;https://hib.azurehdinsight.net","False","False","",,"OpenID Connect","False","Microsoft;No OAuth grants","","","0"
"Azure Application Change Service","2cfc91a4-7baa-4a8f-a6c9-5f3d279060b8","pass","True","False","False","False","Microsoft Services",,"False","False","Microsoft Corporation","5206095","f8cdef31-a31e-4b4a-93e4-5f571e91255a","True","True","True","False","False",,"Application","2cfc91a4-7baa-4a8f-a6c9-5f3d279060b8","False","False","",,"OpenID Connect","False","Microsoft;No OAuth grants","","","0"
"Microsoft Operations Management Suite","d2a0a418-0aac-4541-82b2-b3142c89da77","pass","True","False","False","False","Microsoft Services","aad.opinsights.azure.com","True","False",,,"f8cdef31-a31e-4b4a-93e4-5f571e91255a","True","True","False","False","False",,"Application","https://aad.opinsights.azure.com/;d2a0a418-0aac-4541-82b2-b3142c89da77","True","False","",,"OpenID Connect","False","Microsoft;No OAuth grants","","","0"
"Delta Airlines","6b2b1c63-40d1-41d0-8625-cfcf481a7ac8","pass","False","False","True","False","Base-IT Intune.cc","deltaairlines","False","False",,,"a65f6b72-abef-4f0b-88d6-3256be9a72d1","False","False","False","True","True",,"Application","http://deltaairlines/7a588339-f8e5-496b-827c-098f8730b1a0;6b2b1c63-40d1-41d0-8625-cfcf481a7ac8","False","False","WindowsAzureActiveDirectoryIntegratedApp;WindowsAzureActiveDirectoryGalleryApplicationPrimaryV1;2feacec1-8764-42d0-a4d1-15dd298b5a4f",,"OpenID Connect","True","Home Tenant;staleApps;No OAuth grants","","","0"
"Power Query Online","f3b07414-6bf4-46e6-b63f-56941f3f4128","pass","True","False","False","False","Microsoft Services","powerquery.microsoft.com","True","False","Microsoft Corporation","5206095","f8cdef31-a31e-4b4a-93e4-5f571e91255a","True","True","True","False","False",,"Application","https://powerquery.microsoft.com;f3b07414-6bf4-46e6-b63f-56941f3f4128","True","False","",,"Disabled","False","Microsoft;No OAuth grants","","","0"
"ATHQHCICL01","311254eb-536c-4338-8a19-3dd7bbe37825","pass","True","False","False","False",,"identity.azure.net","True","False",,,,"False","False","False","False","False",,"ManagedIdentity","311254eb-536c-4338-8a19-3dd7bbe37825;https://identity.azure.net/Xzm9rbzAjsJMJbmCUIROhBcac2RqFGQ6dfUpFzp5DF0=","True","False","",,"Disabled","False","Microsoft;No OAuth grants","","","0"
"PushChannel","4747d38e-36c5-4bc3-979b-b0ef74df54d1","pass","True","False","False","False","Microsoft Services","pushchannel.1drv.ms","False","False","Microsoft Corporation","5206095","f8cdef31-a31e-4b4a-93e4-5f571e91255a","True","True","True","False","False",,"Application","https://pushchannel.1drv.ms;https://pushchanneldf.1drv.ms;4747d38e-36c5-4bc3-979b-b0ef74df54d1","False","False","",,"OpenID Connect","False","Microsoft;No OAuth grants","","","0"
"Azure Managed HSM RP","1341df96-0b28-43da-ba24-7a6ce39be816","pass","True","False","False","False","Microsoft Services",,"False","False","Microsoft Corporation","5206095","f8cdef31-a31e-4b4a-93e4-5f571e91255a","True","True","True","False","False",,"Application","1341df96-0b28-43da-ba24-7a6ce39be816","False","False","",,"Disabled","False","Microsoft;No OAuth grants","","","0"
"Microsoft.ConnectedVMwarevSphere Resource Provider","ac9dc5fe-b644-4832-9d03-d9f1ab70c5f7","pass","True","False","False","False","Microsoft Services",,"False","False","Microsoft Corporation","5206095","f8cdef31-a31e-4b4a-93e4-5f571e91255a","True","True","True","False","False",,"Application","ac9dc5fe-b644-4832-9d03-d9f1ab70c5f7","False","False","",,"Disabled","False","Microsoft;No OAuth grants","","","0"
"aad-extensions-app. Do not modify. Used by AAD for storing user data.","8034448c-6925-46b8-9cc0-4c7d1c744834","pass","True","False","False","False","Base-IT Intune.cc","intunecc.onmicrosoft.com","False","True",,,"a65f6b72-abef-4f0b-88d6-3256be9a72d1","False","False","False","False","False",,"Application","8034448c-6925-46b8-9cc0-4c7d1c744834;https://intunecc.onmicrosoft.com/cpimextensions","True","True","",,"OpenID Connect","False","Microsoft;No OAuth grants","","","0"
"Arc Public Cloud - Networking","9449a792-6831-40e2-9097-29dbc6dd4753","pass","True","False","False","False","Microsoft Services","9449a792-6831-40e2-9097-29dbc6dd4753","False","False",,,"f8cdef31-a31e-4b4a-93e4-5f571e91255a","True","True","False","False","False",,"Application","api://9449a792-6831-40e2-9097-29dbc6dd4753;9449a792-6831-40e2-9097-29dbc6dd4753","False","False","",,"Disabled","False","Microsoft;No OAuth grants","","","0"
"Azure Cosmos DB Virtual Network To Network Resource Provider","57c0fc58-a83a-41d0-8ae9-08952659bdfd","pass","True","False","False","False","Microsoft Services",,"False","False",,,"f8cdef31-a31e-4b4a-93e4-5f571e91255a","True","True","False","False","False",,"Application","57c0fc58-a83a-41d0-8ae9-08952659bdfd","False","False","",,"Disabled","False","Microsoft;No OAuth grants","","","0"
"Azure Purview","73c2949e-da2d-457a-9607-fcc665198967","pass","True","False","False","False","Microsoft Services","purview.azure.net","True","False",,,"f8cdef31-a31e-4b4a-93e4-5f571e91255a","True","True","False","False","False",,"Application","https://purview.azure.net/;https://purview.azure.net;https://projectbabylon.azure.net/;https://projectbabylon.azure.net;73c2949e-da2d-457a-9607-fcc665198967","True","False","",,"Disabled","False","Microsoft;No OAuth grants","","","0"
"MRMaps PPE","96636591-1bce-4eef-b8f9-939c0713889f","pass","True","False","False","False","Microsoft Services",,"False","False","Microsoft Corporation","5206095","f8cdef31-a31e-4b4a-93e4-5f571e91255a","True","True","True","False","False",,"Application","96636591-1bce-4eef-b8f9-939c0713889f","False","False","disableLegacyUserImpersonationClient;disableLegacyUserImpersonationResource",,"Disabled","False","Microsoft;No OAuth grants","","","0"
"PROD Microsoft Defender For Cloud XDR","3f6aecb4-6dbf-4e45-9141-440abdced562","pass","True","False","False","False","Microsoft Services","3f6aecb4-6dbf-4e45-9141-440abdced562","False","False",,,"f8cdef31-a31e-4b4a-93e4-5f571e91255a","True","True","False","False","False",,"Application","api://3f6aecb4-6dbf-4e45-9141-440abdced562;3f6aecb4-6dbf-4e45-9141-440abdced562","False","False","GitCreatedApp;disableLegacyUserImpersonationResource;disableLegacyUserImpersonationClient",,"Disabled","False","Microsoft;No OAuth grants","","","0"
"hybridaksextension","da5d625a-fea1-4022-8fda-fd502051c677","pass","True","False","False","False",,"identity.azure.net","True","False",,,,"False","False","False","False","False",,"ManagedIdentity","da5d625a-fea1-4022-8fda-fd502051c677;https://identity.azure.net//Fmr6ceiKjOx4ubG95SpjHMNwM/5Uhsfu66Yz8h9S2Y=","True","False","",,"Disabled","False","Microsoft;No OAuth grants","","","0"
"Universal Print Enabled Printer","417ae6eb-aac8-42c8-900c-0e50debba688","pass","True","False","False","False","Microsoft Services",,"False","False",,,"f8cdef31-a31e-4b4a-93e4-5f571e91255a","True","True","False","False","False",,"Application","417ae6eb-aac8-42c8-900c-0e50debba688","False","False","",,"OpenID Connect","False","Microsoft;No OAuth grants","","","0"
"Microsoft Azure Synapse Gateway","1ac05c7e-12d2-4605-bf9d-549d7041c6b3","pass","True","False","False","False","Microsoft Services","workspaceartifacts.projectarcadia.net","False","False",,,"f8cdef31-a31e-4b4a-93e4-5f571e91255a","True","True","False","False","False",,"Application","https://workspaceartifacts.projectarcadia.net/;https://dev.azuresynapse.usgovcloudapi.net/;https://dev.azuresynapse.net/;https://dev.azuresynapse.usgovcloudapi.net;https://dev.azuresynapse.net;https://workspaceartifacts.projectarcadia.net;1ac05c7e-12d2-4605-bf9d-549d7041c6b3","False","False","disableLegacyUserImpersonationResource",,"Disabled","False","Microsoft;No OAuth grants","","","0"
"Compute Usage Provider","a303894e-f1d8-4a37-bf10-67aa654a0596","pass","True","False","False","False","Microsoft Services",,"False","False",,,"f8cdef31-a31e-4b4a-93e4-5f571e91255a","True","True","False","False","False",,"Application","a303894e-f1d8-4a37-bf10-67aa654a0596","False","False","",,"Disabled","False","Microsoft;No OAuth grants","","","0"
"la-walju-tap","73e1783b-5728-4079-a8be-42614ef658a5","pass","True","False","False","False",,"identity.azure.net","True","False",,,,"False","False","False","False","False",,"ManagedIdentity","73e1783b-5728-4079-a8be-42614ef658a5;https://identity.azure.net/DgEY6CK2jwzKVSN79/Y/0A+iYBAtkIhuhMVE1h7WzDs=","True","False","",,"Disabled","False","Microsoft;No OAuth grants","","","0"
"InventoryApp","3acd69e0-ab47-41dc-922a-788ad3708cff","pass","False","False","True","True","Base-IT Intune.cc",,"False","False",,,"a65f6b72-abef-4f0b-88d6-3256be9a72d1","False","False","False","True","False",,"Application","3acd69e0-ab47-41dc-922a-788ad3708cff","False","False","WindowsAzureActiveDirectoryIntegratedApp;HideApp",,"Disabled","True","Home Tenant;Hidden;staleApps;No OAuth grants","","","0"
"Virtual Connector Provider","1762e607-063e-431a-a25a-f0f782acb73b","pass","True","False","False","False","Microsoft Services",,"False","False",,,"f8cdef31-a31e-4b4a-93e4-5f571e91255a","True","True","False","False","False",,"Application","1762e607-063e-431a-a25a-f0f782acb73b","False","False","",,"Disabled","False","Microsoft;No OAuth grants","","","0"
"Azure Container Scale Sets","63ea3c01-7483-456e-8073-d3fed34fbdda","pass","True","False","False","False","Microsoft Services",,"False","False","Microsoft Corporation","5206095","f8cdef31-a31e-4b4a-93e4-5f571e91255a","True","True","True","False","False",,"Application","63ea3c01-7483-456e-8073-d3fed34fbdda","False","False","",,"Disabled","False","Microsoft;No OAuth grants","","","0"
"MicrosoftDependencyMapFirstPartyApp","8f528feb-26c0-4a59-91f4-5a7370d22337","pass","True","False","False","False","Microsoft Services",,"False","False",,,"f8cdef31-a31e-4b4a-93e4-5f571e91255a","True","True","False","False","False",,"Application","8f528feb-26c0-4a59-91f4-5a7370d22337","False","False","disableLegacyUserImpersonationClient;disableLegacyUserImpersonationResource;GitCreatedApp",,"Disabled","False","Microsoft;No OAuth grants","","","0"
"Azure HDInsight Surrogate Service","5a543d7c-9c4a-4f90-8cc7-6ae082a5b65b","pass","True","False","False","False","Microsoft Services","surrogate.azurehdinsight.net","False","False","Microsoft Corporation","5206095","f8cdef31-a31e-4b4a-93e4-5f571e91255a","True","True","True","False","False",,"Application","5a543d7c-9c4a-4f90-8cc7-6ae082a5b65b;https://surrogate.azurehdinsight.net","False","False","",,"OpenID Connect","False","Microsoft;No OAuth grants","","","0"
"OneDrive Web","33be1cef-03fb-444b-8fd3-08ca1b4d803f","pass","True","False","False","False","Microsoft Services",,"False","False",,,"f8cdef31-a31e-4b4a-93e4-5f571e91255a","True","True","False","False","False",,"Application","33be1cef-03fb-444b-8fd3-08ca1b4d803f","False","False","",,"OpenID Connect","False","Microsoft;No OAuth grants","","","0"
"Intune Update Service","66fa38d6-2d22-4532-b064-a0b0e39656f8","pass","True","False","False","False","Microsoft Services","readonly.manage-selfhost.microsoft.com","True","False",,,"f8cdef31-a31e-4b4a-93e4-5f571e91255a","True","True","False","False","False",,"Application","https://readonly.manage-selfhost.microsoft.com;66fa38d6-2d22-4532-b064-a0b0e39656f8","True","False","disableLegacyUserImpersonationClient;disableLegacyUserImpersonationResource",,"OpenID Connect","False","Microsoft;No OAuth grants","","","0"
"MDC Data Sensitivity","bd6d9218-235b-4abd-b3be-9ff157dcf36c","pass","True","False","False","False","Microsoft Services",,"False","False","Microsoft Corporation","5206095","f8cdef31-a31e-4b4a-93e4-5f571e91255a","True","True","True","False","False",,"Application","bd6d9218-235b-4abd-b3be-9ff157dcf36c","False","False","",,"Disabled","False","Microsoft;No OAuth grants","","","0"
"Intune SidecarService ConfidentialClient","70dcc41e-5abf-4ecd-b017-d5c7370e58fe","pass","True","False","False","False","Microsoft Services",,"False","False",,,"f8cdef31-a31e-4b4a-93e4-5f571e91255a","True","True","False","False","False",,"Application","70dcc41e-5abf-4ecd-b017-d5c7370e58fe","False","False","",,"Disabled","False","Microsoft;No OAuth grants","","","0"
"AKS Deployment Safeguards","589ce44b-ca13-4384-89e2-dd4e642a4b37","pass","True","False","False","False","Microsoft Services",,"False","False",,,"f8cdef31-a31e-4b4a-93e4-5f571e91255a","True","True","False","False","False",,"Application","589ce44b-ca13-4384-89e2-dd4e642a4b37","False","False","disableLegacyUserImpersonationClient;disableLegacyUserImpersonationResource;GitCreatedApp",,"Disabled","False","Microsoft;No OAuth grants","","","0"
"PowerApps Web Player Service","9362bc14-3e81-4ef9-8b77-f1c40afe68e0","pass","True","False","False","False","Microsoft Services","apps.powerapps.com","False","False",,,"f8cdef31-a31e-4b4a-93e4-5f571e91255a","True","True","False","False","False",,"Application","9362bc14-3e81-4ef9-8b77-f1c40afe68e0;https://apps.powerapps.com/;https://apps.powerapps.com;https://apps.powerapps.com/botid-371f821e-7003-44c8-bcbd-9e251f48b834;https://apps.powerapps.com/botid-43771498-8d85-4c71-aeb2-ad8a7708c6db;https://apps.powerapps.com/botid-7e506b83-34fe-4472-ba92-bba09287587d","False","False","disableAcceptingTenantedPassthroughTokens;disableRequestingTenantedPassthroughTokens",,"OpenID Connect","False","Microsoft;No OAuth grants","","","0"
"Microsoft.Defender.Incident","e74a9aae-ce66-426d-b197-ef43a773faa8","pass","True","False","False","False","Microsoft Services",,"False","False",,,"f8cdef31-a31e-4b4a-93e4-5f571e91255a","True","True","False","False","False",,"Application","e74a9aae-ce66-426d-b197-ef43a773faa8","False","False","disableLegacyUserImpersonationClient;disableLegacyUserImpersonationResource;GitCreatedApp",,"Disabled","False","Microsoft;No OAuth grants","","","0"
"AzureDnsFrontendApp","a0be0c72-870e-46f0-9c49-c98333a996f7","pass","True","False","False","False","Microsoft Services",,"False","False",,,"f8cdef31-a31e-4b4a-93e4-5f571e91255a","True","True","False","False","False",,"Application","a0be0c72-870e-46f0-9c49-c98333a996f7","False","False","",,"Disabled","False","Microsoft;No OAuth grants","","","0"
"Test azure-application-notification","455ed568-49b8-453a-bd85-782275f93fdc","pass","False","False","True","True","Base-IT Intune.cc",,"False","False",,,"a65f6b72-abef-4f0b-88d6-3256be9a72d1","False","False","False","True","False",,"Application","455ed568-49b8-453a-bd85-782275f93fdc","False","False","WindowsAzureActiveDirectoryIntegratedApp;HideApp",,"Disabled","True","Home Tenant;Hidden;staleApps;No OAuth grants","","","0"
"Microsoft Defender for Cloud Azure Discovery","c4ce8d07-0c1e-418d-8777-dc2d1e452061","pass","True","False","False","False","Microsoft Services",,"False","False",,,"f8cdef31-a31e-4b4a-93e4-5f571e91255a","True","True","False","False","False",,"Application","c4ce8d07-0c1e-418d-8777-dc2d1e452061","False","False","disableLegacyUserImpersonationResource;disableLegacyUserImpersonationClient",,"Disabled","False","Microsoft;No OAuth grants","","","0"
"PROD Microsoft Defender For Cloud Athena","e807d0e2-91da-40d6-8cee-e33c91a0b051","pass","True","False","False","False","Microsoft Services","e807d0e2-91da-40d6-8cee-e33c91a0b051","False","False",,,"f8cdef31-a31e-4b4a-93e4-5f571e91255a","True","True","False","False","False",,"Application","api://e807d0e2-91da-40d6-8cee-e33c91a0b051;e807d0e2-91da-40d6-8cee-e33c91a0b051","False","False","GitCreatedApp;disableLegacyUserImpersonationResource;disableLegacyUserImpersonationClient",,"Disabled","False","Microsoft;No OAuth grants","","","0"
"Verifiable Credentials Service Admin","6a8b4b39-c021-437c-b060-5a14a3fd65f3","pass","True","False","False","False","Microsoft Services",,"False","False","Microsoft Corporation","5206095","f8cdef31-a31e-4b4a-93e4-5f571e91255a","True","True","True","False","False",,"Application","6a8b4b39-c021-437c-b060-5a14a3fd65f3","False","False","",,"OpenID Connect","False","Microsoft;No OAuth grants","","","0"
"OCaaS Experience Management Service","6e99704e-62d5-40f6-b2fe-90aafbe3a710","pass","True","False","False","False","Microsoft Services","config.gcc.office.net","False","False",,,"f8cdef31-a31e-4b4a-93e4-5f571e91255a","True","True","False","False","False",,"Application","https://config.gcc.office.net/;https://config.office.net/;6e99704e-62d5-40f6-b2fe-90aafbe3a710","False","False","",,"OpenID Connect","False","Microsoft;No OAuth grants","","","0"
"Modern Workplace Core ITaaS","21ab802f-8580-4be3-a767-576c283a82f5","pass","True","False","False","False","Microsoft Services",,"False","False",,,"f8cdef31-a31e-4b4a-93e4-5f571e91255a","True","True","False","False","False",,"Application","21ab802f-8580-4be3-a767-576c283a82f5","False","False","",,"Disabled","False","Microsoft;No OAuth grants","","","0"
"Omnichannel for CS Provisioning App Primary","3957683c-3a48-4a6c-8706-a6e2d6883b02","pass","True","False","False","False","Microsoft Services",,"False","False",,,"f8cdef31-a31e-4b4a-93e4-5f571e91255a","True","True","False","False","False",,"Application","3957683c-3a48-4a6c-8706-a6e2d6883b02","False","False","",,"OpenID Connect","False","Microsoft;No OAuth grants","","","0"
"MISP-Forwarder","3eea0bcf-4f15-4037-90ef-8aebcb61e299","pass","True","False","False","False",,"identity.azure.net","True","False",,,,"False","False","False","False","False",,"ManagedIdentity","https://identity.azure.net/pbEQ7/m4rzejvsjpYWZM293Ebmr9uo600u4f1EVLyHE=;3eea0bcf-4f15-4037-90ef-8aebcb61e299","True","False","",,"Disabled","False","Microsoft;No OAuth grants","","","0"
"agentcon2026-foundry-resource-agentcon2026_foundry-AgentIdentityBlueprint","6df3d651-76e8-4b86-a160-dab4a62a0884","pass","False","False","True","False","Base-IT Intune.cc",,"False","False",,,"a65f6b72-abef-4f0b-88d6-3256be9a72d1","False","False","False","False","False",,"Application","6df3d651-76e8-4b86-a160-dab4a62a0884","False","False","",,"Disabled","False","Home Tenant;No OAuth grants","","","0"
"Office Online Third Party Storage","c1f33bc0-bdb4-4248-ba9b-096807ddb43e","pass","True","False","False","False","Microsoft Services",,"False","False",,,"f8cdef31-a31e-4b4a-93e4-5f571e91255a","True","True","False","False","False",,"Application","c1f33bc0-bdb4-4248-ba9b-096807ddb43e","False","False","",,"Disabled","False","Microsoft;No OAuth grants","","","0"
"Microsoft Visio Data Visualizer","00695ed2-3202-4156-8da1-69f60065e255","pass","True","False","False","False","Microsoft Services","ppc-visio.officeapps.live.com","True","False","Microsoft Corporation","5206095","f8cdef31-a31e-4b4a-93e4-5f571e91255a","True","True","True","False","False",,"Application","api://ppc-visio.officeapps.live.com/va/00695ed2-3202-4156-8da1-69f60065e255;api://ppc-visio.officeapps.live.com/va/00695ed2-3202-4156-8da1-69f60065e255/access_as_user;api://ffc-visio.officeapps.live.com/va/00695ed2-3202-4156-8da1-69f60065e255/access_as_user;api://visio.officeapps.live.com/va/00695ed2-3202-4156-8da1-69f60065e255/access_as_user;api://visio.officeapps.live.com/va/00695ed2-3202-4156-8da1-69f60065e255;api://ffc-visio.officeapps.live.com/va/00695ed2-3202-4156-8da1-69f60065e255;00695ed2-3202-4156-8da1-69f60065e255","True","False","",,"OpenID Connect","False","Microsoft;No OAuth grants","","","0"
"SecurityCopilotAgentIdentity-50a39af4-6999-41f6-8b17-c363c091318d","e227e9b6-02b8-42df-be6a-78e587140ac6","pass","False","False","False","False",,,"False","False",,,,"False","False","False","False","False",,"ServiceIdentity","e227e9b6-02b8-42df-be6a-78e587140ac6","False","False","",,"Disabled","False","No OAuth grants","","","0"
"Office 365 YammerOnOls","c26550d6-bc82-4484-82ca-ac1c75308ca3","pass","True","False","False","False","Microsoft Services","outlook.office365.com","True","False",,,"f8cdef31-a31e-4b4a-93e4-5f571e91255a","True","True","False","False","False",,"Application","https://outlook.office365.com/yammer;c26550d6-bc82-4484-82ca-ac1c75308ca3","True","False","",,"Disabled","False","Microsoft;No OAuth grants","","","0"
"Messaging Async Media","7084e364-df71-4a4a-9e8f-d375b5529913","pass","True","False","False","False","Microsoft Services","7084e364-df71-4a4a-9e8f-d375b5529913","False","False",,,"f8cdef31-a31e-4b4a-93e4-5f571e91255a","True","True","False","False","False",,"Application","api://7084e364-df71-4a4a-9e8f-d375b5529913;https://prod.asyncgw.teams.microsoft.com;7084e364-df71-4a4a-9e8f-d375b5529913","True","False","",,"Disabled","False","Microsoft;No OAuth grants","","","0"
"ForPe IT Expert Assistant (Microsoft Copilot Studio)","4ac4c50f-7bbb-4381-8d09-f2136491ca3f","pass","False","False","True","False","Base-IT Intune.cc",,"False","False",,,"a65f6b72-abef-4f0b-88d6-3256be9a72d1","False","False","False","False","False",,"Application","4ac4c50f-7bbb-4381-8d09-f2136491ca3f","False","False","AgenticApp;AIAgentBuilder;AgentCreatedBy:CopilotStudio;AgenticInstance;power-virtual-agents-c52e7b05-fb24-9cbf-76f3-5bac06aca574","This application is required to support messaging and authentication for an individual chatbot built with Power Virtual Agents. Power Platform Environment: 'Default-a65f6b72-abef-4f0b-88d6-3256be9a72d1', Bot Id: 'c52e7b05-fb24-9cbf-76f3-5bac06aca574', More information: https://go.microsoft.com/fwlink/?linkid=2096220","Disabled","False","Home Tenant;No OAuth grants","","","0"
"Agent 3 (Microsoft Copilot Studio)","21b628d4-4d89-4a84-bd6b-d2e43c954442","pass","False","False","True","False","Base-IT Intune.cc",,"False","False",,,"a65f6b72-abef-4f0b-88d6-3256be9a72d1","False","False","False","False","False",,"Application","21b628d4-4d89-4a84-bd6b-d2e43c954442","False","False","AgenticApp;AIAgentBuilder;AgentCreatedBy:CopilotStudio;AgenticInstance;power-virtual-agents-5735f995-7582-7cf8-f078-fa46d1e8ee0c","This application is required to support messaging and authentication for an individual chatbot built with Power Virtual Agents. Power Platform Environment: '035a17de-c1e1-e6f2-abe2-ee8e69d5c556', Bot Id: '5735f995-7582-7cf8-f078-fa46d1e8ee0c', More information: https://go.microsoft.com/fwlink/?linkid=2096220","Disabled","False","Home Tenant;No OAuth grants","","","0"
"ClusterConfigToArcZone","a0f92522-89de-4c5e-9a75-0044ccf66efd","pass","True","False","False","False","Microsoft Services",,"False","False","Microsoft Corporation","5206095","f8cdef31-a31e-4b4a-93e4-5f571e91255a","True","True","True","False","False",,"Application","a0f92522-89de-4c5e-9a75-0044ccf66efd","False","False","",,"Disabled","False","Microsoft;No OAuth grants","","","0"
"Windows_Tier1_SP","70ed307e-23b4-4ae0-a13e-91b0d49701bd","pass","False","False","True","False","Base-IT Intune.cc",,"False","False",,,"a65f6b72-abef-4f0b-88d6-3256be9a72d1","False","False","False","False","False",,"Application","70ed307e-23b4-4ae0-a13e-91b0d49701bd","False","False","AzureArcSPN",,"Disabled","True","Home Tenant;staleApps;No OAuth grants","","","0"
"Azure Storage","e406a681-f3d4-42a8-90b6-c2b029497af1","pass","True","False","False","False","Microsoft Services","storage.azure.com","True","False","Microsoft Corporation","5206095","f8cdef31-a31e-4b4a-93e4-5f571e91255a","True","True","True","False","False",,"Application","https://storage.azure.com;e406a681-f3d4-42a8-90b6-c2b029497af1","True","False","",,"OpenID Connect","False","Microsoft;No OAuth grants","","","0"
"PROD-OpalAgenticApp","2e9aeb53-f3fc-46d7-8ea6-fde52de14113","pass","True","False","False","False","Microsoft Services","2e9aeb53-f3fc-46d7-8ea6-fde52de14113","False","False",,,"f8cdef31-a31e-4b4a-93e4-5f571e91255a","True","True","False","False","False",,"Application","2e9aeb53-f3fc-46d7-8ea6-fde52de14113;api://2e9aeb53-f3fc-46d7-8ea6-fde52de14113","False","False","disableLegacyUserImpersonationClient;disableLegacyUserImpersonationResource;GitCreatedApp",,"Disabled","False","Microsoft;No OAuth grants","","","0"
"teams contacts griffin processor","e08ab642-962a-4175-913c-165f557d799a","pass","True","False","False","False","Microsoft Services",,"False","False",,,"f8cdef31-a31e-4b4a-93e4-5f571e91255a","True","True","False","False","False",,"Application","e08ab642-962a-4175-913c-165f557d799a","False","False","",,"Disabled","False","Microsoft;No OAuth grants","","","0"
"WinDefenderISOSAutomation_v2ANQj53ZhrhKrylXgGz/k9i0Uk6mV2Ab76Ote4EzOE=","542893f8-df4f-4485-a344-a505925af7ee","pass","False","False","True","False","Base-IT Intune.cc","spn","False","False",,,"a65f6b72-abef-4f0b-88d6-3256be9a72d1","False","False","False","False","False",,"Application","542893f8-df4f-4485-a344-a505925af7ee;https://spn/v2ANQj53ZhrhKrylXgGz%2fk9i0Uk6mV2Ab76Ote4EzOE%3d","False","False","",,"Disabled","True","Home Tenant;staleApps;No OAuth grants","","","0"
"RPA - Machine Management Relay Service - Application","db040338-7cb4-44df-a22b-785bde7ce0e2","pass","True","False","False","False","Microsoft Services",,"False","False",,,"f8cdef31-a31e-4b4a-93e4-5f571e91255a","True","True","False","False","False",,"Application","db040338-7cb4-44df-a22b-785bde7ce0e2","False","False","",,"Disabled","False","Microsoft;No OAuth grants","","","0"
"Microsoft Intune Enrollment","d4ebce55-015a-49b5-a083-c84d1797ae8c","pass","True","False","False","False","Microsoft Services","enterpriseenrollment-s.manage.microsoft.com","True","False",,,"f8cdef31-a31e-4b4a-93e4-5f571e91255a","True","True","False","False","False",,"Application","https://enterpriseenrollment-s.manage.microsoft.com;https://enterpriseenrollment-s.manage.microsoft.com/;https://enterpriseenrollment-s.manage-beta.microsoft.com;https://enterpriseenrollment-s.manage-beta.microsoft.com/;https://enterpriseenrollment-s.manage-selfhost.microsoft.com;https://enterpriseenrollment-s.manage-selfhost.microsoft.com/;https://enrollment.manage.microsoft.com;https://enrollment.manage.microsoft.com/;https://enrollment.manage-beta.microsoft.com;https://enrollment.manage-beta.microsoft.com/;https://enrollment.manage-selfhost.microsoft.com;https://enrollment.manage-selfhost.microsoft.com/;https://enterpriseenrollment-s.manage-test.microsoft.us;https://enterpriseenrollment-s.manage-test.microsoft.us/;https://enterpriseenrollment-s.manage-ppe.microsoft.us;https://enterpriseenrollment-s.manage-ppe.microsoft.us/;https://enterpriseenrollment-s.manage.microsoft.us;https://enterpriseenrollment-s.manage.microsoft.us/;https://enrollment.manage-test.microsoft.us;https://enrollment.manage-test.microsoft.us/;https://enrollment.manage-ppe.microsoft.us;https://enrollment.manage-ppe.microsoft.us/;https://enrollment.manage.microsoft.us;https://enrollment.manage.microsoft.us/;d4ebce55-015a-49b5-a083-c84d1797ae8c;https://enterpriseenrollment-s.manage-mig.microsoft.com;https://enterpriseenrollment-s.manage-mig.microsoft.com/;https://enrollment.manage-mig.microsoft.com;https://enrollment.manage-mig.microsoft.com/","True","False","",,"OpenID Connect","False","Microsoft;No OAuth grants","","","0"
"Azure Portal","c44b4083-3bb0-49c1-b47d-974e53cbdf3c","pass","True","False","False","False","Microsoft Services","portal.windowsazure.com","False","False",,,"f8cdef31-a31e-4b4a-93e4-5f571e91255a","True","True","False","False","False",,"Application","c44b4083-3bb0-49c1-b47d-974e53cbdf3c;https://portal.windowsazure.com/;https://onestb.cloudapp.net/;https://2.portal.windowsazure.com/;https://1.portal.windowsazure.com/","True","False","",,"OpenID Connect","False","Microsoft;No OAuth grants","","","0"
"AzureSupportCenter","37182072-3c9c-4f6a-a4b3-b3f91cacffce","pass","True","False","False","False","Microsoft Services",,"False","False",,,"f8cdef31-a31e-4b4a-93e4-5f571e91255a","True","True","False","False","False",,"Application","37182072-3c9c-4f6a-a4b3-b3f91cacffce","False","False","",,"OpenID Connect","False","Microsoft;No OAuth grants","","","0"
"Microsoft Defender for Cloud Apps MIP Server","0858ddce-8fca-4479-929b-4504feeed95e","pass","True","False","False","False","Microsoft Services",,"False","False",,,"f8cdef31-a31e-4b4a-93e4-5f571e91255a","True","True","False","False","False",,"Application","0858ddce-8fca-4479-929b-4504feeed95e","False","False","GitCreatedApp;disableLegacyUserImpersonationResource;disableLegacyUserImpersonationClient",,"Disabled","False","Microsoft;No OAuth grants","","","0"
"Dunloe Dataplane Service","89e7f920-bdc3-4e71-99e5-30d84827b610","pass","True","False","False","False","Microsoft Services","authorization.identity.core.microsoft","False","False",,,"f8cdef31-a31e-4b4a-93e4-5f571e91255a","True","True","False","False","False",,"Application","89e7f920-bdc3-4e71-99e5-30d84827b610;https://authorization.identity.core.microsoft","True","False","disableLegacyUserImpersonationClient;disableLegacyUserImpersonationResource;GitCreatedApp",,"Disabled","False","Microsoft;No OAuth grants","","","0"
"Azure Database for PostgreSQL Marlin","5ed8fe41-c1bc-4c06-a531-d91e1f1c2fac","pass","True","False","False","False","Microsoft Services",,"False","False",,,"f8cdef31-a31e-4b4a-93e4-5f571e91255a","True","True","False","False","False",,"Application","5ed8fe41-c1bc-4c06-a531-d91e1f1c2fac","False","False","",,"Disabled","False","Microsoft;No OAuth grants","","","0"
"BenefitsFD","09a984f4-014c-43de-ae0c-7ec73dc053d3","pass","True","False","False","False","Microsoft Services","microsoft.onmicrosoft.com","False","False",,,"f8cdef31-a31e-4b4a-93e4-5f571e91255a","True","True","False","False","False",,"Application","https://microsoft.onmicrosoft.com/bsxbenefits;09a984f4-014c-43de-ae0c-7ec73dc053d3","True","False","",,"OpenID Connect","False","Microsoft;No OAuth grants","","","0"
"intune.cc","6e240e78-7fe0-4f17-8544-b86f9db6304a","pass","False","False","True","False","Base-IT Intune.cc",,"False","False",,,"a65f6b72-abef-4f0b-88d6-3256be9a72d1","False","False","False","False","False",,"Application","6e240e78-7fe0-4f17-8544-b86f9db6304a","False","False","",,"Disabled","False","Home Tenant;No OAuth grants","","","0"
"Microsoft Parature Dynamics CRM","8909aac3-be91-470c-8a0b-ff09d669af91","pass","True","False","False","False","Microsoft Services",,"False","False",,,"f8cdef31-a31e-4b4a-93e4-5f571e91255a","True","True","False","False","False",,"Application","8909aac3-be91-470c-8a0b-ff09d669af91","False","False","",,"OpenID Connect","False","Microsoft;No OAuth grants","","","0"
"MyErbHa","6d94e260-b6e6-4b10-aa8d-4715fe0aa3b9","pass","False","False","True","True","Base-IT Intune.cc",,"False","False",,,"a65f6b72-abef-4f0b-88d6-3256be9a72d1","False","False","False","True","False",,"Application","6d94e260-b6e6-4b10-aa8d-4715fe0aa3b9","False","False","WindowsAzureActiveDirectoryIntegratedApp;HideApp",,"Disabled","True","Home Tenant;Hidden;staleApps;No OAuth grants","","","0"
"M365 Lighthouse API","4eaa7769-3cf1-458c-a693-e9827e39cc95","pass","True","False","False","False","Microsoft Services","4eaa7769-3cf1-458c-a693-e9827e39cc95","False","False",,,"f8cdef31-a31e-4b4a-93e4-5f571e91255a","True","True","False","False","False",,"Application","api://4eaa7769-3cf1-458c-a693-e9827e39cc95;4eaa7769-3cf1-458c-a693-e9827e39cc95","False","False","",,"Disabled","False","Microsoft;No OAuth grants","","","0"
"WindowsUpdate-Service","6f0478d5-61a3-4897-a2f2-de09a5a90c7f","pass","True","False","False","False","Microsoft Services",,"False","False","Microsoft Corporation","5206095","f8cdef31-a31e-4b4a-93e4-5f571e91255a","True","True","True","False","False",,"Application","6f0478d5-61a3-4897-a2f2-de09a5a90c7f","False","False","",,"Disabled","False","Microsoft;No OAuth grants","","","0"
"PurMa_Test_SP","e1ef4a3d-bdfb-406d-add3-ea83608e009f","pass","False","False","True","True","Base-IT Intune.cc",,"False","False",,,"a65f6b72-abef-4f0b-88d6-3256be9a72d1","False","False","False","True","False",,"Application","e1ef4a3d-bdfb-406d-add3-ea83608e009f","False","False","HideApp;WindowsAzureActiveDirectoryIntegratedApp",,"Disabled","True","Home Tenant;Hidden;staleApps;No OAuth grants","","","0"
"Microsoft Dynamics 365 Supply Chain Visibility","d6037e40-282c-493d-8f63-f255e36c6ef4","pass","True","False","False","False","Microsoft Services","scv.dynamics.com","False","False",,,"f8cdef31-a31e-4b4a-93e4-5f571e91255a","True","True","False","False","False",,"Application","https://scv.dynamics.com;d6037e40-282c-493d-8f63-f255e36c6ef4;https://digitalsupplychain.microsoft.com;https://windbladeservice.us-il109.gateway.prod.island.powerapps.com;https://windbladeservice.us-il108.gateway.prod.island.powerapps.com;https://windbladeservice.us-il107.gateway.prod.island.powerapps.com;https://windbladeservice.us-il106.gateway.prod.island.powerapps.com;https://windbladeservice.us-il105.gateway.prod.island.powerapps.com;https://windbladeservice.us-il104.gateway.prod.island.powerapps.com;https://windbladeservice.us-il103.gateway.prod.island.powerapps.com;https://windbladeservice.us-il102.gateway.prod.island.powerapps.com;https://windbladeservice.us-il101.gateway.prod.island.powerapps.com","True","False","",,"OpenID Connect","False","Microsoft;No OAuth grants","","","0"
"Azure Application Change Service","3edcf11f-df80-41b2-a5e4-7e213cca30d1","pass","True","False","False","False","Microsoft Services",,"False","False","Microsoft Corporation","5206095","f8cdef31-a31e-4b4a-93e4-5f571e91255a","True","True","True","False","False",,"Application","3edcf11f-df80-41b2-a5e4-7e213cca30d1","False","False","",,"OpenID Connect","False","Microsoft;No OAuth grants","","","0"
"Microsoft Teams Web Client","5e3ce6c0-2b1f-4285-8d4b-75ee78787346","pass","True","False","False","False","Microsoft Services","spaces.skype.com","False","False",,,"f8cdef31-a31e-4b4a-93e4-5f571e91255a","True","True","False","False","False",,"Application","https://spaces.skype.com;5e3ce6c0-2b1f-4285-8d4b-75ee78787346","False","False","",,"OpenID Connect","False","Microsoft;No OAuth grants","","","0"
"Metrics Monitor API","12743ff8-d3de-49d0-a4ce-6c91a4245ea0","pass","True","False","False","False","Microsoft Services",,"False","False","Microsoft Corporation","5206095","f8cdef31-a31e-4b4a-93e4-5f571e91255a","True","True","True","False","False",,"Application","12743ff8-d3de-49d0-a4ce-6c91a4245ea0","False","False","",,"OpenID Connect","False","Microsoft;No OAuth grants","","","0"
"Microsoft Rights Management Services Default","934d626a-1ead-4a36-a77d-12ec63b87a0d","pass","True","False","False","False","Microsoft Services",,"False","False",,,"f8cdef31-a31e-4b4a-93e4-5f571e91255a","True","True","False","False","False",,"Application","934d626a-1ead-4a36-a77d-12ec63b87a0d","False","False","disableLegacyUserImpersonationClient;disableLegacyUserImpersonationResource;GitCreatedApp",,"Disabled","False","Microsoft;No OAuth grants","","","0"
"BucDe_Test_Logs","533df730-f096-4aa7-8c21-41b04947f596","pass","False","False","True","False","Base-IT Intune.cc",,"False","False",,,"a65f6b72-abef-4f0b-88d6-3256be9a72d1","False","False","False","False","False",,"Application","533df730-f096-4aa7-8c21-41b04947f596","False","False","AzureArcSPN",,"Disabled","True","Home Tenant;staleApps;No OAuth grants","","","0"
"test","44202201-9675-412f-8bb3-798d549168bb","pass","False","False","True","False","Base-IT Intune.cc",,"False","False",,,"a65f6b72-abef-4f0b-88d6-3256be9a72d1","False","False","False","True","False",,"Application","44202201-9675-412f-8bb3-798d549168bb","False","False","WindowsAzureActiveDirectoryIntegratedApp",,"OpenID Connect","True","Home Tenant;staleApps;No OAuth grants","","","0"
"Customer Service Trial PVA","944861d3-5975-4f8b-afd4-3422c0b1b6ce","pass","True","False","False","False","Microsoft Services",,"False","False",,,"f8cdef31-a31e-4b4a-93e4-5f571e91255a","True","True","False","False","False",,"Application","944861d3-5975-4f8b-afd4-3422c0b1b6ce","False","False","",,"Disabled","False","Microsoft;No OAuth grants","","","0"
"AD Hybrid Health","6ea8091b-151d-447a-9013-6845b83ba57b","pass","True","False","False","False","Microsoft Services","prod.adhybridhealth.azure.com","True","False",,,"f8cdef31-a31e-4b4a-93e4-5f571e91255a","True","True","False","False","False",,"Application","https://prod.adhybridhealth.azure.com/;6ea8091b-151d-447a-9013-6845b83ba57b","True","False","",,"OpenID Connect","False","Microsoft;No OAuth grants","","","0"
"PPE-DataResidencyService","dc457883-bafe-4f8b-a333-29685e7eaa9e","pass","True","False","False","False","Microsoft Services",,"False","False",,,"f8cdef31-a31e-4b4a-93e4-5f571e91255a","True","True","False","False","False",,"Application","dc457883-bafe-4f8b-a333-29685e7eaa9e","False","False","GitCreatedApp;disableLegacyUserImpersonationResource;disableLegacyUserImpersonationClient",,"Disabled","False","Microsoft;No OAuth grants","","","0"
"Virtual Visits App","2b479c68-8d9b-4e27-9d85-5d74803de734","pass","True","False","False","False","Microsoft Services","healthcareppe.teams.microsoft.com","True","False",,,"f8cdef31-a31e-4b4a-93e4-5f571e91255a","True","True","False","False","False",,"Application","https://healthcareppe.teams.microsoft.com;https://healthcarestaging.teams.microsoft.com;https://healthcaredogfood.teams.microsoft.com;https://healthcare.teams.microsoft.com;2b479c68-8d9b-4e27-9d85-5d74803de734","True","False","",,"OpenID Connect","False","Microsoft;No OAuth grants","","","0"
"Microsoft Partner Center","fa3d9a0c-3fb0-42cc-9193-47c7ecd2edbd","pass","True","False","False","False","Microsoft Services","reseller.microsoft.com","True","False",,,"f8cdef31-a31e-4b4a-93e4-5f571e91255a","True","True","False","False","False",,"Application","https://reseller.microsoft.com;https://partnerapi.store.microsoft.com;https://partnercenterapi.store.microsoft.com;https://api.partnercenter.microsoft.com;fa3d9a0c-3fb0-42cc-9193-47c7ecd2edbd","True","False","",,"OpenID Connect","False","Microsoft;No OAuth grants","","","0"
"Microsoft Tunnel Gateway","3678c9e9-9681-447a-974d-d19f668fcd88","pass","True","False","False","False","Microsoft Services",,"False","False",,,"f8cdef31-a31e-4b4a-93e4-5f571e91255a","True","True","False","False","False",,"Application","3678c9e9-9681-447a-974d-d19f668fcd88","False","False","",,"Disabled","False","Microsoft;No OAuth grants","","","0"
"forpe-image-resource/projects/forpe-image","99d66aac-73e6-4aea-8014-e0a879d311eb","pass","True","False","False","False",,"identity.azure.net","True","False",,,,"False","False","False","False","False",,"ManagedIdentity","99d66aac-73e6-4aea-8014-e0a879d311eb;https://identity.azure.net/V5DiBHaaxG1PfxNyIDZ6dDcjFgPn3kQkBKyYYNqK6iU=","True","False","AgentCreatedBy:Foundry;AgenticInstance",,"Disabled","False","Microsoft;No OAuth grants","","","0"
"Bing","9ea1ad79-fdb6-4f9a-8bc3-2b70f96e34c7","pass","True","False","False","False","Microsoft Services","cn.bing.com","False","False",,,"f8cdef31-a31e-4b4a-93e4-5f571e91255a","True","True","False","False","False",,"Application","https://cn.bing.com;https://www.bing.com;https://2.bing.com;https://4.bing.com;https://6.bing.com;https://www2.bing.com;https://www4.bing.com;9ea1ad79-fdb6-4f9a-8bc3-2b70f96e34c7;https://msbbotservice.microsoft.com","True","False","",,"OpenID Connect","False","Microsoft;No OAuth grants","","","0"
"forpe-ai-shift-resource/projects/forpe-ai-shift","c94dbd3f-fd0c-4a51-b055-a6a20884119b","pass","True","False","False","False",,"identity.azure.net","True","False",,,,"False","False","False","False","False",,"ManagedIdentity","c94dbd3f-fd0c-4a51-b055-a6a20884119b;https://identity.azure.net/5TMny64zjxIL0SK9HMvZBWF3kV227bCqmP21z/UUMa4=","True","False","AgentCreatedBy:Foundry;AgenticInstance",,"Disabled","False","Microsoft;No OAuth grants","","","0"
"base-IT_SOC_mailnotification_template3","d9fa10c4-1d6f-43b8-8b8d-c6707315be5a","pass","True","False","False","False",,"identity.azure.net","True","False",,,,"False","False","False","False","False",,"ManagedIdentity","https://identity.azure.net/3RJCz8ZKPZcunnJc6LqebqiyIfjcv4P57URqjaQSNFY=;d9fa10c4-1d6f-43b8-8b8d-c6707315be5a","True","False","",,"Disabled","False","Microsoft;No OAuth grants","","","0"
"Narada Notification Service","51b5e278-ed7e-42c6-8787-7ff93e92f577","pass","True","False","False","False","Microsoft Services",,"False","False","Microsoft Corporation","5206095","f8cdef31-a31e-4b4a-93e4-5f571e91255a","True","True","True","False","False",,"Application","51b5e278-ed7e-42c6-8787-7ff93e92f577","False","False","GitCreatedApp;disableLegacyUserImpersonationResource;disableLegacyUserImpersonationClient",,"Disabled","False","Microsoft;No OAuth grants","","","0"
"CDS Web Server Role EUR","a7e8f2c4-6d72-44e6-9d34-3c19dbd6470b","pass","True","False","False","False","Microsoft Services",,"False","False","Microsoft Corporation","5206095","f8cdef31-a31e-4b4a-93e4-5f571e91255a","True","True","True","False","False",,"Application","a7e8f2c4-6d72-44e6-9d34-3c19dbd6470b","False","False","",,"Disabled","False","Microsoft;No OAuth grants","","","0"
"CCM TAGS","997dc448-eeab-4c93-8811-6b2c80196a16","pass","True","False","False","False","Microsoft Services",,"False","False","Microsoft Corporation","5206095","f8cdef31-a31e-4b4a-93e4-5f571e91255a","True","True","True","False","False",,"Application","997dc448-eeab-4c93-8811-6b2c80196a16","False","False","",,"OpenID Connect","False","Microsoft;No OAuth grants","","","0"
"Azure Search Management","408992c7-2af6-4ff1-92e3-65b73d2b5092","pass","True","False","False","False","Microsoft Services",,"False","False","Microsoft Corporation","5206095","f8cdef31-a31e-4b4a-93e4-5f571e91255a","True","True","True","False","False",,"Application","408992c7-2af6-4ff1-92e3-65b73d2b5092","False","False","",,"Disabled","False","Microsoft;No OAuth grants","","","0"
"IC3 Long Running Operations Service","21a8a852-89f4-4947-a374-b26b2db3d365","pass","True","False","False","False","Microsoft Services","lros.infra.teams.microsoft.com","True","False",,,"f8cdef31-a31e-4b4a-93e4-5f571e91255a","True","True","False","False","False",,"Application","https://lros.infra.teams.microsoft.com;21a8a852-89f4-4947-a374-b26b2db3d365","True","False","",,"OpenID Connect","False","Microsoft;No OAuth grants","","","0"
"Teams CMD Services Artifacts","6bc3b958-689b-49f5-9006-36d165f30e00","pass","True","False","False","False","Microsoft Services","teams.cloud.microsoft","False","False",,,"f8cdef31-a31e-4b4a-93e4-5f571e91255a","True","True","False","False","False",,"Application","6bc3b958-689b-49f5-9006-36d165f30e00;https://teams.cloud.microsoft/6bc3b958-689b-49f5-9006-36d165f30e00","True","False","",,"Disabled","False","Microsoft;No OAuth grants","","","0"
"TI-1P-APP","b6a1fec6-8029-456b-81ed-de7754615362","pass","True","False","False","False","Microsoft Services",,"False","False",,,"f8cdef31-a31e-4b4a-93e4-5f571e91255a","True","True","False","False","False",,"Application","b6a1fec6-8029-456b-81ed-de7754615362","False","False","disableLegacyUserImpersonationClient;disableLegacyUserImpersonationResource;GitCreatedApp",,"Disabled","False","Microsoft;No OAuth grants","","","0"
"Event Hub MSI App","6201d19e-14fb-4472-a2d6-5634a5c97568","pass","True","False","False","False","Microsoft Services",,"False","False",,,"f8cdef31-a31e-4b4a-93e4-5f571e91255a","True","True","False","False","False",,"Application","6201d19e-14fb-4472-a2d6-5634a5c97568","False","False","",,"Disabled","False","Microsoft;No OAuth grants","","","0"
"Capacity ","fbc197b7-9e9c-4f98-823f-93cb1cb554e6","pass","True","False","False","False","Microsoft Services",,"False","False",,,"f8cdef31-a31e-4b4a-93e4-5f571e91255a","True","True","False","False","False",,"Application","fbc197b7-9e9c-4f98-823f-93cb1cb554e6","False","False","disableLegacyUserImpersonationResource;disableLegacyUserImpersonationClient",,"Disabled","False","Microsoft;No OAuth grants","","","0"
"Euclid","2ca80e7c-4ad1-444f-88f5-58f92b71b7b0","pass","True","False","False","False","Microsoft Services","substrate.office.com","True","False","Microsoft Corporation","5206095","f8cdef31-a31e-4b4a-93e4-5f571e91255a","True","True","True","False","False",,"Application","2ca80e7c-4ad1-444f-88f5-58f92b71b7b0;https://substrate.office.com/euclid","True","False","",,"Disabled","False","Microsoft;No OAuth grants","","","0"
"Microsoft Threat Protection Bicep Extension","229c0a71-0789-4652-8054-3f547fcc66f0","pass","True","False","False","False","Microsoft Services","229c0a71-0789-4652-8054-3f547fcc66f0","False","False",,,"f8cdef31-a31e-4b4a-93e4-5f571e91255a","True","True","False","False","False",,"Application","229c0a71-0789-4652-8054-3f547fcc66f0;api://229c0a71-0789-4652-8054-3f547fcc66f0","False","False","disableLegacyUserImpersonationClient;disableLegacyUserImpersonationResource;GitCreatedApp",,"Disabled","False","Microsoft;No OAuth grants","","","0"
"Skype for Business Online","00000004-0000-0ff1-ce00-000000000000","pass","True","False","False","False","Microsoft Services","api.skypeforbusiness.com","False","False","Microsoft Corporation","5206095","f8cdef31-a31e-4b4a-93e4-5f571e91255a","True","True","True","False","False","00000004-0000-0ff1-ce00-000000000000","Application","https://api.skypeforbusiness.com/;00000004-0000-0ff1-ce00-000000000000;00000004-0000-0ff1-ce00-000000000000/*.online.lync.com;00000004-0000-0ff1-ce00-000000000000/*.infra.lync.com","False","False","",,"OpenID Connect","False","Microsoft;No OAuth grants","","","0"
"AZWEZNW01","5a81cd34-e8fd-4c6d-bb80-9b58dfa9ef4c","pass","True","False","False","False",,"identity.azure.net","True","False",,,,"False","False","False","False","False",,"ManagedIdentity","5a81cd34-e8fd-4c6d-bb80-9b58dfa9ef4c;https://identity.azure.net/tTBzDL6Kr1N1XYD14WYFJr+0I3CcHifKkpIytXa9j2E=","True","False","",,"Disabled","False","Microsoft;No OAuth grants","","","0"
"IC3 Modern Effective Config","f6e5c0c2-4746-4152-b162-91309d5556df","pass","True","False","False","False","Microsoft Services","mec.infra.teams.microsoft.com","True","False",,,"f8cdef31-a31e-4b4a-93e4-5f571e91255a","True","True","False","False","False",,"Application","https://mec.infra.teams.microsoft.com;f6e5c0c2-4746-4152-b162-91309d5556df","True","False","",,"Disabled","False","Microsoft;No OAuth grants","","","0"
"Add-IP-Entity-To-NSG","799d08c6-020a-4b83-a5d1-b34c25d41702","pass","True","False","False","False",,"identity.azure.net","True","False",,,,"False","False","False","False","False",,"ManagedIdentity","https://identity.azure.net/XBtInA9DVw2auM/nF8D6upSb7/zhYVpob27Tel6DoC0=;799d08c6-020a-4b83-a5d1-b34c25d41702","True","False","",,"Disabled","False","Microsoft;No OAuth grants","","","0"
"Azure Resource Graph","509e4652-da8d-478d-a730-e9d4a1996ca4","pass","True","False","False","False","Microsoft Services",,"False","False","Microsoft Corporation","5206095","f8cdef31-a31e-4b4a-93e4-5f571e91255a","True","True","True","False","False",,"Application","509e4652-da8d-478d-a730-e9d4a1996ca4","False","False","",,"OpenID Connect","False","Microsoft;No OAuth grants","","","0"
"checkmk","f78b6e9e-b695-408c-a372-c1187a583890","pass","True","False","False","False",,"identity.azure.net","True","False",,,,"False","False","False","False","False",,"ManagedIdentity","f78b6e9e-b695-408c-a372-c1187a583890;https://identity.azure.net/r14BLgeVk3XsDyxj4YU7IBprvDFfBM0OkzjT269YFeQ=","True","False","",,"Disabled","False","Microsoft;No OAuth grants","","","0"
"Azure Container Instance Service","6bb8e274-af5d-4df2-98a3-4fd78b4cafd9","pass","True","False","False","False","Microsoft Services",,"False","False","Microsoft Corporation","5206095","f8cdef31-a31e-4b4a-93e4-5f571e91255a","True","True","True","False","False",,"Application","6bb8e274-af5d-4df2-98a3-4fd78b4cafd9","False","False","",,"Disabled","False","Microsoft;No OAuth grants","","","0"
"baseitms.at","f50a6a6e-f5c0-4b0c-884f-f2262a17c168","pass","False","False","True","True","Base-IT Intune.cc",,"False","False",,,"a65f6b72-abef-4f0b-88d6-3256be9a72d1","False","False","False","True","False",,"Application","f50a6a6e-f5c0-4b0c-884f-f2262a17c168","False","False","HideApp;WindowsAzureActiveDirectoryIntegratedApp",,"Disabled","False","Home Tenant;Hidden;No OAuth grants","","","0"
"phishingProtection","cc02be07-ba9e-4e5d-8928-c26bcd652c29","pass","True","False","False","False",,"identity.azure.net","True","False",,,,"False","False","False","False","False",,"ManagedIdentity","https://identity.azure.net//Mb02yn8w0hVqy9glJwIo1y7oF6rLxHExUGLlG8cDgc=;cc02be07-ba9e-4e5d-8928-c26bcd652c29","True","False","",,"Disabled","False","Microsoft;No OAuth grants","","","0"
"Send-Teams-adaptive-card-on-incident-creation","5ac02054-261e-4331-a7db-6e7d4672289b","pass","True","False","False","False",,"identity.azure.net","True","False",,,,"False","False","False","False","False",,"ManagedIdentity","https://identity.azure.net/VjflTXWcfixW2HMbOx0kBERNqn4oUzMbPYss67rXeVY=;5ac02054-261e-4331-a7db-6e7d4672289b","True","False","",,"Disabled","False","Microsoft;No OAuth grants","","","0"
"forpe-4836_ai","f682d777-8c4f-4e24-aade-e1e864f07a84","pass","True","False","False","False",,"identity.azure.net","True","False",,,,"False","False","False","False","False",,"ManagedIdentity","f682d777-8c4f-4e24-aade-e1e864f07a84;https://identity.azure.net/OOAiOnNQhnUCcOnlpy8o7G+IPxUJSDwRQyo3mbQF3o0=","True","False","",,"Disabled","False","Microsoft;No OAuth grants","","","0"
"DataAssessments","30e5659d-7a97-4c66-8863-497f329ac280","pass","True","False","False","False","Microsoft Services","assessmentprd.trafficmanager.net","False","False",,,"f8cdef31-a31e-4b4a-93e4-5f571e91255a","True","True","False","False","False",,"Application","https://assessmentprd.trafficmanager.net;https://assessmentprod.trafficmanager.net;30e5659d-7a97-4c66-8863-497f329ac280;https://dataassessments.microsoft.com;https://assessmentppe.trafficmanager.net;https://assessment.trafficmanager.net;https://assessmentmsit.trafficmanager.net;https://assessmentsdf.trafficmanager.net","True","False","disableLegacyUserImpersonationClient;disableLegacyUserImpersonationResource;GitCreatedApp",,"Disabled","False","Microsoft;No OAuth grants","","","0"
"Weve","71a7c376-13e6-4100-968e-92ce98c5d3d2","pass","True","False","False","False","Microsoft Services","weveapp.onmicrosoft.com","False","False",,,"f8cdef31-a31e-4b4a-93e4-5f571e91255a","True","True","False","False","False",,"Application","https://weveapp.onmicrosoft.com/localhost;https://weveapp.onmicrosoft.com/firstparty;https://o365weve.com;https://O365weve-ppe.com;https://O365weve-dev.com;https://o365weve-gcc.com;71a7c376-13e6-4100-968e-92ce98c5d3d2","True","False","",,"OpenID Connect","False","Microsoft;No OAuth grants","","","0"
"forpe-ai-shift-resource","68313abc-5c9c-4e56-ab01-d4b0ca5bbeab","pass","True","False","False","False",,"identity.azure.net","True","False",,,,"False","False","False","False","False",,"ManagedIdentity","68313abc-5c9c-4e56-ab01-d4b0ca5bbeab;https://identity.azure.net/qlz9wHKC5xca20C4vAlX36DgnY8M/zU911wLArsAggg=","True","False","",,"Disabled","False","Microsoft;No OAuth grants","","","0"
"AI Builder Prod Non God Mode","be5f0473-6b57-40f8-b0a9-b3054b41b99e","pass","True","False","False","False","Microsoft Services","be5f0473-6b57-40f8-b0a9-b3054b41b99e","False","False",,,"f8cdef31-a31e-4b4a-93e4-5f571e91255a","True","True","False","False","False",,"Application","api://be5f0473-6b57-40f8-b0a9-b3054b41b99e;be5f0473-6b57-40f8-b0a9-b3054b41b99e","False","False","",,"Disabled","False","Microsoft;No OAuth grants","","","0"
"Safe Travels (Microsoft Copilot Studio)","ef73d990-84ee-4e41-a0d0-fbe7778a0b77","pass","False","False","False","False",,,"False","False",,,,"False","False","False","False","False",,"ServiceIdentity","ef73d990-84ee-4e41-a0d0-fbe7778a0b77","False","False","",,"Disabled","False","No OAuth grants","","","0"
"Microsoft events","e462442e-6682-465b-a31f-652a88bfbe51","pass","True","False","False","False","Microsoft","microsoft.onmicrosoft.com","False","False",,,"72f988bf-86f1-41af-91ab-2d7cd011db47","True","True","False","True","False",,"Application","e462442e-6682-465b-a31f-652a88bfbe51;https://microsoft.onmicrosoft.com/aef17311-1f14-4e06-939b-42c0bcff5520","True","False","WindowsAzureActiveDirectoryIntegratedApp",,"OpenID Connect","False","Microsoft;No OAuth grants","","","0"
"D365 Sales - Configuration Agent (Microsoft Copilot Studio)","bff1e971-b38b-4f98-9732-6f00b991b4d9","pass","False","False","True","False","Base-IT Intune.cc",,"False","False",,,"a65f6b72-abef-4f0b-88d6-3256be9a72d1","False","False","False","False","False",,"Application","bff1e971-b38b-4f98-9732-6f00b991b4d9","False","False","AgenticApp;AIAgentBuilder;AgentCreatedBy:CopilotStudio;AgenticInstance;power-virtual-agents-b150519c-df73-491b-c4cf-6257974efb92","This application is required to support messaging and authentication for an individual chatbot built with Power Virtual Agents. Power Platform Environment: '19dde003-f47b-e12b-bdf6-e963eddc0758', Bot Id: 'b150519c-df73-491b-c4cf-6257974efb92', More information: https://go.microsoft.com/fwlink/?linkid=2096220","Disabled","False","Home Tenant;No OAuth grants","","","0"
"Security Copilot","7b7f48f0-62d0-4183-b9ad-c2b6b4fd7aff","pass","True","False","False","False","Microsoft Services",,"False","False",,,"f8cdef31-a31e-4b4a-93e4-5f571e91255a","True","True","False","False","False",,"Application","7b7f48f0-62d0-4183-b9ad-c2b6b4fd7aff","False","False","",,"OpenID Connect","False","Microsoft;No OAuth grants","","","0"
"D365 Sales Agent - TCP Prefill Agent (Microsoft Copilot Studio)","62c1ca8b-a02a-4f80-8d6c-a11c0627cada","pass","False","False","True","False","Base-IT Intune.cc",,"False","False",,,"a65f6b72-abef-4f0b-88d6-3256be9a72d1","False","False","False","False","False",,"Application","62c1ca8b-a02a-4f80-8d6c-a11c0627cada","False","False","AgenticApp;AIAgentBuilder;AgentCreatedBy:CopilotStudio;AgenticInstance;power-virtual-agents-8d4e0dcf-ab8c-48fe-e848-b17e66ddb0f3","This application is required to support messaging and authentication for an individual chatbot built with Power Virtual Agents. Power Platform Environment: '19dde003-f47b-e12b-bdf6-e963eddc0758', Bot Id: '8d4e0dcf-ab8c-48fe-e848-b17e66ddb0f3', More information: https://go.microsoft.com/fwlink/?linkid=2096220","Disabled","False","Home Tenant;No OAuth grants","","","0"
"Microsoft Teams Platform Monetization","bf61aded-9a54-4603-be22-84d20158607b","pass","True","False","False","False","Microsoft Services","teamsappmonet.prod.teams.microsoft.com","True","False",,,"f8cdef31-a31e-4b4a-93e4-5f571e91255a","True","True","False","False","False",,"Application","bf61aded-9a54-4603-be22-84d20158607b;https://teamsappmonet.prod.teams.microsoft.com","True","False","",,"OpenID Connect","False","Microsoft;No OAuth grants","","","0"
"D365 Sales Agent - Company Resolver (Microsoft Copilot Studio)","cffa946d-e096-499b-90dc-44469b011ad0","pass","False","False","True","False","Base-IT Intune.cc",,"False","False",,,"a65f6b72-abef-4f0b-88d6-3256be9a72d1","False","False","False","False","False",,"Application","cffa946d-e096-499b-90dc-44469b011ad0","False","False","AgenticApp;AIAgentBuilder;AgentCreatedBy:CopilotStudio;AgenticInstance;power-virtual-agents-6ffffce8-d037-0451-51a5-8b559ea1362d","This application is required to support messaging and authentication for an individual chatbot built with Power Virtual Agents. Power Platform Environment: '19dde003-f47b-e12b-bdf6-e963eddc0758', Bot Id: '6ffffce8-d037-0451-51a5-8b559ea1362d', More information: https://go.microsoft.com/fwlink/?linkid=2096220","Disabled","False","Home Tenant;No OAuth grants","","","0"
"Microsoft Defender for Cloud CIEM","a70c8393-7c0c-4c1e-916a-811bd476ee11","pass","True","False","False","False","Microsoft Services",,"False","False",,,"f8cdef31-a31e-4b4a-93e4-5f571e91255a","True","True","False","False","False",,"Application","a70c8393-7c0c-4c1e-916a-811bd476ee11","False","False","disableLegacyUserImpersonationResource;disableLegacyUserImpersonationClient",,"Disabled","False","Microsoft;No OAuth grants","","","0"
"ATHQHCI02","ae45521c-7dba-4677-9ccd-90fb0c5a6d4c","pass","True","False","False","False",,"identity.azure.net","True","False",,,,"False","False","False","False","False",,"ManagedIdentity","ae45521c-7dba-4677-9ccd-90fb0c5a6d4c;https://identity.azure.net/+y1+iorRV4SwvwDSQAsFs2pby3ekMsOwg17YVfrWtRQ=","True","False","",,"Disabled","False","Microsoft;No OAuth grants","","","0"
"Branch Connect Web Service","57084ef3-d413-4087-a28f-f6f3b1ad7786","pass","True","False","False","False","Microsoft Services","bcws.office.com","True","False",,,"f8cdef31-a31e-4b4a-93e4-5f571e91255a","True","True","False","False","False",,"Application","https://bcws.office.com;57084ef3-d413-4087-a28f-f6f3b1ad7786","True","False","",,"Disabled","False","Microsoft;No OAuth grants","","","0"
"EdgeConfigurationManagerApp","cba491bc-48c0-44a6-a6c7-23362a7f54a9","pass","True","False","False","False","Microsoft Services",,"False","False",,,"f8cdef31-a31e-4b4a-93e4-5f571e91255a","True","True","False","False","False",,"Application","cba491bc-48c0-44a6-a6c7-23362a7f54a9","False","False","disableLegacyUserImpersonationClient;disableLegacyUserImpersonationResource;GitCreatedApp",,"Disabled","False","Microsoft;No OAuth grants","","","0"
"Entra App Platform System Application","35e5e31d-b3e8-442b-9a8d-2f81f46938cf","pass","True","False","False","False","Microsoft Services",,"False","False",,,"f8cdef31-a31e-4b4a-93e4-5f571e91255a","True","True","False","False","False",,"Application","35e5e31d-b3e8-442b-9a8d-2f81f46938cf","False","False","disableLegacyUserImpersonationClient;disableLegacyUserImpersonationResource;GitCreatedApp",,"Disabled","False","Microsoft;No OAuth grants","","","0"
"Customer Service Operations Agent (Microsoft Copilot Studio)","eb919032-0bf8-41e5-9a2f-5a341e6b788a","pass","False","False","True","False","Base-IT Intune.cc",,"False","False",,,"a65f6b72-abef-4f0b-88d6-3256be9a72d1","False","False","False","False","False",,"Application","eb919032-0bf8-41e5-9a2f-5a341e6b788a","False","False","AgenticApp;AIAgentBuilder;AgentCreatedBy:CopilotStudio;AgenticInstance;power-virtual-agents-74a7f49f-c858-d4eb-d4ae-38d31f59bc8e","This application is required to support messaging and authentication for an individual chatbot built with Power Virtual Agents. Power Platform Environment: '19dde003-f47b-e12b-bdf6-e963eddc0758', Bot Id: '74a7f49f-c858-d4eb-d4ae-38d31f59bc8e', More information: https://go.microsoft.com/fwlink/?linkid=2096220","Disabled","False","Home Tenant;No OAuth grants","","","0"
"Cloud Infrastructure Entitlement Management","b46c3ac5-9da6-418f-a849-0a07a10b3c6c","pass","True","False","False","False","Microsoft Services","epm.azure.us","False","False",,,"f8cdef31-a31e-4b4a-93e4-5f571e91255a","True","True","False","False","False",,"Application","b46c3ac5-9da6-418f-a849-0a07a10b3c6c;https://epm.azure.us","False","False","",,"OpenID Connect","False","Microsoft;No OAuth grants","","","0"
"Substrate-FileWatcher","fbb0ac1a-82dd-478b-a0e5-0b2b98ef38fe","pass","True","False","False","False","Microsoft Services",,"False","False",,,"f8cdef31-a31e-4b4a-93e4-5f571e91255a","True","True","False","False","False",,"Application","fbb0ac1a-82dd-478b-a0e5-0b2b98ef38fe","False","False","",,"Disabled","False","Microsoft;No OAuth grants","","","0"
"Azure AD Application Proxy","47ee738b-3f1a-4fc7-ab11-37e4822b007e","pass","True","False","False","False","Microsoft Services","nam1.msgraph.msappproxy.net","False","False",,,"f8cdef31-a31e-4b4a-93e4-5f571e91255a","True","True","False","False","False",,"Application","https://nam1.msgraph.msappproxy.net:8082/;https://nam1.msgraph.msappproxy.net/;https://eur1.msgraph.msappproxy.net:8082/;https://eur1.msgraph.msappproxy.net/;https://asia1.msgraph.msappproxy.net:8082/;https://asia1.msgraph.msappproxy.net/;https://aus1.msgraph.msappproxy.net:8082/;https://aus1.msgraph.msappproxy.net/;https://wcus1.msgraph.msappproxy.net:8082/;https://wcus1.msgraph.msappproxy.net/;https://canary.msgraph.msappproxy.net:8082/;https://canary.msgraph.msappproxy.net/;https://proxy.cloudwebappproxy.net/registerapp;https://public.msgraph.msappproxy.net/;https://public.msgraph.msappproxy.net:8082/;47ee738b-3f1a-4fc7-ab11-37e4822b007e;https://cloudwebappproxy.net/","False","False","",,"OpenID Connect","False","Microsoft;No OAuth grants","","","0"
"Microsoft To-Do","c830ddb0-63e6-4f22-bd71-2ad47198a23e","pass","True","False","False","False","Microsoft Services","substrate.office.com","True","False",,,"f8cdef31-a31e-4b4a-93e4-5f571e91255a","True","True","False","False","False",,"Application","c830ddb0-63e6-4f22-bd71-2ad47198a23e;https://substrate.office.com/todo","True","False","",,"OpenID Connect","False","Microsoft;No OAuth grants","","","0"
"increase_severity_on_high_alert_count","0a86368e-03be-4658-b6b8-368058edcf69","pass","True","False","False","False",,"identity.azure.net","True","False",,,,"False","False","False","False","False",,"ManagedIdentity","https://identity.azure.net/fB4Gp13TfsOmaAGuUGKOV2T8LP1r1XE8IFkHbOWNRhU=;0a86368e-03be-4658-b6b8-368058edcf69","True","False","",,"Disabled","False","Microsoft;No OAuth grants","","","0"
"wahpa-2274-tests-resource-wahpa-2274-tests-AgentIdentity","f3150105-eca1-4e44-9178-98c5951c7b65","pass","False","False","False","False",,,"False","False",,,,"False","False","False","False","False",,"ServiceIdentity","f3150105-eca1-4e44-9178-98c5951c7b65","False","False","",,"Disabled","False","No OAuth grants","","","0"
"Modern Workplace App Diagnostic Authenticator","e036f41b-7edf-47ee-b373-b4b374a2e33c","pass","True","False","False","False","Microsoft Services",,"False","False",,,"f8cdef31-a31e-4b4a-93e4-5f571e91255a","True","True","False","False","False",,"Application","e036f41b-7edf-47ee-b373-b4b374a2e33c","False","False","",,"OpenID Connect","False","Microsoft;No OAuth grants","","","0"
"O365 LinkedIn Connection","f569b9c7-be15-4e87-86f7-87d30d02090b","pass","False","False","False","False",,,"False","False",,,,"False","False","False","False","False",,"SocialIdp","urn:linkedin:clientid:773xh4n6857o29;urn:linkedin:appurn:urn:li:developerApplication:10145103;f569b9c7-be15-4e87-86f7-87d30d02090b","False","False","",,"Disabled","False","No OAuth grants","","","0"
"ZTNA Policy Service Client","ca01d00c-bfd6-46d6-ae7d-be5b5267d037","pass","True","False","False","False","Microsoft Services",,"False","False",,,"f8cdef31-a31e-4b4a-93e4-5f571e91255a","True","True","False","False","False",,"Application","ca01d00c-bfd6-46d6-ae7d-be5b5267d037","False","False","disableLegacyUserImpersonationClient;disableLegacyUserImpersonationResource",,"OpenID Connect","False","Microsoft;No OAuth grants","","","0"
"AAD Request Verification Service - PROD","c728155f-7b2a-4502-a08b-b8af9b269319","pass","True","False","False","False","Microsoft Services","aadrvs-tip.msidentity.com","False","False",,,"f8cdef31-a31e-4b4a-93e4-5f571e91255a","True","True","False","False","False",,"Application","https://aadrvs-tip.msidentity.com/;https://aadrvs.msidentity.com/;c728155f-7b2a-4502-a08b-b8af9b269319","False","False","",,"OpenID Connect","False","Microsoft;No OAuth grants","","","0"
"Intune.CC-misp2sentinel.","bca9791c-7407-4606-87e9-6c228aeb3a94","pass","False","False","True","False","Base-IT Intune.cc",,"False","False",,,"a65f6b72-abef-4f0b-88d6-3256be9a72d1","False","False","False","True","False",,"Application","bca9791c-7407-4606-87e9-6c228aeb3a94","False","False","WindowsAzureActiveDirectoryCustomSingleSignOnApplication;WindowsAzureActiveDirectoryIntegratedApp",,"Disabled","True","Home Tenant;staleApps;No OAuth grants","","","0"
"Azure Advisor","c39c9bac-9d1f-4dfb-aa29-27f6365e5cb7","pass","True","False","False","False","Microsoft Services","azureadvisortest.msftcloudes.com","False","False",,,"f8cdef31-a31e-4b4a-93e4-5f571e91255a","True","True","False","False","False",,"Application","c39c9bac-9d1f-4dfb-aa29-27f6365e5cb7;https://azureadvisortest.msftcloudes.com;https://azureadvisor.msftcloudes.com","False","False","",,"Disabled","False","Microsoft;No OAuth grants","","","0"
"svatcore01","af4f9837-54a7-4170-aa26-3cad79a8fac4","pass","True","False","False","False",,"identity.azure.net","True","False",,,,"False","False","False","False","False",,"ManagedIdentity","https://identity.azure.net/+N2t+otk+buq9qg/gLiiENRc/wn6Prk6y0xnUWR2eA0=;af4f9837-54a7-4170-aa26-3cad79a8fac4","True","False","",,"Disabled","False","Microsoft;No OAuth grants","","","0"
"Persönlicher Produktivitätsassistent (Microsoft Copilot Studio)","f4012665-11d6-46a5-a1c6-e6c2bd2ddd41","pass","False","False","False","False",,,"False","False",,,,"False","False","False","False","False",,"ServiceIdentity","f4012665-11d6-46a5-a1c6-e6c2bd2ddd41","False","False","",,"Disabled","False","No OAuth grants","","","0"
"michaela-gen-testing-26-resource/projects/michaela-gen-testing-2601","28558584-40cc-475d-9106-c04212ea66c1","pass","True","False","False","False",,"identity.azure.net","True","False",,,,"False","False","False","False","False",,"ManagedIdentity","28558584-40cc-475d-9106-c04212ea66c1;https://identity.azure.net/RxpZ03MR7kdbAkNt8R5W85V5pJZurTzaBmrfPCBE3WU=","True","False","AgentCreatedBy:Foundry;AgenticInstance",,"Disabled","False","Microsoft;No OAuth grants","","","0"
"IDML Graph Resolver Service and CAD","d88a361a-d488-4271-a13f-a83df7dd99c2","pass","True","False","False","False","Microsoft Services","serresappisv.onmicrosoft.com","False","False",,,"f8cdef31-a31e-4b4a-93e4-5f571e91255a","True","True","False","False","False",,"Application","https://serresappisv.onmicrosoft.com/SerresProd;https://aadinsights.azure.com/prod;d88a361a-d488-4271-a13f-a83df7dd99c2","True","False","",,"OpenID Connect","False","Microsoft;No OAuth grants","","","0"
"AzS VIS Prod App","a766fecb-91ef-4d42-8bd3-41a61b3eb0e5","pass","True","False","False","False","Microsoft Services",,"False","False","Microsoft Corporation","5206095","f8cdef31-a31e-4b4a-93e4-5f571e91255a","True","True","True","False","False",,"Application","a766fecb-91ef-4d42-8bd3-41a61b3eb0e5","False","False","disableLegacyUserImpersonationClient;disableLegacyUserImpersonationResource;GitCreatedApp",,"Disabled","False","Microsoft;No OAuth grants","","","0"
"Microsoft Azure Network Copilot","40c49ff3-c6ae-436d-b28e-b8e268841980","pass","True","False","False","False","Microsoft Services",,"False","False",,,"f8cdef31-a31e-4b4a-93e4-5f571e91255a","True","True","False","False","False",,"Application","40c49ff3-c6ae-436d-b28e-b8e268841980","False","False","GitCreatedApp;disableLegacyUserImpersonationResource;disableLegacyUserImpersonationClient",,"Disabled","False","Microsoft;No OAuth grants","","","0"
"ForPe-Receipt-Processing-Demo (Microsoft Copilot Studio)","0ae035cb-33c9-47c6-803a-fff4af93061c","pass","False","False","True","False","Base-IT Intune.cc",,"False","False",,,"a65f6b72-abef-4f0b-88d6-3256be9a72d1","False","False","False","False","False",,"Application","0ae035cb-33c9-47c6-803a-fff4af93061c","False","False","AgenticApp;AIAgentBuilder;AgentCreatedBy:CopilotStudio;AgenticInstance;power-virtual-agents-36d13337-08ad-e528-3b36-cb537a91d4b4","This application is required to support messaging and authentication for an individual chatbot built with Power Virtual Agents. Power Platform Environment: '035a17de-c1e1-e6f2-abe2-ee8e69d5c556', Bot Id: '36d13337-08ad-e528-3b36-cb537a91d4b4', More information: https://go.microsoft.com/fwlink/?linkid=2096220","Disabled","False","Home Tenant;No OAuth grants","","","0"
"AML Registries","44b7b882-eb46-485c-9c78-686f6b67b176","pass","True","False","False","False","Microsoft Services",,"False","False","Microsoft Corporation","5206095","f8cdef31-a31e-4b4a-93e4-5f571e91255a","True","True","True","False","False",,"Application","44b7b882-eb46-485c-9c78-686f6b67b176","False","False","",,"Disabled","False","Microsoft;No OAuth grants","","","0"
"Microsoft Command Service","19686ca6-5324-4571-a231-77e026b0e06f","pass","True","False","False","False","Microsoft Services","cdpcs.access.microsoft.com","True","False",,,"f8cdef31-a31e-4b4a-93e4-5f571e91255a","True","True","False","False","False",,"Application","https://cdpcs.access.microsoft.com;19686ca6-5324-4571-a231-77e026b0e06f","True","False","",,"OpenID Connect","False","Microsoft;No OAuth grants","","","0"
"Exchange Rbac","789e8929-0390-42a2-8934-0f9dafb8ec89","pass","True","False","False","False","Microsoft Services",,"False","False",,,"f8cdef31-a31e-4b4a-93e4-5f571e91255a","True","True","False","False","False",,"Application","789e8929-0390-42a2-8934-0f9dafb8ec89","False","False","disableLegacyUserImpersonationResource;disableLegacyUserImpersonationClient",,"Disabled","False","Microsoft;No OAuth grants","","","0"
"Gatekeeper PPE App","5a8800f2-f31d-4654-9bed-f5b368c703f8","pass","True","False","False","False","Microsoft Services",,"False","False",,,"f8cdef31-a31e-4b4a-93e4-5f571e91255a","True","True","False","False","False",,"Application","5a8800f2-f31d-4654-9bed-f5b368c703f8","False","False","GitCreatedApp;disableLegacyUserImpersonationResource;disableLegacyUserImpersonationClient",,"Disabled","False","Microsoft;No OAuth grants","","","0"
"Teams Application Gateway","8a753eec-59bc-4c6a-be91-6bf7bfe0bcdf","pass","True","False","False","False","Microsoft Services","teams.office.com","True","False",,,"f8cdef31-a31e-4b4a-93e4-5f571e91255a","True","True","False","False","False",,"Application","https://teams.office.com/;https://teams.office.com;8a753eec-59bc-4c6a-be91-6bf7bfe0bcdf","True","False","",,"OpenID Connect","False","Microsoft;No OAuth grants","","","0"
"AzureBackupReporting","3b2fa68d-a091-48c9-95be-88d572e08fb7","pass","True","False","False","False","Microsoft Services",,"False","False",,,"f8cdef31-a31e-4b4a-93e4-5f571e91255a","True","True","False","False","False",,"Application","3b2fa68d-a091-48c9-95be-88d572e08fb7","False","False","disableRequestingTenantedPassthroughTokens;disableAcceptingTenantedPassthroughTokens",,"Disabled","False","Microsoft;No OAuth grants","","","0"
"Office 365 Configure","aa9ecb1e-fd53-4aaa-a8fe-7a54de2c1334","pass","True","False","False","False","Microsoft Services","configure.office.net","False","False",,,"f8cdef31-a31e-4b4a-93e4-5f571e91255a","True","True","False","False","False",,"Application","aa9ecb1e-fd53-4aaa-a8fe-7a54de2c1334;aa9ecb1e-fd53-4aaa-a8fe-7a54de2c1334/configure.office.net","False","False","",,"Disabled","False","Microsoft;No OAuth grants","","","0"
"Microsoft Entra AD Synchronization Service","6bf85cfa-ac8a-4be5-b5de-425a0d0dc016","pass","True","False","False","False","Microsoft Services",,"False","False",,,"f8cdef31-a31e-4b4a-93e4-5f571e91255a","True","True","False","False","False",,"Application","6bf85cfa-ac8a-4be5-b5de-425a0d0dc016","False","False","disableLegacyUserImpersonationClient;disableLegacyUserImpersonationResource;GitCreatedApp",,"Disabled","False","Microsoft;No OAuth grants","","","0"
"Microsoft Teams ATP Service","0fa37baf-7afc-4baf-ab2d-d5bb891d53ef","pass","True","False","False","False","Microsoft Services",,"False","False",,,"f8cdef31-a31e-4b4a-93e4-5f571e91255a","True","True","False","False","False",,"Application","0fa37baf-7afc-4baf-ab2d-d5bb891d53ef","False","False","",,"Disabled","False","Microsoft;No OAuth grants","","","0"
"Hybrid RP Application","d2a590e7-6906-4a45-8f41-cecfdca9bca1","pass","True","False","False","False","Microsoft Services",,"False","False",,,"f8cdef31-a31e-4b4a-93e4-5f571e91255a","True","True","False","False","False",,"Application","d2a590e7-6906-4a45-8f41-cecfdca9bca1","False","False","",,"Disabled","False","Microsoft;No OAuth grants","","","0"
"Stakeholder Agent (Microsoft Copilot Studio)","829954a7-a2be-4fdc-8bff-0dd7cc57e36b","pass","False","False","True","False","Base-IT Intune.cc",,"False","False",,,"a65f6b72-abef-4f0b-88d6-3256be9a72d1","False","False","False","False","False",,"Application","829954a7-a2be-4fdc-8bff-0dd7cc57e36b","False","False","AgenticApp;AIAgentBuilder;AgentCreatedBy:CopilotStudio;AgenticInstance;power-virtual-agents-b3f544b1-a7a7-1bbc-086e-abd40444a4c2","This application is required to support messaging and authentication for an individual chatbot built with Power Virtual Agents. Power Platform Environment: '19dde003-f47b-e12b-bdf6-e963eddc0758', Bot Id: 'b3f544b1-a7a7-1bbc-086e-abd40444a4c2', More information: https://go.microsoft.com/fwlink/?linkid=2096220","Disabled","False","Home Tenant;No OAuth grants","","","0"
"Microsoft Power Platform Service - PROD","e64bd61e-5424-451f-b666-e02ee2878437","pass","True","False","False","False","Microsoft Services","vnet.powerplatform.microsoft.com","True","False","Microsoft Corporation","5206095","f8cdef31-a31e-4b4a-93e4-5f571e91255a","True","True","True","False","False",,"Application","e64bd61e-5424-451f-b666-e02ee2878437;https://vnet.powerplatform.microsoft.com","True","False","",,"Disabled","False","Microsoft;No OAuth grants","","","0"
"Bot Service Resource Provider","e6650347-047f-4e51-9386-839384472ea5","pass","True","False","False","False","Microsoft Services",,"False","False","Microsoft Corporation","5206095","f8cdef31-a31e-4b4a-93e4-5f571e91255a","True","True","True","False","False",,"Application","e6650347-047f-4e51-9386-839384472ea5","False","False","",,"Disabled","False","Microsoft;No OAuth grants","","","0"
"Hybrid Compute Update Status writer","883ac4af-4bcf-49a6-b5e5-8f552b803bc4","pass","True","False","False","False","Microsoft Services",,"False","False","Microsoft Corporation","5206095","f8cdef31-a31e-4b4a-93e4-5f571e91255a","True","True","True","False","False",,"Application","883ac4af-4bcf-49a6-b5e5-8f552b803bc4","False","False","GitCreatedApp;disableLegacyUserImpersonationResource;disableLegacyUserImpersonationClient",,"Disabled","False","Microsoft;No OAuth grants","","","0"
"ATHQAPP01","e83a1a0c-ad4b-47bc-b00c-7f09221916b0","pass","True","False","False","False",,"identity.azure.net","True","False",,,,"False","False","False","False","False",,"ManagedIdentity","e83a1a0c-ad4b-47bc-b00c-7f09221916b0;https://identity.azure.net/nTjRk6UyWyXoMeNNav6sw2cRZTlAUPhRVPaSA37wUSk=","True","False","",,"Disabled","False","Microsoft;No OAuth grants","","","0"
"Microsoft App Access Panel","0000000c-0000-0000-c000-000000000000","pass","True","False","False","False","Microsoft Services","activedirectory.windowsazure.com","False","False",,,"f8cdef31-a31e-4b4a-93e4-5f571e91255a","True","True","False","False","False",,"Application","0000000c-0000-0000-c000-000000000000;0000000c-0000-0000-c000-000000000000/activedirectory.windowsazure.com","True","False","",,"OpenID Connect","False","Microsoft;No OAuth grants","","","0"
"Windows 365","0af06dc6-e4b5-4f28-818e-e78e62d137a5","pass","True","False","False","False","Microsoft Services","deschutes.microsoft.com","True","False","Microsoft Corporation","5206095","f8cdef31-a31e-4b4a-93e4-5f571e91255a","True","True","True","False","False",,"Application","https://deschutes.microsoft.com;0af06dc6-e4b5-4f28-818e-e78e62d137a5","True","False","",,"Disabled","False","Microsoft;No OAuth grants","","","0"
"IC3 Modern Effective Config Worker","481115cb-6d15-4cc0-8caf-f2fee7bfbd2b","pass","True","False","False","False","Microsoft Services",,"False","False",,,"f8cdef31-a31e-4b4a-93e4-5f571e91255a","True","True","False","False","False",,"Application","481115cb-6d15-4cc0-8caf-f2fee7bfbd2b","False","False","",,"Disabled","False","Microsoft;No OAuth grants","","","0"
"Azure Vmware Solutions RP Internal","abbab087-6193-40ef-a96c-6be85a5f43a0","pass","True","False","False","False","Microsoft Services",,"False","False",,,"f8cdef31-a31e-4b4a-93e4-5f571e91255a","True","True","False","False","False",,"Application","abbab087-6193-40ef-a96c-6be85a5f43a0","False","False","disableLegacyUserImpersonationClient;disableLegacyUserImpersonationResource;GitCreatedApp",,"Disabled","False","Microsoft;No OAuth grants","","","0"
"Token2 Account Login","8dd0896d-56b1-46bc-ba40-7ab96455ec58","pass","False","True","False","False","TOKEN2 Multifactor authentication products and services",,"False","False","Token2 Sàrl","6628011","dbb595ac-ef57-4d1f-b9db-09d7b985ce1d","False","False","False","True","False",,"Application","8dd0896d-56b1-46bc-ba40-7ab96455ec58","False","False","WindowsAzureActiveDirectoryIntegratedApp",,"OpenID Connect","False","3rd Party;No OAuth grants","","","0"
"ChatMigrationService1P","3af5adde-460d-4bc1-ada0-fc648af8fefb","pass","True","False","False","False","Microsoft Services","cms.msg.teams.microsoft.com","True","False",,,"f8cdef31-a31e-4b4a-93e4-5f571e91255a","True","True","False","False","False",,"Application","https://cms.msg.teams.microsoft.com;3af5adde-460d-4bc1-ada0-fc648af8fefb","True","False","",,"Disabled","False","Microsoft;No OAuth grants","","","0"
"Partner Customer Delegated Admin Offline Processor","a3475900-ccec-4a69-98f5-a65cd5dc5306","pass","True","False","False","False","Microsoft Services",,"False","False",,,"f8cdef31-a31e-4b4a-93e4-5f571e91255a","True","True","False","False","False",,"Application","a3475900-ccec-4a69-98f5-a65cd5dc5306","False","False","",,"Disabled","False","Microsoft;No OAuth grants","","","0"
"PowerPlatform-a365teamsmcp-Connector","849933cc-a3cb-4c0d-9626-dfcf22f1677c","pass","True","False","False","False","Microsoft Services",,"False","False",,,"f8cdef31-a31e-4b4a-93e4-5f571e91255a","True","True","False","False","False",,"Application","849933cc-a3cb-4c0d-9626-dfcf22f1677c","False","False","disableLegacyUserImpersonationClient;disableLegacyUserImpersonationResource;GitCreatedApp",,"OpenID Connect","False","Microsoft;No OAuth grants","","","0"
"Partner Customer Delegated Administration","2832473f-ec63-45fb-976f-5d45a7d4bb91","pass","True","False","False","False","Microsoft Services","api.partnercustomeradministration.microsoft.com","True","False",,,"f8cdef31-a31e-4b4a-93e4-5f571e91255a","True","True","False","False","False",,"Application","https://api.partnercustomeradministration.microsoft.com;2832473f-ec63-45fb-976f-5d45a7d4bb91","True","False","disableLegacyUserImpersonationResource",,"Disabled","False","Microsoft;No OAuth grants","","","0"
"Agent 3 (Microsoft Copilot Studio)","8797646f-7c9b-4d9d-a473-12c96e6fc134","pass","False","False","True","False","Base-IT Intune.cc",,"False","False",,,"a65f6b72-abef-4f0b-88d6-3256be9a72d1","False","False","False","False","False",,"Application","8797646f-7c9b-4d9d-a473-12c96e6fc134","False","False","AgenticApp;AIAgentBuilder;AgentCreatedBy:CopilotStudio;AgenticInstance;power-virtual-agents-e36ae1a0-3006-2bef-0735-9b1f19b0403b","This application is required to support messaging and authentication for an individual chatbot built with Power Virtual Agents. Power Platform Environment: 'Default-a65f6b72-abef-4f0b-88d6-3256be9a72d1', Bot Id: 'e36ae1a0-3006-2bef-0735-9b1f19b0403b', More information: https://go.microsoft.com/fwlink/?linkid=2096220","Disabled","False","Home Tenant;No OAuth grants","","","0"
"Microsoft Whiteboard Services","95de633a-083e-42f5-b444-a4295d8e9314","pass","True","False","False","False","Microsoft Services","whiteboard.svc.cloud.microsoft","False","False","Microsoft Corporation","5206095","f8cdef31-a31e-4b4a-93e4-5f571e91255a","True","True","True","False","False",,"Application","https://whiteboard.svc.cloud.microsoft;https://whiteboard.microsoft.com;95de633a-083e-42f5-b444-a4295d8e9314","True","False","",,"OpenID Connect","False","Microsoft;No OAuth grants","","","0"
"Azure Healthcare APIs","4f6778d8-5aef-43dc-a1ff-b073724b9495","pass","True","False","False","False","Microsoft Services","azurehealthcareapis.com","False","False",,,"f8cdef31-a31e-4b4a-93e4-5f571e91255a","True","True","False","False","False",,"Application","4f6778d8-5aef-43dc-a1ff-b073724b9495;https://azurehealthcareapis.com;https://fhir.azurehealthcareapis.com","False","False","",,"Disabled","False","Microsoft;No OAuth grants","","","0"
"Microsoft Teams Services","cc15fd57-2c6c-4117-a88c-83b1d56b4bbe","pass","True","False","False","False","Microsoft Services","teams.cloud.microsoft","False","False","Microsoft Corporation","5206095","f8cdef31-a31e-4b4a-93e4-5f571e91255a","True","True","True","False","False",,"Application","https://teams.cloud.microsoft;https://middletier.dod.teams.microsoft.us;https://teams.microsoft.com/;https://api.gcc.teams.microsoft.com;https://api.spaces.skype.com;https://teams.microsoft.com;https://api.spaces.skype.com/;cc15fd57-2c6c-4117-a88c-83b1d56b4bbe;https://middletier.gov.teams.microsoft.us","True","False","",,"OpenID Connect","False","Microsoft;No OAuth grants","","","0"
"Teams CMD Services Webinars","00edd498-7c0c-4e68-859c-5a55d518c9c0","pass","True","False","False","False","Microsoft Services",,"False","False",,,"f8cdef31-a31e-4b4a-93e4-5f571e91255a","True","True","False","False","False",,"Application","00edd498-7c0c-4e68-859c-5a55d518c9c0","False","False","",,"Disabled","False","Microsoft;No OAuth grants","","","0"
"Contoso Tech Support Pro (Microsoft Copilot Studio)","fa49a89c-5e48-4c7a-a1cc-aeeac62cc288","pass","False","False","False","False",,,"False","False",,,,"False","False","False","False","False",,"ServiceIdentity","fa49a89c-5e48-4c7a-a1cc-aeeac62cc288","False","False","",,"Disabled","False","No OAuth grants","","","0"
"Teams Secure Score","7638a109-ee1f-4107-b1ef-38675e07812c","pass","True","False","False","False","Microsoft Services","security.itpro.teams.microsoft.com","True","False",,,"f8cdef31-a31e-4b4a-93e4-5f571e91255a","True","True","False","False","False",,"Application","https://security.itpro.teams.microsoft.com;7638a109-ee1f-4107-b1ef-38675e07812c","True","False","",,"Disabled","False","Microsoft;No OAuth grants","","","0"
"SecurityCopilotAgentIdentity-b5d4df5c-3b66-4aba-9a32-857ab860ce18","fabf277a-f76e-47c2-98c2-dd1307376b94","pass","False","False","False","False",,,"False","False",,,,"False","False","False","False","False",,"ServiceIdentity","fabf277a-f76e-47c2-98c2-dd1307376b94","False","False","",,"Disabled","False","No OAuth grants","","","0"
"M365 Lighthouse Service","d9d5c99e-b0b4-4bad-92cc-5a6eb5421985","pass","True","False","False","False","Microsoft Services",,"False","False",,,"f8cdef31-a31e-4b4a-93e4-5f571e91255a","True","True","False","False","False",,"Application","d9d5c99e-b0b4-4bad-92cc-5a6eb5421985","False","False","",,"Disabled","False","Microsoft;No OAuth grants","","","0"
"CAP NEPTUNE IL Prod","39b598a1-5e44-4fd1-aa3f-9b8da16e20bb","pass","True","False","False","False","Microsoft Services","prod.il.licensing.powerplatform.microsoft.com","True","False","Microsoft Corporation","5206095","f8cdef31-a31e-4b4a-93e4-5f571e91255a","True","True","True","False","False",,"Application","39b598a1-5e44-4fd1-aa3f-9b8da16e20bb;https://prod.il.licensing.powerplatform.microsoft.com/auth","True","False","disableLegacyUserImpersonationClient;disableLegacyUserImpersonationResource;GitCreatedApp",,"Disabled","False","Microsoft;No OAuth grants","","","0"
"Office Delve","94c63fef-13a3-47bc-8074-75af8c65887a","pass","True","False","False","False","Microsoft Services","localhost","False","False","Microsoft Corporation","5206095","f8cdef31-a31e-4b4a-93e4-5f571e91255a","True","True","True","False","False",,"Application","https://localhost/;https://ppe.delve.office.com/;https://msit.delve.office.com/;https://dev.delve.office.com/;https://apc.delve.office.com/;https://nam.delve.office.com/;https://eur.delve.office.com/;https://aus.delve.office.com/;https://can.delve.office.com/;https://gbr.delve.office.com/;https://ind.delve.office.com/;https://jpn.delve.office.com/;https://lam.delve.office.com/;https://delve.office.com/;https://delve.office.de/;https://kor.delve.office.com/;94c63fef-13a3-47bc-8074-75af8c65887a","True","False","",,"OpenID Connect","False","Microsoft;No OAuth grants","","","0"
"Azure Maps Resource Provider","608f6f31-fed0-4f7b-809f-90f6c9b3de78","pass","True","False","False","False","Microsoft Services",,"False","False","Microsoft Corporation","5206095","f8cdef31-a31e-4b4a-93e4-5f571e91255a","True","True","True","False","False",,"Application","608f6f31-fed0-4f7b-809f-90f6c9b3de78","False","False","",,"Disabled","False","Microsoft;No OAuth grants","","","0"
"SharePoint Online Web Client Extensibility Isolated","3bc2296e-aa22-4ed2-9e1e-946d05afa6a2","pass","True","False","False","False","Microsoft Services","securebroker.sharepointonline.com","False","False",,,"f8cdef31-a31e-4b4a-93e4-5f571e91255a","True","True","False","False","False",,"Application","https://securebroker.sharepointonline.com;3bc2296e-aa22-4ed2-9e1e-946d05afa6a2","False","False","disableRequestingTenantedPassthroughTokens;disableAcceptingTenantedPassthroughTokens",,"OpenID Connect","False","Microsoft;No OAuth grants","","","0"
"OfficeClientService","0f698dd4-f011-4d23-a33e-b36416dcb1e6","pass","True","False","False","False","Microsoft Services","officeapps.live.com","True","False",,,"f8cdef31-a31e-4b4a-93e4-5f571e91255a","True","True","False","False","False",,"Application","https://officeapps.live.com;0f698dd4-f011-4d23-a33e-b36416dcb1e6;https://roaming.officeapps.live.com;https://ols.officeapps.live.com;https://office.microsoft.com","True","False","",,"OpenID Connect","False","Microsoft;No OAuth grants","","","0"
"Azure Machine Learning","0736f41a-0425-4b46-bdb5-1563eff02385","pass","True","False","False","False","Microsoft Services","login.azureml.net","False","False",,,"f8cdef31-a31e-4b4a-93e4-5f571e91255a","True","True","False","False","False",,"Application","https://login.azureml.net/response.aspx;0736f41a-0425-4b46-bdb5-1563eff02385","False","False","",,"OpenID Connect","False","Microsoft;No OAuth grants","","","0"
"Emma Car Dealer Assistant (Microsoft Copilot Studio)","1a9d5732-7fb4-4c48-b268-820e3b2abdc8","pass","False","False","True","False","Base-IT Intune.cc",,"False","False",,,"a65f6b72-abef-4f0b-88d6-3256be9a72d1","False","False","False","False","False",,"Application","1a9d5732-7fb4-4c48-b268-820e3b2abdc8","False","False","AgenticApp;AIAgentBuilder;AgentCreatedBy:CopilotStudio;AgenticInstance;power-virtual-agents-530988c6-c582-0043-bb21-8c97a9166227","This application is required to support messaging and authentication for an individual chatbot built with Power Virtual Agents. Power Platform Environment: 'Default-a65f6b72-abef-4f0b-88d6-3256be9a72d1', Bot Id: '530988c6-c582-0043-bb21-8c97a9166227', More information: https://go.microsoft.com/fwlink/?linkid=2096220","Disabled","False","Home Tenant;No OAuth grants","","","0"
"Azure Cost Management XCloud","3184af01-7a88-49e0-8b55-8ecdce0aa950","pass","True","False","False","False","Microsoft Services",,"False","False",,,"f8cdef31-a31e-4b4a-93e4-5f571e91255a","True","True","False","False","False",,"Application","3184af01-7a88-49e0-8b55-8ecdce0aa950","False","False","",,"OpenID Connect","False","Microsoft;No OAuth grants","","","0"
"WahPa (Microsoft Copilot Studio)","7a8513d1-8728-4b38-a950-a243cb3eb234","pass","False","False","True","False","Base-IT Intune.cc",,"False","False",,,"a65f6b72-abef-4f0b-88d6-3256be9a72d1","False","False","False","False","False",,"Application","7a8513d1-8728-4b38-a950-a243cb3eb234","False","False","AIAgentBuilder;AgentCreatedBy:CopilotStudio;AgenticApp;power-virtual-agents-c7379d29-045d-3739-25cb-9d12d7fa3bc2","This application is required to support messaging and authentication for an individual chatbot built with Power Virtual Agents. Power Platform Environment: 'Default-a65f6b72-abef-4f0b-88d6-3256be9a72d1', Bot Id: 'c7379d29-045d-3739-25cb-9d12d7fa3bc2', More information: https://go.microsoft.com/fwlink/?linkid=2096220","Disabled","False","Home Tenant;No OAuth grants","","","0"
"PTSS","9f6c88b7-0272-4581-a75a-ec0340824ed1","pass","True","False","False","False","Microsoft Services",,"False","False","Microsoft Corporation","5206095","f8cdef31-a31e-4b4a-93e4-5f571e91255a","True","True","True","False","False",,"Application","9f6c88b7-0272-4581-a75a-ec0340824ed1","False","False","",,"Disabled","False","Microsoft;No OAuth grants","","","0"
"Azure Traffic Manager and DNS","2cf9eb86-36b5-49dc-86ae-9a63135dfa8c","pass","True","False","False","False","Microsoft Services",,"False","False",,,"f8cdef31-a31e-4b4a-93e4-5f571e91255a","True","True","False","False","False",,"Application","2cf9eb86-36b5-49dc-86ae-9a63135dfa8c","False","False","",,"Disabled","False","Microsoft;No OAuth grants","","","0"
"Microsoft Teams Templates Service","b55b276d-2b09-4ad2-8de5-f09cf24ffba9","pass","True","False","False","False","Microsoft Services","templates.teams.microsoft.com","True","False",,,"f8cdef31-a31e-4b4a-93e4-5f571e91255a","True","True","False","False","False",,"Application","b55b276d-2b09-4ad2-8de5-f09cf24ffba9;https://templates.teams.microsoft.com","True","False","",,"OpenID Connect","False","Microsoft;No OAuth grants","","","0"
"EOP Admin API Web Service","10214c11-ebd3-44e8-af2f-ebcb8a79c569","pass","True","False","False","False","Microsoft Services",,"False","False",,,"f8cdef31-a31e-4b4a-93e4-5f571e91255a","True","True","False","False","False",,"Application","10214c11-ebd3-44e8-af2f-ebcb8a79c569","False","False","",,"Disabled","False","Microsoft;No OAuth grants","","","0"
"Microsoft.NotificationHubs","3caf7e80-c1dc-4cbc-811c-d281c9d5e45c","pass","True","False","False","False","Microsoft Services","notificationhubs.azure.net","True","False",,,"f8cdef31-a31e-4b4a-93e4-5f571e91255a","True","True","False","False","False",,"Application","3caf7e80-c1dc-4cbc-811c-d281c9d5e45c;https://notificationhubs.azure.net","True","False","",,"Disabled","False","Microsoft;No OAuth grants","","","0"
"Azure Machine Learning Authorization App 1","fb9de05a-fecc-4642-b3ca-66b9d4434d4d","pass","True","False","False","False","Microsoft Services",,"False","False",,,"f8cdef31-a31e-4b4a-93e4-5f571e91255a","True","True","False","False","False",,"Application","fb9de05a-fecc-4642-b3ca-66b9d4434d4d","False","False","",,"Disabled","False","Microsoft;No OAuth grants","","","0"
"Agent 2 (Microsoft Copilot Studio)","372a1a44-5828-4d4a-83a8-77bd061aa15c","pass","False","False","True","False","Base-IT Intune.cc",,"False","False",,,"a65f6b72-abef-4f0b-88d6-3256be9a72d1","False","False","False","False","False",,"Application","372a1a44-5828-4d4a-83a8-77bd061aa15c","False","False","AgenticApp;AIAgentBuilder;AgentCreatedBy:CopilotStudio;AgenticInstance;power-virtual-agents-48973612-6abd-46b1-634d-9728c378abeb","This application is required to support messaging and authentication for an individual chatbot built with Power Virtual Agents. Power Platform Environment: '035a17de-c1e1-e6f2-abe2-ee8e69d5c556', Bot Id: '48973612-6abd-46b1-634d-9728c378abeb', More information: https://go.microsoft.com/fwlink/?linkid=2096220","Disabled","False","Home Tenant;No OAuth grants","","","0"
"znsegmentaudithaa7kpdxu4ypc","d3e2a782-5b1c-46b1-9cb7-0ea73f84d676","pass","True","False","False","False",,"identity.azure.net","True","False",,,,"False","False","False","False","False",,"ManagedIdentity","https://identity.azure.net/i/crqXdsdg0akfE5eXWudKZ+xsMZ3gxhYD0Xq5KbXyI=;d3e2a782-5b1c-46b1-9cb7-0ea73f84d676","True","False","",,"Disabled","False","Microsoft;No OAuth grants","","","0"
"Azure ESTS Service","00000001-0000-0000-c000-000000000000","pass","True","False","False","False","Microsoft Services",,"False","False",,,"f8cdef31-a31e-4b4a-93e4-5f571e91255a","True","True","False","False","False",,"Application","00000001-0000-0000-c000-000000000000","False","False","",,"Disabled","False","Microsoft;No OAuth grants","","","0"
"Azure SRE Agent","59f0a04a-b322-4310-adc9-39ac41e9631e","pass","True","False","False","False","Microsoft Services","azurecopilot.io","False","False",,,"f8cdef31-a31e-4b4a-93e4-5f571e91255a","True","True","False","False","False",,"Application","59f0a04a-b322-4310-adc9-39ac41e9631e;https://azurecopilot.io;https://azuresre.dev;https://azuresre.ai","False","False","disableLegacyUserImpersonationClient;disableLegacyUserImpersonationResource;GitCreatedApp",,"OpenID Connect","False","Microsoft;No OAuth grants","","","0"
"frada-ephemgate-ss-func","8594d032-b5a5-4bba-a094-8d56c5e47eb9","pass","True","False","False","False",,"identity.azure.net","True","False",,,,"False","False","False","False","False",,"ManagedIdentity","8594d032-b5a5-4bba-a094-8d56c5e47eb9;https://identity.azure.net/u/7670mSQmozN6ZFnhTCMiwhji5UtUtbZLc5c1t9e0E=","True","False","",,"Disabled","False","Microsoft;No OAuth grants","","","0"
"Microsoft.OfficeModernCalendar","ab27a73e-a3ba-4e43-8360-8bcc717114d8","pass","True","False","False","False","Microsoft Services","wus-hxcalendar.officeapps.live.com","True","False",,,"f8cdef31-a31e-4b4a-93e4-5f571e91255a","True","True","False","False","False",,"Application","https://wus-hxcalendar.officeapps.live.com;https://eus2-hxcalendar.officeapps.live.com;ab27a73e-a3ba-4e43-8360-8bcc717114d8","True","False","",,"Disabled","False","Microsoft;No OAuth grants","","","0"
"IC3 Gateway","39aaf054-81a5-48c7-a4f8-0293012095b9","pass","True","False","False","False","Microsoft Services","ic3.teams.office.com","True","False",,,"f8cdef31-a31e-4b4a-93e4-5f571e91255a","True","True","False","False","False",,"Application","https://ic3.teams.office.com;39aaf054-81a5-48c7-a4f8-0293012095b9","True","False","",,"Disabled","False","Microsoft;No OAuth grants","","","0"
"maven-prod","9b975845-388f-4429-889e-eab1ef63949c","pass","True","False","False","False","Microsoft Services","9b975845-388f-4429-889e-eab1ef63949c","False","False",,,"f8cdef31-a31e-4b4a-93e4-5f571e91255a","True","True","False","False","False",,"Application","9b975845-388f-4429-889e-eab1ef63949c;api://9b975845-388f-4429-889e-eab1ef63949c","False","False","disableLegacyUserImpersonationClient;disableLegacyUserImpersonationResource",,"Disabled","False","Microsoft;No OAuth grants","","","0"
"AADPasswordProtectionProxy","dda27c27-f274-469f-8005-cce10f270009","pass","True","False","False","False","Microsoft Services",,"False","False",,,"f8cdef31-a31e-4b4a-93e4-5f571e91255a","True","True","False","False","False",,"Application","dda27c27-f274-469f-8005-cce10f270009","False","False","",,"Disabled","False","Microsoft;No OAuth grants","","","0"
"checkmk-test-windows","497bf8f0-64b9-40b9-b459-a969a92b49df","pass","True","False","False","False",,"identity.azure.net","True","False",,,,"False","False","False","False","False",,"ManagedIdentity","497bf8f0-64b9-40b9-b459-a969a92b49df;https://identity.azure.net/zG24492WmneLm+Pfxwb/UYK/5e0XcGzJI9vOUMZOgwE=","True","False","",,"Disabled","False","Microsoft;No OAuth grants","","","0"
"Microsoft.MileIQ.Dashboard","f7069a8d-9edc-4300-b365-ae53c9627fc4","pass","True","False","False","False","Microsoft Services",,"False","False",,,"f8cdef31-a31e-4b4a-93e4-5f571e91255a","True","True","False","False","False",,"Application","f7069a8d-9edc-4300-b365-ae53c9627fc4","False","False","",,"OpenID Connect","False","Microsoft;No OAuth grants","","","0"
"Intune MonoDeviceService ConfidentialClient","b8566c1c-2b37-4f6b-97ad-9aaf1fc20560","pass","True","False","False","False","Microsoft Services",,"False","False",,,"f8cdef31-a31e-4b4a-93e4-5f571e91255a","True","True","False","False","False",,"Application","b8566c1c-2b37-4f6b-97ad-9aaf1fc20560","False","False","disableLegacyUserImpersonationResource;disableLegacyUserImpersonationClient",,"Disabled","False","Microsoft;No OAuth grants","","","0"
"Microsoft Approval Management","65d91a3d-ab74-42e6-8a2f-0add61688c74","pass","True","False","False","False","Microsoft Services","approvalmanagement.activedirectory.windowsazure.com","False","False",,,"f8cdef31-a31e-4b4a-93e4-5f571e91255a","True","True","False","False","False",,"Application","https://approvalmanagement.activedirectory.windowsazure.com;65d91a3d-ab74-42e6-8a2f-0add61688c74;65d91a3d-ab74-42e6-8a2f-0add61688c74/approvalmanagement.activedirectory.windowsazure.com","True","False","disableAcceptingTenantedPassthroughTokens;disableRequestingTenantedPassthroughTokens",,"OpenID Connect","False","Microsoft;No OAuth grants","","","0"
"Azure Machine Learning Singularity","607ece82-f922-494f-88b8-30effaf12214","pass","True","False","False","False","Microsoft Services",,"False","False","Microsoft Corporation","5206095","f8cdef31-a31e-4b4a-93e4-5f571e91255a","True","True","True","False","False",,"Application","607ece82-f922-494f-88b8-30effaf12214","False","False","",,"Disabled","False","Microsoft;No OAuth grants","","","0"
"baseIT-ISO","19a354e4-a5f5-429d-b448-5f716613251f","pass","False","False","False","False",,,"False","False",,,,"False","False","False","False","False",,,"","False","False","",,"OpenID Connect","True","No Service Principal;staleApps","","","0"
"VeeamAzureAppebb2bd6b-c742-4aa0-8bdd-48a916fc3a0c","15bda7be-821c-4a7c-a1ba-c4ca8630ed80","pass","False","False","False","False",,,"False","False",,,,"False","False","False","False","False",,,"","False","False","",,"Disabled","False","No Service Principal","","","0"
"base-IT-Information-Hub","6c71767f-7a01-43bd-9906-dd47b7216b08","pass","False","False","False","False",,,"False","False",,,,"False","False","False","False","False",,,"","False","False","",,"OpenID Connect","True","No Service Principal;staleApps","","","0"
"Intune Registry Builder (a65f6b72-abef-4f0b-88d6-3256be9a72d1)","76376df0-6d82-4cb9-a36e-ab1d048220d8","pass","False","False","False","False",,,"False","False",,,,"False","False","False","False","False",,,"","False","False","",,"Disabled","True","No Service Principal;staleApps","","","0"
"Intune Registry Builder (a65f6b72-abef-4f0b-88d6-3256be9a72d1)","624c743d-687f-4018-a164-f6fed9e40f65","pass","False","False","False","False",,,"False","False",,,,"False","False","False","False","False",,,"","False","False","",,"Disabled","True","No Service Principal;staleApps","","","0"
"Windows Virtual Desktop Svc Principal","8415afa3-0a70-4874-b97a-ef88d1f4db17","pass","False","False","False","False",,,"False","False",,,,"False","False","False","False","False",,,"","False","False","",,"Disabled","True","No Service Principal;staleApps","","","0"
"baseITISO","c3512a9a-e81d-4af3-945c-968b3feb35b2","pass","False","False","False","False",,,"False","False",,,,"False","False","False","False","False",,,"","False","False","",,"OpenID Connect","True","No Service Principal;staleApps","","","0"
"Azure Sentinel Content Deployment App (1416e842-72e5-46c1-8663-38ecb852f515)","85dacec6-9123-4730-8400-050be6f9b026","pass","False","False","False","False",,,"False","False",,,,"False","False","False","False","False",,,"","False","False","",,"Disabled","True","No Service Principal;staleApps","","","0"
"base-IT-Information-Hub","6c79e384-a314-4968-ac9e-f92bd2db9346","pass","False","False","False","False",,,"False","False",,,,"False","False","False","False","False",,,"","False","False","",,"OpenID Connect","True","No Service Principal;staleApps","","","0"
"hubda-test","63500b85-b252-4cb2-a844-73098a01d30d","pass","False","False","False","False",,,"False","False",,,,"False","False","False","False","False",,,"","False","False","",,"Disabled","True","No Service Principal;staleApps","","","0"
"SentinelHoneyToken","c7941dac-838f-4b42-9dea-50d7b6f02557","pass","False","False","False","False",,,"False","False",,,,"False","False","False","False","False",,,"","False","False","",,"OpenID Connect","True","No Service Principal;staleApps","","","0"
"VeeamAzureApp0ec510ff-4c16-4158-9e31-cb359e2fc236","a54676ca-4da1-4c3b-acea-f668cdfa48b8","pass","False","False","False","False",,,"False","False",,,,"False","False","False","False","False",,,"","False","False","",,"Disabled","False","No Service Principal","","","0"
"VeeamAzureApp8aa144a4-cc87-467f-8ad5-f99dd102e6e2","5d2259cd-3573-498b-869a-d74c6d648e11","pass","False","False","False","False",,,"False","False",,,,"False","False","False","False","False",,,"","False","False","",,"Disabled","False","No Service Principal","","","0"
